transaction_id,account_id,transaction_date,transaction_type,amount
T00000001,,2025-11-23,DEPOSIT,449000.0
T00000002,,2026-03-04,DEPOSIT,754000.0
T00000003,,2025-01-05,WITHDRAWAL,28000.0
T00000004,,2026-05-27,DEPOSIT,467000.0
T00000005,,2025-01-10,DEPOSIT,2916000.0
T00000006,,2025-10-10,WITHDRAWAL,3710000.0
T00000007,,2025-11-07,DEPOSIT,1113000.0
T00000008,,2025-02-16,WITHDRAWAL,3070000.0
T00000009,A9990008,2025-04-12,DEPOSIT,4736000.0
T00000010,A9990009,2026-05-30,DEPOSIT,3719000.0
T00000011,A9990010,2025-01-08,WITHDRAWAL,3014000.0
T00000012,A9990011,2026-02-03,WITHDRAWAL,2491000.0
T00000013,A9990012,2026-02-06,WITHDRAWAL,3017000.0
T00000014,A9990013,2025-07-10,DEPOSIT,151000.0
T00000015,A9990014,2026-02-13,DEPOSIT,766000.0
T00000016,A9990015,2025-06-27,TRANSFER,4555000.0
T00000017,A9990016,2025-09-09,DEPOSIT,3399000.0
T00000018,A9990017,2026-06-02,WITHDRAWAL,4852000.0
T00000019,A0000378,29/05/2026,WITHDRAWAL,3153000.0
T00000020,A0000076,28/07/2025,TRANSFER,1257000.0
T00000021,A0000262,11/01/2026,DEPOSIT,4501000.0
T00000022,A0000188,11/02/2025,TRANSFER,3710000.0
T00000023,A0000460,28/06/2025,TRANSFER,1732000.0
T00000024,A0001504,17/07/2026,TRANSFER,4845000.0
T00000025,A0000519,11/03/2025,DEPOSIT,186000.0
T00000026,A0001481,18/08/2026,TRANSFER,987000.0
T00000027,A0001174,08/03/2026,DEPOSIT,1981000.0
T00000028,A0000330,02/04/2025,WITHDRAWAL,384000.0
T00000029,A0001065,10/04/2025,DEPOSIT,1177000.0
T00000030,A0000927,22/08/2025,DEPOSIT,4616000.0
T00000031,A0001071,2026-03-31,WITHDRAWAL,
T00000032,A0000387,2025-10-01,WITHDRAWAL,
T00000033,A0000289,2025-07-08,DEPOSIT,
T00000034,A0000508,2025-07-17,WITHDRAWAL,
T00000035,A0000587,2026-04-13,TRANSFER,
T00000036,A0001007,2026-07-22,DEPOSIT,
T00000037,A0000383,2026-06-16,DEPOSIT,
T00000038,A0000198,2026-03-10,TRANSFER,
T00000039,A0000865,2025-03-07,TRANSFER,-1739000.0
T00000040,A0000455,2026-02-01,WITHDRAWAL,-797000.0
T00000041,A0000214,2026-05-13,DEPOSIT,-2570000.0
T00000042,A0001195,2026-03-06,DEPOSIT,-3882000.0
T00000043,A0000121,2025-04-06,TRANSFER,-1205000.0
T00000044,A0000643,2026-06-22,TRANSFER,-2526000.0
T00000045,A0000089,2025-05-05,WITHDRAWAL,-201000.0
T00000046,A0000796,2025-09-19,TRANSFER,-1007000.0
T00000047,A0000830,2026-08-13,DEPOSIT,-4935000.0
T00000048,A0001702,2025-06-06,WITHDRAWAL,-3920000.0
T00000049,A0001091,2025-10-06,UNKNOWN,3335000.0
T00000050,A0000818,2026-07-22,UNKNOWN,1440000.0
T00000051,A0001778,2025-08-07,UNKNOWN,1380000.0
T00000052,A0000699,2025-12-18,UNKNOWN,2440000.0
T00000053,A0000179,2026-02-08,UNKNOWN,2856000.0
T00000054,A0000833,2025-08-02,UNKNOWN,2492000.0
T00000055,A0000952,2025-07-20,UNKNOWN,4952000.0
T00000056,A0000132,2026-03-23,UNKNOWN,4294000.0
T00000057,A0000061,2025-01-15,UNKNOWN,1868000.0
T00000058,A0001297,2026-07-29,UNKNOWN,1811000.0
T00000059,A0001537,2026-08-20, TRANSFER ,485000.0
T00000060,A0001320,2026-03-01, TRANSFER ,2473000.0
T00000061,A0000224,2026-08-27, TRANSFER ,863000.0
T00000062,A0001763,2026-05-30, DEPOSIT ,4857000.0
T00000063,A0000147,2025-05-03, DEPOSIT ,3186000.0
T00000064,A0001252,2026-04-14,DEPOSIT,4755000.0
T00000065,A0000152,2026-08-08,WITHDRAWAL,597000.0
T00000066,A0000003,2025-08-23,WITHDRAWAL,2216000.0
T00000067,A0000341,2025-05-04,TRANSFER,292000.0
T00000068,A0001277,2025-02-06,WITHDRAWAL,232000.0
T00000069,A0001302,2026-06-15,WITHDRAWAL,4152000.0
T00000070,A0001610,2026-04-27,WITHDRAWAL,1254000.0
T00000071,A0001521,2025-06-05,WITHDRAWAL,2017000.0
T00000072,A0000063,2025-03-12,TRANSFER,357000.0
T00000073,A0000034,2026-06-03,TRANSFER,2261000.0
T00000074,A0000863,2026-01-10,DEPOSIT,4021000.0
T00000075,A0000054,2026-05-08,WITHDRAWAL,1030000.0
T00000076,A0001052,2025-03-02,WITHDRAWAL,1645000.0
T00000077,A0001661,2026-01-23,DEPOSIT,3524000.0
T00000078,A0000270,2025-10-28,WITHDRAWAL,4631000.0
T00000079,A0001530,2025-03-18,DEPOSIT,2362000.0
T00000080,A0000858,2025-10-21,DEPOSIT,2714000.0
T00000081,A0000456,2025-04-15,TRANSFER,2853000.0
T00000082,A0001608,2026-03-02,WITHDRAWAL,880000.0
T00000083,A0000678,2025-02-06,WITHDRAWAL,1028000.0
T00000084,A0001135,2026-02-24,DEPOSIT,2418000.0
T00000085,A0000811,2025-08-15,TRANSFER,530000.0
T00000086,A0000980,2025-03-04,TRANSFER,711000.0
T00000087,A0000740,2025-02-06,WITHDRAWAL,867000.0
T00000088,A0000503,2026-06-11,DEPOSIT,4945000.0
T00000089,A0000857,2025-07-29,TRANSFER,3737000.0
T00000090,A0001472,2026-05-03,TRANSFER,1818000.0
T00000091,A0001190,2026-02-18,TRANSFER,2223000.0
T00000092,A0001695,2025-07-13,DEPOSIT,1021000.0
T00000093,A0000773,2025-06-09,WITHDRAWAL,25000.0
T00000094,A0001639,2026-01-10,TRANSFER,3746000.0
T00000095,A0000886,2026-08-02,TRANSFER,3641000.0
T00000096,A0000896,2025-08-02,DEPOSIT,2353000.0
T00000097,A0001426,2026-05-22,TRANSFER,205000.0
T00000098,A0001366,2025-08-30,DEPOSIT,1508000.0
T00000099,A0000469,2025-11-18,TRANSFER,4235000.0
T00000100,A0000293,2025-01-18,TRANSFER,3881000.0
T00000101,A0001082,2025-05-09,TRANSFER,4130000.0
T00000102,A0000583,2026-03-02,TRANSFER,4139000.0
T00000103,A0000219,2025-09-13,DEPOSIT,3285000.0
T00000104,A0000377,2025-10-31,DEPOSIT,4195000.0
T00000105,A0000419,2025-11-11,WITHDRAWAL,535000.0
T00000106,A0000452,2025-11-14,WITHDRAWAL,3270000.0
T00000107,A0000627,2025-11-10,WITHDRAWAL,218000.0
T00000108,A0001198,2026-03-19,WITHDRAWAL,2155000.0
T00000109,A0001208,2026-07-04,WITHDRAWAL,3048000.0
T00000110,A0001571,2026-02-16,WITHDRAWAL,3202000.0
T00000111,A0000126,2025-01-30,WITHDRAWAL,3815000.0
T00000112,A0001428,2026-08-16,TRANSFER,486000.0
T00000113,A0000989,2026-08-04,TRANSFER,321000.0
T00000114,A0001244,2026-05-02,TRANSFER,3631000.0
T00000115,A0000353,2025-02-13,WITHDRAWAL,1809000.0
T00000116,A0001599,2025-07-09,TRANSFER,567000.0
T00000117,A0000862,2026-06-13,WITHDRAWAL,2377000.0
T00000118,A0000443,2025-10-05,DEPOSIT,1367000.0
T00000119,A0000910,2025-05-09,WITHDRAWAL,3929000.0
T00000120,A0000585,2025-03-08,WITHDRAWAL,1590000.0
T00000121,A0000285,2025-07-10,DEPOSIT,1269000.0
T00000122,A0001176,2026-07-30,TRANSFER,4206000.0
T00000123,A0001367,2025-01-01,TRANSFER,343000.0
T00000124,A0001665,2025-01-26,WITHDRAWAL,4931000.0
T00000125,A0001284,2026-02-25,DEPOSIT,3590000.0
T00000126,A0000223,2026-03-10,WITHDRAWAL,3542000.0
T00000127,A0000895,2025-09-29,TRANSFER,2254000.0
T00000128,A0000116,2025-11-29,DEPOSIT,2635000.0
T00000129,A0001311,2025-03-25,WITHDRAWAL,339000.0
T00000130,A0000381,2025-03-25,TRANSFER,1882000.0
T00000131,A0001310,2025-08-08,WITHDRAWAL,2764000.0
T00000132,A0001515,2025-08-10,DEPOSIT,4906000.0
T00000133,A0001615,2025-02-14,DEPOSIT,2024000.0
T00000134,A0001672,2025-01-03,TRANSFER,2691000.0
T00000135,A0001578,2025-08-19,TRANSFER,4773000.0
T00000136,A0000219,2025-11-13,TRANSFER,314000.0
T00000137,A0000095,2025-02-07,TRANSFER,935000.0
T00000138,A0001624,2025-01-25,DEPOSIT,4035000.0
T00000139,A0000549,2025-09-13,WITHDRAWAL,4758000.0
T00000140,A0000930,2025-03-13,DEPOSIT,4262000.0
T00000141,A0001380,2026-01-14,TRANSFER,2572000.0
T00000142,A0001153,2025-12-04,WITHDRAWAL,504000.0
T00000143,A0001758,2026-01-14,TRANSFER,855000.0
T00000144,A0000931,2025-11-02,TRANSFER,774000.0
T00000145,A0001454,2026-05-15,WITHDRAWAL,471000.0
T00000146,A0000668,2026-07-31,WITHDRAWAL,2649000.0
T00000147,A0001393,2025-06-01,WITHDRAWAL,4162000.0
T00000148,A0001183,2025-07-15,WITHDRAWAL,2819000.0
T00000149,A0000698,2025-12-20,DEPOSIT,1138000.0
T00000150,A0000274,2025-03-15,WITHDRAWAL,2688000.0
T00000151,A0001500,2026-07-13,TRANSFER,4154000.0
T00000152,A0001028,2026-01-07,WITHDRAWAL,4219000.0
T00000153,A0001139,2025-06-24,DEPOSIT,509000.0
T00000154,A0001392,2025-03-06,TRANSFER,3730000.0
T00000155,A0001279,2026-04-03,TRANSFER,3725000.0
T00000156,A0000344,2025-03-01,DEPOSIT,790000.0
T00000157,A0000590,2026-03-27,TRANSFER,964000.0
T00000158,A0001035,2026-04-29,TRANSFER,706000.0
T00000159,A0000585,2026-01-02,DEPOSIT,1735000.0
T00000160,A0001762,2025-03-01,WITHDRAWAL,1328000.0
T00000161,A0000743,2025-10-12,TRANSFER,2264000.0
T00000162,A0000032,2025-05-17,WITHDRAWAL,91000.0
T00000163,A0000568,2026-03-22,WITHDRAWAL,475000.0
T00000164,A0000695,2026-05-13,TRANSFER,4038000.0
T00000165,A0001105,2025-02-19,DEPOSIT,2456000.0
T00000166,A0000969,2025-11-03,DEPOSIT,2773000.0
T00000167,A0000497,2025-11-03,TRANSFER,1631000.0
T00000168,A0001796,2026-05-05,WITHDRAWAL,954000.0
T00000169,A0000039,2025-11-12,TRANSFER,3551000.0
T00000170,A0000481,2025-04-03,DEPOSIT,4134000.0
T00000171,A0001166,2025-08-25,DEPOSIT,95000.0
T00000172,A0000818,2025-04-29,DEPOSIT,3753000.0
T00000173,A0000870,2026-04-12,DEPOSIT,4301000.0
T00000174,A0001188,2026-01-18,WITHDRAWAL,1465000.0
T00000175,A0000736,2025-02-25,TRANSFER,4875000.0
T00000176,A0000458,2025-10-17,WITHDRAWAL,1834000.0
T00000177,A0000892,2025-10-29,TRANSFER,1005000.0
T00000178,A0000798,2025-03-27,WITHDRAWAL,3613000.0
T00000179,A0001787,2026-05-01,TRANSFER,31000.0
T00000180,A0000277,2025-11-02,TRANSFER,2121000.0
T00000181,A0000184,2025-04-17,WITHDRAWAL,2942000.0
T00000182,A0001486,2025-12-19,DEPOSIT,4672000.0
T00000183,A0000742,2026-07-24,TRANSFER,2876000.0
T00000184,A0000572,2025-11-28,DEPOSIT,3374000.0
T00000185,A0000714,2025-11-08,TRANSFER,2718000.0
T00000186,A0001206,2025-10-01,WITHDRAWAL,475000.0
T00000187,A0001504,2026-05-27,WITHDRAWAL,4843000.0
T00000188,A0000568,2025-03-30,DEPOSIT,1160000.0
T00000189,A0001267,2025-11-30,DEPOSIT,2220000.0
T00000190,A0000289,2025-08-05,TRANSFER,4980000.0
T00000191,A0000295,2026-04-07,WITHDRAWAL,4111000.0
T00000192,A0000861,2025-03-18,WITHDRAWAL,2530000.0
T00000193,A0000735,2026-02-17,TRANSFER,1030000.0
T00000194,A0000947,2025-01-15,DEPOSIT,4277000.0
T00000195,A0000140,2026-08-15,DEPOSIT,3371000.0
T00000196,A0000523,2025-05-12,WITHDRAWAL,3995000.0
T00000197,A0000077,2026-01-24,TRANSFER,1531000.0
T00000198,A0000489,2025-10-15,TRANSFER,2318000.0
T00000199,A0001371,2025-07-14,DEPOSIT,1523000.0
T00000200,A0001134,2026-07-29,DEPOSIT,3242000.0
T00000201,A0001179,2025-04-06,TRANSFER,4021000.0
T00000202,A0000109,2025-06-19,DEPOSIT,3068000.0
T00000203,A0000327,2025-01-27,WITHDRAWAL,687000.0
T00000204,A0001127,2026-05-26,DEPOSIT,132000.0
T00000205,A0000390,2025-10-30,TRANSFER,4607000.0
T00000206,A0001171,2026-05-01,WITHDRAWAL,1946000.0
T00000207,A0001370,2026-04-25,DEPOSIT,1986000.0
T00000208,A0000743,2025-02-19,WITHDRAWAL,1079000.0
T00000209,A0000834,2026-04-24,WITHDRAWAL,2771000.0
T00000210,A0000450,2025-09-01,WITHDRAWAL,562000.0
T00000211,A0001733,2026-02-01,TRANSFER,4405000.0
T00000212,A0001787,2026-03-23,TRANSFER,2260000.0
T00000213,A0000644,2026-03-11,DEPOSIT,3673000.0
T00000214,A0001048,2025-01-15,TRANSFER,1468000.0
T00000215,A0001205,2025-11-01,WITHDRAWAL,4449000.0
T00000216,A0000790,2025-11-28,WITHDRAWAL,3281000.0
T00000217,A0000155,2026-07-17,WITHDRAWAL,3970000.0
T00000218,A0000394,2025-03-14,WITHDRAWAL,1877000.0
T00000219,A0000085,2026-08-16,DEPOSIT,1370000.0
T00000220,A0000573,2025-06-09,TRANSFER,300000.0
T00000221,A0000283,2025-05-02,WITHDRAWAL,3425000.0
T00000222,A0000533,2025-05-04,TRANSFER,1411000.0
T00000223,A0000652,2025-11-19,WITHDRAWAL,760000.0
T00000224,A0001789,2025-12-25,TRANSFER,3546000.0
T00000225,A0000846,2025-12-12,TRANSFER,2219000.0
T00000226,A0001609,2026-04-18,DEPOSIT,2480000.0
T00000227,A0000008,2025-06-30,TRANSFER,197000.0
T00000228,A0001451,2026-08-19,DEPOSIT,3711000.0
T00000229,A0000321,2025-11-17,TRANSFER,3722000.0
T00000230,A0000947,2025-04-16,TRANSFER,2445000.0
T00000231,A0001713,2025-01-09,WITHDRAWAL,4681000.0
T00000232,A0000714,2026-06-04,TRANSFER,388000.0
T00000233,A0001372,2025-03-11,DEPOSIT,978000.0
T00000234,A0000329,2026-05-05,DEPOSIT,734000.0
T00000235,A0001693,2025-08-09,TRANSFER,2608000.0
T00000236,A0001678,2025-02-15,TRANSFER,3118000.0
T00000237,A0000803,2026-04-21,WITHDRAWAL,3336000.0
T00000238,A0001663,2025-11-20,WITHDRAWAL,1291000.0
T00000239,A0001015,2026-08-06,WITHDRAWAL,3076000.0
T00000240,A0000701,2026-02-19,WITHDRAWAL,286000.0
T00000241,A0001408,2025-08-27,DEPOSIT,2576000.0
T00000242,A0001524,2025-08-21,DEPOSIT,836000.0
T00000243,A0001566,2025-09-22,WITHDRAWAL,776000.0
T00000244,A0000879,2026-04-14,TRANSFER,1734000.0
T00000245,A0000538,2026-02-11,WITHDRAWAL,3801000.0
T00000246,A0000670,2025-03-13,TRANSFER,1459000.0
T00000247,A0001533,2025-09-12,DEPOSIT,2499000.0
T00000248,A0001737,2026-01-04,DEPOSIT,4246000.0
T00000249,A0001491,2026-02-03,DEPOSIT,3755000.0
T00000250,A0000001,2026-08-06,TRANSFER,2584000.0
T00000251,A0001133,2025-03-18,TRANSFER,1376000.0
T00000252,A0000460,2025-06-03,DEPOSIT,3260000.0
T00000253,A0001184,2025-05-04,TRANSFER,2719000.0
T00000254,A0000597,2026-06-16,DEPOSIT,1481000.0
T00000255,A0000316,2026-07-02,DEPOSIT,1886000.0
T00000256,A0001663,2026-04-24,TRANSFER,167000.0
T00000257,A0000980,2026-02-25,WITHDRAWAL,31000.0
T00000258,A0000855,2026-05-20,TRANSFER,3751000.0
T00000259,A0001772,2026-03-24,TRANSFER,3381000.0
T00000260,A0000383,2026-08-08,DEPOSIT,4473000.0
T00000261,A0000613,2026-05-15,TRANSFER,424000.0
T00000262,A0000505,2025-05-26,TRANSFER,4943000.0
T00000263,A0001383,2025-06-04,TRANSFER,1028000.0
T00000264,A0001235,2026-01-08,DEPOSIT,1533000.0
T00000265,A0001428,2025-07-30,WITHDRAWAL,4196000.0
T00000266,A0001415,2025-03-07,TRANSFER,986000.0
T00000267,A0000384,2025-04-17,DEPOSIT,1270000.0
T00000268,A0001177,2026-07-28,DEPOSIT,4712000.0
T00000269,A0000711,2025-12-28,TRANSFER,4764000.0
T00000270,A0001185,2026-07-15,TRANSFER,3090000.0
T00000271,A0001316,2026-08-04,WITHDRAWAL,869000.0
T00000272,A0000838,2026-04-22,DEPOSIT,1531000.0
T00000273,A0001726,2026-01-27,TRANSFER,2106000.0
T00000274,A0001165,2025-06-09,WITHDRAWAL,2713000.0
T00000275,A0001386,2025-11-09,WITHDRAWAL,4806000.0
T00000276,A0000036,2025-08-19,DEPOSIT,376000.0
T00000277,A0001054,2025-05-10,TRANSFER,3293000.0
T00000278,A0001617,2026-07-25,TRANSFER,2131000.0
T00000279,A0001421,2025-07-28,TRANSFER,3413000.0
T00000280,A0000144,2025-01-15,TRANSFER,4183000.0
T00000281,A0001522,2025-07-12,WITHDRAWAL,1140000.0
T00000282,A0000204,2026-08-30,TRANSFER,4882000.0
T00000283,A0001673,2025-02-09,TRANSFER,1862000.0
T00000284,A0001009,2025-08-11,TRANSFER,3890000.0
T00000285,A0001536,2026-01-31,TRANSFER,3075000.0
T00000286,A0001698,2025-11-13,DEPOSIT,3037000.0
T00000287,A0001129,2026-05-28,TRANSFER,4594000.0
T00000288,A0000962,2026-04-24,DEPOSIT,1110000.0
T00000289,A0000920,2026-08-24,WITHDRAWAL,4022000.0
T00000290,A0000755,2026-06-11,DEPOSIT,274000.0
T00000291,A0001465,2025-02-20,DEPOSIT,4490000.0
T00000292,A0001752,2026-04-16,TRANSFER,1006000.0
T00000293,A0001744,2026-08-20,WITHDRAWAL,4157000.0
T00000294,A0000799,2026-03-28,DEPOSIT,3064000.0
T00000295,A0000411,2025-11-26,DEPOSIT,1364000.0
T00000296,A0000524,2026-07-04,DEPOSIT,4511000.0
T00000297,A0001159,2025-12-15,WITHDRAWAL,2285000.0
T00000298,A0001415,2025-07-26,WITHDRAWAL,3496000.0
T00000299,A0001128,2025-09-24,DEPOSIT,2042000.0
T00000300,A0000148,2025-02-14,TRANSFER,3612000.0
T00000301,A0001295,2025-07-29,WITHDRAWAL,4565000.0
T00000302,A0000893,2026-03-06,WITHDRAWAL,848000.0
T00000303,A0001199,2025-03-09,TRANSFER,3090000.0
T00000304,A0000630,2025-11-12,WITHDRAWAL,500000.0
T00000305,A0001045,2026-05-01,TRANSFER,4979000.0
T00000306,A0000274,2026-07-11,TRANSFER,4344000.0
T00000307,A0001745,2025-06-19,DEPOSIT,471000.0
T00000308,A0001724,2025-10-15,TRANSFER,3912000.0
T00000309,A0000964,2025-06-22,TRANSFER,2908000.0
T00000310,A0001466,2026-01-26,TRANSFER,2732000.0
T00000311,A0001085,2026-01-17,WITHDRAWAL,4788000.0
T00000312,A0000352,2026-07-25,DEPOSIT,1965000.0
T00000313,A0000203,2025-06-21,WITHDRAWAL,109000.0
T00000314,A0001644,2025-12-12,TRANSFER,1356000.0
T00000315,A0001161,2026-06-26,TRANSFER,2120000.0
T00000316,A0000939,2026-02-08,WITHDRAWAL,195000.0
T00000317,A0000788,2025-05-18,DEPOSIT,1031000.0
T00000318,A0000410,2025-06-07,TRANSFER,3486000.0
T00000319,A0001669,2026-06-17,DEPOSIT,22000.0
T00000320,A0000478,2025-05-25,DEPOSIT,716000.0
T00000321,A0000163,2025-09-21,WITHDRAWAL,3912000.0
T00000322,A0000714,2025-04-20,WITHDRAWAL,1722000.0
T00000323,A0000844,2025-01-06,DEPOSIT,865000.0
T00000324,A0001309,2025-04-12,TRANSFER,3186000.0
T00000325,A0000790,2025-06-22,DEPOSIT,3536000.0
T00000326,A0001764,2026-07-10,TRANSFER,850000.0
T00000327,A0000486,2026-06-19,DEPOSIT,453000.0
T00000328,A0001161,2025-11-07,DEPOSIT,1396000.0
T00000329,A0000075,2025-01-24,DEPOSIT,1009000.0
T00000330,A0001219,2026-03-04,DEPOSIT,451000.0
T00000331,A0000374,2025-09-28,WITHDRAWAL,152000.0
T00000332,A0001710,2026-05-27,WITHDRAWAL,4901000.0
T00000333,A0001609,2025-09-20,DEPOSIT,1490000.0
T00000334,A0001155,2025-11-28,TRANSFER,2043000.0
T00000335,A0001703,2025-11-29,DEPOSIT,1684000.0
T00000336,A0001406,2025-12-15,WITHDRAWAL,3637000.0
T00000337,A0001365,2025-09-28,DEPOSIT,4768000.0
T00000338,A0001091,2026-08-31,DEPOSIT,3893000.0
T00000339,A0000140,2025-11-23,TRANSFER,3840000.0
T00000340,A0001394,2025-12-28,DEPOSIT,2902000.0
T00000341,A0000822,2025-03-18,WITHDRAWAL,2460000.0
T00000342,A0000059,2026-05-20,TRANSFER,2978000.0
T00000343,A0000870,2026-08-30,TRANSFER,1153000.0
T00000344,A0001134,2025-07-25,TRANSFER,855000.0
T00000345,A0001243,2025-01-16,DEPOSIT,4857000.0
T00000346,A0001147,2026-07-24,WITHDRAWAL,2156000.0
T00000347,A0000282,2025-10-06,WITHDRAWAL,2799000.0
T00000348,A0001234,2025-06-29,DEPOSIT,2472000.0
T00000349,A0001635,2026-05-31,TRANSFER,3494000.0
T00000350,A0000315,2025-10-04,WITHDRAWAL,699000.0
T00000351,A0000516,2025-06-27,WITHDRAWAL,276000.0
T00000352,A0000809,2025-04-06,WITHDRAWAL,3773000.0
T00000353,A0001689,2025-01-31,TRANSFER,4032000.0
T00000354,A0001107,2025-04-27,TRANSFER,212000.0
T00000355,A0001544,2025-08-26,TRANSFER,1899000.0
T00000356,A0001027,2025-05-11,DEPOSIT,1235000.0
T00000357,A0001643,2026-07-22,TRANSFER,298000.0
T00000358,A0000506,2025-12-22,DEPOSIT,4718000.0
T00000359,A0001190,2025-01-10,TRANSFER,3816000.0
T00000360,A0000902,2026-01-23,TRANSFER,4561000.0
T00000361,A0000884,2026-06-23,DEPOSIT,392000.0
T00000362,A0000119,2025-01-17,WITHDRAWAL,1164000.0
T00000363,A0000865,2025-02-27,DEPOSIT,3086000.0
T00000364,A0000049,2025-01-30,TRANSFER,3967000.0
T00000365,A0001088,2026-08-09,WITHDRAWAL,1426000.0
T00000366,A0001625,2025-01-13,TRANSFER,2242000.0
T00000367,A0001445,2026-08-26,TRANSFER,2536000.0
T00000368,A0001070,2025-07-31,TRANSFER,1862000.0
T00000369,A0000121,2025-09-27,WITHDRAWAL,3805000.0
T00000370,A0001683,2025-08-05,TRANSFER,1363000.0
T00000371,A0001062,2025-12-06,TRANSFER,2201000.0
T00000372,A0000829,2026-04-30,DEPOSIT,4663000.0
T00000373,A0000108,2026-06-16,WITHDRAWAL,2422000.0
T00000374,A0000707,2026-01-08,TRANSFER,3117000.0
T00000375,A0000500,2025-08-21,TRANSFER,552000.0
T00000376,A0000423,2025-06-21,DEPOSIT,4098000.0
T00000377,A0001748,2026-05-25,WITHDRAWAL,3000000.0
T00000378,A0000574,2026-03-27,DEPOSIT,34000.0
T00000379,A0001328,2026-07-13,TRANSFER,4001000.0
T00000380,A0000773,2026-01-19,WITHDRAWAL,583000.0
T00000381,A0000902,2025-07-06,TRANSFER,3391000.0
T00000382,A0000171,2026-07-02,WITHDRAWAL,56000.0
T00000383,A0001265,2025-04-02,TRANSFER,181000.0
T00000384,A0000134,2026-08-15,DEPOSIT,1460000.0
T00000385,A0000982,2026-05-07,TRANSFER,2309000.0
T00000386,A0000308,2025-12-18,TRANSFER,51000.0
T00000387,A0000224,2025-02-12,TRANSFER,2654000.0
T00000388,A0001698,2026-08-22,WITHDRAWAL,4989000.0
T00000389,A0000903,2025-02-12,DEPOSIT,816000.0
T00000390,A0000253,2026-01-28,DEPOSIT,1830000.0
T00000391,A0000937,2025-09-27,WITHDRAWAL,3182000.0
T00000392,A0001281,2025-11-06,DEPOSIT,1148000.0
T00000393,A0000687,2026-07-23,WITHDRAWAL,2921000.0
T00000394,A0000422,2026-05-17,WITHDRAWAL,2252000.0
T00000395,A0000824,2026-04-30,DEPOSIT,2766000.0
T00000396,A0001450,2026-02-15,WITHDRAWAL,4564000.0
T00000397,A0000430,2026-06-30,TRANSFER,402000.0
T00000398,A0001039,2026-06-25,WITHDRAWAL,4063000.0
T00000399,A0000327,2025-02-02,TRANSFER,2866000.0
T00000400,A0000987,2025-10-18,TRANSFER,4777000.0
T00000401,A0000515,2026-06-22,WITHDRAWAL,136000.0
T00000402,A0001603,2025-06-09,WITHDRAWAL,2301000.0
T00000403,A0000919,2026-08-03,TRANSFER,4403000.0
T00000404,A0000920,2026-02-10,DEPOSIT,3550000.0
T00000405,A0000323,2026-08-07,WITHDRAWAL,876000.0
T00000406,A0000816,2026-06-04,DEPOSIT,1674000.0
T00000407,A0000108,2025-05-03,TRANSFER,102000.0
T00000408,A0000077,2026-05-02,DEPOSIT,261000.0
T00000409,A0000645,2026-01-01,WITHDRAWAL,59000.0
T00000410,A0001607,2025-09-18,TRANSFER,4877000.0
T00000411,A0001168,2026-02-12,TRANSFER,480000.0
T00000412,A0000820,2026-07-03,TRANSFER,4142000.0
T00000413,A0001041,2026-04-06,WITHDRAWAL,3530000.0
T00000414,A0000778,2026-06-18,DEPOSIT,598000.0
T00000415,A0000727,2025-07-21,TRANSFER,2216000.0
T00000416,A0001699,2025-02-08,WITHDRAWAL,4486000.0
T00000417,A0001080,2025-12-05,TRANSFER,1298000.0
T00000418,A0000810,2025-02-27,TRANSFER,2817000.0
T00000419,A0001113,2025-09-11,WITHDRAWAL,626000.0
T00000420,A0000433,2026-01-10,TRANSFER,3423000.0
T00000421,A0000228,2025-05-26,DEPOSIT,2388000.0
T00000422,A0000369,2026-03-31,DEPOSIT,2355000.0
T00000423,A0000021,2025-03-21,TRANSFER,2233000.0
T00000424,A0001077,2025-06-07,WITHDRAWAL,1166000.0
T00000425,A0000115,2025-09-22,WITHDRAWAL,494000.0
T00000426,A0000309,2026-06-23,TRANSFER,1172000.0
T00000427,A0001222,2026-04-08,DEPOSIT,2950000.0
T00000428,A0001418,2025-12-30,WITHDRAWAL,848000.0
T00000429,A0000156,2026-08-06,TRANSFER,2662000.0
T00000430,A0000437,2025-01-17,DEPOSIT,3983000.0
T00000431,A0000759,2026-04-15,TRANSFER,2062000.0
T00000432,A0000298,2026-07-03,TRANSFER,630000.0
T00000433,A0000242,2025-02-16,DEPOSIT,2466000.0
T00000434,A0001439,2026-01-03,WITHDRAWAL,3941000.0
T00000435,A0001029,2026-02-15,TRANSFER,1665000.0
T00000436,A0001557,2026-07-01,TRANSFER,2163000.0
T00000437,A0001268,2025-04-15,WITHDRAWAL,4356000.0
T00000438,A0001542,2026-06-10,DEPOSIT,3662000.0
T00000439,A0000624,2025-07-25,DEPOSIT,3224000.0
T00000440,A0000532,2025-06-22,DEPOSIT,365000.0
T00000441,A0000252,2025-08-23,WITHDRAWAL,825000.0
T00000442,A0001710,2025-10-26,WITHDRAWAL,1717000.0
T00000443,A0000671,2025-04-23,DEPOSIT,4849000.0
T00000444,A0000304,2025-03-10,DEPOSIT,3239000.0
T00000445,A0000354,2025-12-19,TRANSFER,1834000.0
T00000446,A0001689,2026-03-10,TRANSFER,1974000.0
T00000447,A0001402,2025-12-30,DEPOSIT,2143000.0
T00000448,A0000959,2026-08-27,DEPOSIT,3501000.0
T00000449,A0000724,2025-11-23,WITHDRAWAL,2719000.0
T00000450,A0000631,2026-06-02,TRANSFER,3058000.0
T00000451,A0000526,2025-02-11,WITHDRAWAL,3242000.0
T00000452,A0000307,2026-02-21,TRANSFER,1217000.0
T00000453,A0001296,2025-08-29,TRANSFER,3200000.0
T00000454,A0000674,2026-05-06,WITHDRAWAL,4997000.0
T00000455,A0000949,2026-07-17,WITHDRAWAL,3006000.0
T00000456,A0000286,2026-06-18,DEPOSIT,3568000.0
T00000457,A0001435,2026-02-26,DEPOSIT,1099000.0
T00000458,A0000686,2026-04-03,TRANSFER,1106000.0
T00000459,A0000868,2025-03-15,WITHDRAWAL,2523000.0
T00000460,A0000996,2026-06-27,DEPOSIT,2017000.0
T00000461,A0000462,2025-03-02,DEPOSIT,690000.0
T00000462,A0000690,2026-08-05,TRANSFER,3354000.0
T00000463,A0000755,2026-03-14,TRANSFER,1887000.0
T00000464,A0001009,2025-04-24,DEPOSIT,270000.0
T00000465,A0000643,2025-09-26,DEPOSIT,3542000.0
T00000466,A0001180,2025-04-07,WITHDRAWAL,3449000.0
T00000467,A0000653,2026-01-23,TRANSFER,4592000.0
T00000468,A0001724,2025-01-14,TRANSFER,668000.0
T00000469,A0001237,2026-03-12,TRANSFER,2627000.0
T00000470,A0000368,2026-01-28,WITHDRAWAL,565000.0
T00000471,A0000706,2025-08-12,WITHDRAWAL,2386000.0
T00000472,A0001027,2026-08-23,DEPOSIT,2335000.0
T00000473,A0001214,2025-01-20,WITHDRAWAL,3888000.0
T00000474,A0001213,2025-04-18,TRANSFER,1781000.0
T00000475,A0001494,2026-05-29,TRANSFER,2256000.0
T00000476,A0000406,2025-02-24,TRANSFER,2256000.0
T00000477,A0001295,2026-08-01,DEPOSIT,4617000.0
T00000478,A0000074,2026-02-12,TRANSFER,1644000.0
T00000479,A0000350,2026-04-26,TRANSFER,828000.0
T00000480,A0000877,2025-02-11,DEPOSIT,2635000.0
T00000481,A0000166,2025-06-12,WITHDRAWAL,3615000.0
T00000482,A0000181,2026-04-12,TRANSFER,2974000.0
T00000483,A0001538,2026-02-03,DEPOSIT,570000.0
T00000484,A0001315,2026-01-05,WITHDRAWAL,3861000.0
T00000485,A0001562,2026-04-19,DEPOSIT,2955000.0
T00000486,A0000261,2026-07-20,TRANSFER,4229000.0
T00000487,A0000560,2025-03-30,TRANSFER,3351000.0
T00000488,A0001576,2025-05-31,WITHDRAWAL,1621000.0
T00000489,A0000471,2026-01-18,WITHDRAWAL,3585000.0
T00000490,A0000762,2026-07-23,DEPOSIT,967000.0
T00000491,A0001264,2026-04-08,DEPOSIT,2389000.0
T00000492,A0000818,2026-08-03,WITHDRAWAL,302000.0
T00000493,A0001483,2025-01-15,WITHDRAWAL,3563000.0
T00000494,A0000736,2025-03-07,DEPOSIT,2890000.0
T00000495,A0001633,2026-03-20,TRANSFER,694000.0
T00000496,A0001488,2026-06-09,TRANSFER,1421000.0
T00000497,A0000711,2025-06-12,TRANSFER,4188000.0
T00000498,A0001056,2026-01-27,DEPOSIT,4429000.0
T00000499,A0001050,2025-09-19,TRANSFER,1524000.0
T00000500,A0000097,2025-07-24,TRANSFER,2480000.0
T00000501,A0000893,2025-09-28,WITHDRAWAL,1038000.0
T00000502,A0001713,2025-12-20,DEPOSIT,64000.0
T00000503,A0000925,2025-08-05,TRANSFER,4491000.0
T00000504,A0000813,2025-10-31,TRANSFER,1705000.0
T00000505,A0001119,2026-07-18,WITHDRAWAL,4638000.0
T00000506,A0001276,2026-01-05,WITHDRAWAL,2760000.0
T00000507,A0000511,2026-01-14,TRANSFER,2731000.0
T00000508,A0000848,2026-02-17,DEPOSIT,479000.0
T00000509,A0001582,2025-04-02,WITHDRAWAL,2838000.0
T00000510,A0001559,2026-04-15,TRANSFER,2791000.0
T00000511,A0000631,2026-01-13,DEPOSIT,3238000.0
T00000512,A0001411,2025-01-07,TRANSFER,4949000.0
T00000513,A0001769,2025-09-02,TRANSFER,306000.0
T00000514,A0001257,2025-05-23,DEPOSIT,858000.0
T00000515,A0001779,2025-01-08,TRANSFER,4238000.0
T00000516,A0000947,2025-11-22,TRANSFER,4347000.0
T00000517,A0001513,2026-06-05,TRANSFER,2601000.0
T00000518,A0001800,2026-06-03,DEPOSIT,4125000.0
T00000519,A0001487,2026-08-22,TRANSFER,4042000.0
T00000520,A0000376,2025-12-02,WITHDRAWAL,2797000.0
T00000521,A0001498,2025-02-14,WITHDRAWAL,2351000.0
T00000522,A0001179,2025-09-07,WITHDRAWAL,4433000.0
T00000523,A0000888,2025-12-10,TRANSFER,1289000.0
T00000524,A0001460,2025-02-15,WITHDRAWAL,3408000.0
T00000525,A0001798,2026-06-10,DEPOSIT,1211000.0
T00000526,A0001140,2026-08-28,TRANSFER,4259000.0
T00000527,A0001753,2025-03-12,TRANSFER,1147000.0
T00000528,A0001706,2025-06-14,DEPOSIT,2066000.0
T00000529,A0001149,2025-04-22,TRANSFER,4380000.0
T00000530,A0001586,2026-03-03,TRANSFER,4499000.0
T00000531,A0001617,2026-07-14,WITHDRAWAL,3965000.0
T00000532,A0001448,2026-04-03,WITHDRAWAL,343000.0
T00000533,A0001311,2025-12-26,WITHDRAWAL,3736000.0
T00000534,A0001428,2025-04-15,TRANSFER,4779000.0
T00000535,A0001473,2025-05-06,DEPOSIT,2356000.0
T00000536,A0000215,2026-07-11,WITHDRAWAL,4640000.0
T00000537,A0001440,2026-05-03,DEPOSIT,906000.0
T00000538,A0001779,2026-02-02,WITHDRAWAL,461000.0
T00000539,A0000167,2025-11-19,WITHDRAWAL,833000.0
T00000540,A0000314,2025-08-09,TRANSFER,4914000.0
T00000541,A0000121,2026-06-14,TRANSFER,3139000.0
T00000542,A0001111,2026-07-07,TRANSFER,294000.0
T00000543,A0000728,2026-04-20,TRANSFER,4759000.0
T00000544,A0001412,2026-05-29,WITHDRAWAL,3436000.0
T00000545,A0000254,2025-10-17,WITHDRAWAL,1550000.0
T00000546,A0001299,2026-05-08,DEPOSIT,2748000.0
T00000547,A0000083,2025-07-24,WITHDRAWAL,398000.0
T00000548,A0001193,2026-04-29,DEPOSIT,3304000.0
T00000549,A0000823,2025-03-31,WITHDRAWAL,2841000.0
T00000550,A0000644,2026-07-17,DEPOSIT,2046000.0
T00000551,A0000271,2026-03-23,DEPOSIT,3928000.0
T00000552,A0000258,2025-12-06,DEPOSIT,1564000.0
T00000553,A0000493,2025-03-16,DEPOSIT,3600000.0
T00000554,A0000411,2025-06-15,WITHDRAWAL,3023000.0
T00000555,A0000682,2025-08-29,DEPOSIT,4899000.0
T00000556,A0000278,2026-06-20,WITHDRAWAL,3768000.0
T00000557,A0000388,2026-04-03,WITHDRAWAL,3778000.0
T00000558,A0001658,2025-02-22,DEPOSIT,3108000.0
T00000559,A0001414,2026-04-29,WITHDRAWAL,2850000.0
T00000560,A0000623,2026-05-14,WITHDRAWAL,2989000.0
T00000561,A0001559,2026-01-05,TRANSFER,116000.0
T00000562,A0001717,2026-04-21,WITHDRAWAL,4924000.0
T00000563,A0001765,2025-05-15,WITHDRAWAL,2474000.0
T00000564,A0001266,2026-07-18,WITHDRAWAL,1099000.0
T00000565,A0001102,2025-09-04,TRANSFER,957000.0
T00000566,A0001368,2026-05-10,DEPOSIT,3413000.0
T00000567,A0000988,2026-02-04,WITHDRAWAL,4750000.0
T00000568,A0001046,2025-01-27,DEPOSIT,2094000.0
T00000569,A0000059,2025-09-19,TRANSFER,787000.0
T00000570,A0001339,2025-09-30,TRANSFER,807000.0
T00000571,A0000698,2026-07-11,WITHDRAWAL,3996000.0
T00000572,A0000310,2026-06-14,WITHDRAWAL,1854000.0
T00000573,A0000400,2025-12-10,WITHDRAWAL,795000.0
T00000574,A0000600,2025-09-10,TRANSFER,3300000.0
T00000575,A0000354,2026-02-28,WITHDRAWAL,1544000.0
T00000576,A0000403,2026-03-29,WITHDRAWAL,2332000.0
T00000577,A0001693,2026-07-30,WITHDRAWAL,3897000.0
T00000578,A0001067,2026-01-01,TRANSFER,1630000.0
T00000579,A0000235,2025-05-03,TRANSFER,2243000.0
T00000580,A0001403,2025-12-05,DEPOSIT,186000.0
T00000581,A0000244,2026-04-12,TRANSFER,897000.0
T00000582,A0000913,2025-05-21,TRANSFER,96000.0
T00000583,A0000421,2026-05-15,DEPOSIT,4171000.0
T00000584,A0000977,2025-03-27,DEPOSIT,686000.0
T00000585,A0001545,2026-04-06,TRANSFER,3863000.0
T00000586,A0001229,2026-02-21,DEPOSIT,4291000.0
T00000587,A0000794,2026-02-07,TRANSFER,989000.0
T00000588,A0001252,2026-05-03,DEPOSIT,2090000.0
T00000589,A0001293,2025-07-11,DEPOSIT,4256000.0
T00000590,A0001444,2026-02-10,TRANSFER,4484000.0
T00000591,A0000128,2026-04-23,WITHDRAWAL,2569000.0
T00000592,A0001532,2025-08-26,TRANSFER,3137000.0
T00000593,A0000679,2026-05-01,TRANSFER,1978000.0
T00000594,A0000770,2025-03-30,TRANSFER,1591000.0
T00000595,A0001314,2026-05-16,DEPOSIT,4366000.0
T00000596,A0001296,2025-10-22,DEPOSIT,4006000.0
T00000597,A0000070,2025-10-01,TRANSFER,2543000.0
T00000598,A0001042,2025-09-24,DEPOSIT,839000.0
T00000599,A0001642,2025-12-05,TRANSFER,3776000.0
T00000600,A0000160,2025-12-13,WITHDRAWAL,1544000.0
T00000601,A0001219,2025-06-26,TRANSFER,1989000.0
T00000602,A0001493,2025-09-13,DEPOSIT,1390000.0
T00000603,A0000886,2025-07-10,DEPOSIT,1047000.0
T00000604,A0000011,2026-05-25,WITHDRAWAL,3437000.0
T00000605,A0000804,2025-01-08,TRANSFER,3330000.0
T00000606,A0000768,2025-02-21,TRANSFER,4704000.0
T00000607,A0000442,2026-01-02,DEPOSIT,4372000.0
T00000608,A0001772,2025-11-10,TRANSFER,3024000.0
T00000609,A0000026,2025-08-27,WITHDRAWAL,818000.0
T00000610,A0000633,2025-06-23,TRANSFER,4150000.0
T00000611,A0001762,2026-01-12,TRANSFER,2286000.0
T00000612,A0000041,2026-04-09,DEPOSIT,730000.0
T00000613,A0000286,2025-01-30,DEPOSIT,4651000.0
T00000614,A0001322,2025-11-03,DEPOSIT,535000.0
T00000615,A0000136,2026-01-13,TRANSFER,4244000.0
T00000616,A0001151,2026-06-30,DEPOSIT,1305000.0
T00000617,A0001782,2025-02-04,WITHDRAWAL,4328000.0
T00000618,A0001241,2025-02-28,WITHDRAWAL,10000.0
T00000619,A0001230,2025-01-28,TRANSFER,4681000.0
T00000620,A0000220,2025-01-29,TRANSFER,4354000.0
T00000621,A0000454,2026-05-27,DEPOSIT,1241000.0
T00000622,A0001609,2025-03-15,WITHDRAWAL,4968000.0
T00000623,A0000251,2026-04-14,WITHDRAWAL,2016000.0
T00000624,A0000732,2026-03-05,DEPOSIT,2954000.0
T00000625,A0001015,2026-01-25,DEPOSIT,4473000.0
T00000626,A0001552,2025-08-19,DEPOSIT,2320000.0
T00000627,A0001179,2026-06-17,TRANSFER,4172000.0
T00000628,A0000488,2025-11-14,TRANSFER,3155000.0
T00000629,A0000534,2025-09-23,DEPOSIT,2347000.0
T00000630,A0001452,2026-01-21,DEPOSIT,1797000.0
T00000631,A0000067,2025-05-20,WITHDRAWAL,2124000.0
T00000632,A0000603,2025-07-26,WITHDRAWAL,3256000.0
T00000633,A0000028,2025-09-02,TRANSFER,3901000.0
T00000634,A0001068,2026-03-18,TRANSFER,759000.0
T00000635,A0001169,2025-09-26,WITHDRAWAL,3288000.0
T00000636,A0000560,2026-07-23,WITHDRAWAL,4421000.0
T00000637,A0001732,2026-04-21,WITHDRAWAL,1142000.0
T00000638,A0000906,2026-04-25,TRANSFER,4218000.0
T00000639,A0000092,2025-06-21,WITHDRAWAL,621000.0
T00000640,A0001629,2025-03-29,TRANSFER,2815000.0
T00000641,A0001379,2025-01-05,TRANSFER,3491000.0
T00000642,A0000137,2026-07-14,WITHDRAWAL,337000.0
T00000643,A0000674,2025-03-09,WITHDRAWAL,2941000.0
T00000644,A0001266,2025-07-29,DEPOSIT,3788000.0
T00000645,A0000139,2026-04-24,WITHDRAWAL,267000.0
T00000646,A0000983,2025-07-04,TRANSFER,3961000.0
T00000647,A0000707,2025-12-14,TRANSFER,942000.0
T00000648,A0000490,2026-04-17,WITHDRAWAL,1794000.0
T00000649,A0000385,2025-07-23,WITHDRAWAL,1689000.0
T00000650,A0000940,2025-03-09,WITHDRAWAL,2385000.0
T00000651,A0000660,2025-07-31,TRANSFER,3908000.0
T00000652,A0000461,2025-12-20,TRANSFER,2759000.0
T00000653,A0000558,2025-07-05,TRANSFER,4576000.0
T00000654,A0001370,2026-07-17,WITHDRAWAL,4874000.0
T00000655,A0000689,2026-07-07,TRANSFER,84000.0
T00000656,A0001125,2026-05-13,DEPOSIT,577000.0
T00000657,A0000058,2025-02-22,DEPOSIT,1102000.0
T00000658,A0001426,2025-11-21,WITHDRAWAL,1615000.0
T00000659,A0000099,2025-03-15,WITHDRAWAL,4568000.0
T00000660,A0000587,2025-06-05,TRANSFER,3465000.0
T00000661,A0000444,2026-04-23,WITHDRAWAL,1392000.0
T00000662,A0000235,2026-02-13,WITHDRAWAL,1480000.0
T00000663,A0000596,2025-12-18,DEPOSIT,3014000.0
T00000664,A0001626,2025-10-22,WITHDRAWAL,4183000.0
T00000665,A0001204,2025-12-04,WITHDRAWAL,4641000.0
T00000666,A0000623,2025-04-26,DEPOSIT,2544000.0
T00000667,A0000623,2025-05-01,WITHDRAWAL,1960000.0
T00000668,A0001465,2025-03-17,DEPOSIT,4863000.0
T00000669,A0000333,2025-05-29,TRANSFER,3611000.0
T00000670,A0000341,2026-04-15,TRANSFER,747000.0
T00000671,A0000516,2025-08-07,TRANSFER,4469000.0
T00000672,A0001112,2025-11-20,TRANSFER,4508000.0
T00000673,A0000963,2026-01-09,DEPOSIT,3460000.0
T00000674,A0000738,2025-11-26,DEPOSIT,4720000.0
T00000675,A0001172,2025-08-17,TRANSFER,433000.0
T00000676,A0000864,2025-03-04,WITHDRAWAL,4082000.0
T00000677,A0000078,2026-05-16,TRANSFER,4938000.0
T00000678,A0000594,2025-01-17,TRANSFER,1830000.0
T00000679,A0000362,2026-06-29,WITHDRAWAL,2851000.0
T00000680,A0001732,2026-02-12,TRANSFER,3785000.0
T00000681,A0000168,2025-03-11,TRANSFER,1912000.0
T00000682,A0000295,2025-01-21,WITHDRAWAL,2455000.0
T00000683,A0001134,2025-05-25,TRANSFER,3793000.0
T00000684,A0001514,2025-02-26,TRANSFER,4274000.0
T00000685,A0001751,2026-01-12,WITHDRAWAL,355000.0
T00000686,A0001085,2026-06-15,TRANSFER,1594000.0
T00000687,A0000220,2025-11-01,TRANSFER,787000.0
T00000688,A0001697,2025-07-06,WITHDRAWAL,276000.0
T00000689,A0001330,2025-03-15,WITHDRAWAL,3249000.0
T00000690,A0001730,2025-03-18,TRANSFER,2368000.0
T00000691,A0000304,2026-05-10,DEPOSIT,4294000.0
T00000692,A0001313,2026-06-16,DEPOSIT,1801000.0
T00000693,A0000451,2026-05-14,WITHDRAWAL,533000.0
T00000694,A0000160,2026-02-13,TRANSFER,3476000.0
T00000695,A0001060,2025-06-21,DEPOSIT,4808000.0
T00000696,A0001491,2025-12-19,DEPOSIT,976000.0
T00000697,A0000767,2026-08-19,TRANSFER,110000.0
T00000698,A0000646,2026-04-27,WITHDRAWAL,1934000.0
T00000699,A0000846,2026-02-21,TRANSFER,2398000.0
T00000700,A0000928,2026-06-04,DEPOSIT,2892000.0
T00000701,A0000013,2025-08-30,TRANSFER,2227000.0
T00000702,A0000093,2025-06-11,WITHDRAWAL,3290000.0
T00000703,A0000508,2026-03-24,DEPOSIT,2496000.0
T00000704,A0000228,2025-01-21,DEPOSIT,1339000.0
T00000705,A0001293,2026-08-21,TRANSFER,1573000.0
T00000706,A0000785,2025-10-25,WITHDRAWAL,881000.0
T00000707,A0001537,2026-01-09,TRANSFER,525000.0
T00000708,A0000344,2025-09-07,TRANSFER,4653000.0
T00000709,A0001310,2025-07-11,TRANSFER,4106000.0
T00000710,A0000455,2025-04-23,DEPOSIT,2779000.0
T00000711,A0000966,2026-06-02,DEPOSIT,1584000.0
T00000712,A0000127,2026-07-31,WITHDRAWAL,3524000.0
T00000713,A0000370,2025-09-14,WITHDRAWAL,299000.0
T00000714,A0001683,2025-05-11,WITHDRAWAL,3463000.0
T00000715,A0000884,2025-02-14,WITHDRAWAL,2966000.0
T00000716,A0000391,2025-10-14,WITHDRAWAL,982000.0
T00000717,A0001225,2025-02-14,WITHDRAWAL,689000.0
T00000718,A0001797,2026-08-31,WITHDRAWAL,4802000.0
T00000719,A0000459,2025-10-28,TRANSFER,2379000.0
T00000720,A0000417,2025-03-12,DEPOSIT,3712000.0
T00000721,A0001015,2025-10-07,WITHDRAWAL,1215000.0
T00000722,A0000721,2025-03-24,WITHDRAWAL,2531000.0
T00000723,A0000901,2026-08-28,TRANSFER,3783000.0
T00000724,A0000066,2026-06-19,WITHDRAWAL,1225000.0
T00000725,A0000335,2026-01-23,TRANSFER,519000.0
T00000726,A0000593,2025-06-23,DEPOSIT,1822000.0
T00000727,A0001061,2025-08-20,WITHDRAWAL,2073000.0
T00000728,A0001449,2025-06-05,WITHDRAWAL,2884000.0
T00000729,A0000735,2025-01-22,DEPOSIT,3469000.0
T00000730,A0001320,2025-07-15,DEPOSIT,3063000.0
T00000731,A0000471,2026-01-08,WITHDRAWAL,3665000.0
T00000732,A0001170,2025-10-18,WITHDRAWAL,4482000.0
T00000733,A0000507,2026-03-23,DEPOSIT,3072000.0
T00000734,A0000153,2025-03-10,TRANSFER,1772000.0
T00000735,A0000621,2025-05-20,WITHDRAWAL,1244000.0
T00000736,A0001619,2025-01-22,WITHDRAWAL,2601000.0
T00000737,A0000628,2026-05-25,WITHDRAWAL,29000.0
T00000738,A0000459,2025-03-18,DEPOSIT,4793000.0
T00000739,A0000713,2025-07-21,DEPOSIT,1924000.0
T00000740,A0001141,2025-06-25,WITHDRAWAL,1337000.0
T00000741,A0000123,2025-01-04,WITHDRAWAL,3712000.0
T00000742,A0000179,2025-11-19,TRANSFER,2428000.0
T00000743,A0001696,2025-12-18,TRANSFER,2410000.0
T00000744,A0000339,2026-05-30,DEPOSIT,2031000.0
T00000745,A0001775,2025-10-24,WITHDRAWAL,3997000.0
T00000746,A0001330,2025-04-03,DEPOSIT,4891000.0
T00000747,A0001075,2025-10-07,DEPOSIT,1519000.0
T00000748,A0000115,2026-03-27,DEPOSIT,1006000.0
T00000749,A0001634,2026-03-09,WITHDRAWAL,1294000.0
T00000750,A0001619,2025-09-14,DEPOSIT,1591000.0
T00000751,A0001323,2026-02-03,TRANSFER,1101000.0
T00000752,A0001670,2026-07-23,WITHDRAWAL,89000.0
T00000753,A0000826,2026-02-26,DEPOSIT,4137000.0
T00000754,A0001167,2025-02-19,WITHDRAWAL,2910000.0
T00000755,A0001379,2026-05-25,WITHDRAWAL,745000.0
T00000756,A0000424,2025-10-10,DEPOSIT,4793000.0
T00000757,A0000737,2025-08-05,DEPOSIT,932000.0
T00000758,A0000771,2025-09-19,TRANSFER,2181000.0
T00000759,A0001146,2025-09-01,TRANSFER,1211000.0
T00000760,A0001316,2026-08-22,DEPOSIT,3627000.0
T00000761,A0000808,2026-01-16,TRANSFER,2698000.0
T00000762,A0001109,2025-04-13,DEPOSIT,4982000.0
T00000763,A0000048,2026-01-12,DEPOSIT,2501000.0
T00000764,A0000251,2026-08-25,DEPOSIT,1972000.0
T00000765,A0000823,2025-08-09,DEPOSIT,423000.0
T00000766,A0001595,2026-08-28,TRANSFER,592000.0
T00000767,A0000663,2025-08-12,DEPOSIT,2534000.0
T00000768,A0001369,2026-03-27,DEPOSIT,641000.0
T00000769,A0001701,2026-08-15,DEPOSIT,2519000.0
T00000770,A0000671,2025-02-19,TRANSFER,4289000.0
T00000771,A0000175,2025-01-07,WITHDRAWAL,2148000.0
T00000772,A0000022,2026-03-25,WITHDRAWAL,687000.0
T00000773,A0001283,2025-05-27,DEPOSIT,916000.0
T00000774,A0001352,2025-03-01,DEPOSIT,2058000.0
T00000775,A0000055,2026-05-27,DEPOSIT,310000.0
T00000776,A0001300,2025-10-05,DEPOSIT,747000.0
T00000777,A0001490,2026-05-03,WITHDRAWAL,4206000.0
T00000778,A0001168,2025-03-09,WITHDRAWAL,4246000.0
T00000779,A0000500,2025-01-22,WITHDRAWAL,2903000.0
T00000780,A0000760,2025-03-01,WITHDRAWAL,1099000.0
T00000781,A0001052,2026-03-16,TRANSFER,857000.0
T00000782,A0001678,2025-11-20,WITHDRAWAL,3893000.0
T00000783,A0001271,2025-04-22,TRANSFER,1766000.0
T00000784,A0001791,2026-02-26,TRANSFER,4677000.0
T00000785,A0001568,2026-05-06,TRANSFER,603000.0
T00000786,A0001304,2026-04-04,WITHDRAWAL,1858000.0
T00000787,A0000182,2026-04-04,WITHDRAWAL,1514000.0
T00000788,A0000583,2026-02-07,WITHDRAWAL,2526000.0
T00000789,A0000164,2026-02-10,TRANSFER,4036000.0
T00000790,A0001630,2025-09-02,DEPOSIT,2188000.0
T00000791,A0001390,2025-07-24,WITHDRAWAL,348000.0
T00000792,A0000588,2025-07-14,TRANSFER,2610000.0
T00000793,A0001062,2025-07-17,TRANSFER,4999000.0
T00000794,A0001115,2025-10-21,WITHDRAWAL,4796000.0
T00000795,A0001010,2025-07-11,TRANSFER,3952000.0
T00000796,A0000611,2025-06-16,TRANSFER,3394000.0
T00000797,A0000095,2025-09-09,WITHDRAWAL,4181000.0
T00000798,A0001030,2025-02-13,TRANSFER,203000.0
T00000799,A0001050,2026-05-29,TRANSFER,3116000.0
T00000800,A0000715,2025-12-22,DEPOSIT,2848000.0
T00000801,A0000175,2025-08-01,TRANSFER,2944000.0
T00000802,A0000480,2025-07-05,WITHDRAWAL,4515000.0
T00000803,A0000953,2025-10-31,DEPOSIT,957000.0
T00000804,A0001340,2025-05-12,TRANSFER,4120000.0
T00000805,A0001622,2025-05-25,DEPOSIT,546000.0
T00000806,A0000028,2025-10-06,DEPOSIT,2306000.0
T00000807,A0000509,2026-04-11,TRANSFER,2064000.0
T00000808,A0001169,2026-06-11,TRANSFER,4765000.0
T00000809,A0001609,2025-11-13,TRANSFER,2528000.0
T00000810,A0001477,2026-05-07,DEPOSIT,4326000.0
T00000811,A0000875,2026-03-31,DEPOSIT,2280000.0
T00000812,A0001230,2026-08-04,DEPOSIT,1759000.0
T00000813,A0000828,2026-08-09,WITHDRAWAL,4478000.0
T00000814,A0000324,2025-11-27,TRANSFER,2045000.0
T00000815,A0000565,2025-05-07,TRANSFER,2171000.0
T00000816,A0001443,2025-07-13,TRANSFER,297000.0
T00000817,A0001631,2026-03-05,DEPOSIT,223000.0
T00000818,A0000082,2026-03-27,TRANSFER,1416000.0
T00000819,A0001291,2026-08-22,WITHDRAWAL,3730000.0
T00000820,A0000723,2025-07-29,TRANSFER,952000.0
T00000821,A0000628,2025-09-07,WITHDRAWAL,4136000.0
T00000822,A0000406,2025-11-23,DEPOSIT,4531000.0
T00000823,A0001097,2025-12-22,DEPOSIT,724000.0
T00000824,A0001214,2025-09-26,WITHDRAWAL,378000.0
T00000825,A0000842,2026-01-08,DEPOSIT,1754000.0
T00000826,A0000728,2026-08-30,DEPOSIT,4585000.0
T00000827,A0001485,2025-11-21,DEPOSIT,205000.0
T00000828,A0001483,2026-05-25,WITHDRAWAL,3422000.0
T00000829,A0000519,2026-04-22,DEPOSIT,1434000.0
T00000830,A0000287,2025-10-19,DEPOSIT,585000.0
T00000831,A0001657,2026-08-08,DEPOSIT,1595000.0
T00000832,A0000602,2026-04-12,TRANSFER,922000.0
T00000833,A0001238,2025-09-20,WITHDRAWAL,2024000.0
T00000834,A0000325,2025-03-02,DEPOSIT,3088000.0
T00000835,A0001414,2026-01-25,DEPOSIT,2097000.0
T00000836,A0000248,2026-07-27,TRANSFER,2436000.0
T00000837,A0000782,2026-05-07,TRANSFER,947000.0
T00000838,A0001239,2025-05-18,DEPOSIT,3000000.0
T00000839,A0000488,2026-07-02,WITHDRAWAL,2729000.0
T00000840,A0000982,2026-02-04,DEPOSIT,3304000.0
T00000841,A0001478,2025-02-12,TRANSFER,4083000.0
T00000842,A0001214,2026-02-08,WITHDRAWAL,1002000.0
T00000843,A0000752,2026-06-24,DEPOSIT,335000.0
T00000844,A0000173,2026-07-06,TRANSFER,908000.0
T00000845,A0001666,2025-11-26,WITHDRAWAL,3079000.0
T00000846,A0001296,2025-01-19,DEPOSIT,3384000.0
T00000847,A0000757,2025-06-22,TRANSFER,736000.0
T00000848,A0000561,2025-10-31,TRANSFER,1288000.0
T00000849,A0000599,2026-04-30,DEPOSIT,2689000.0
T00000850,A0000592,2026-02-13,DEPOSIT,244000.0
T00000851,A0001624,2025-05-11,DEPOSIT,2232000.0
T00000852,A0000250,2025-06-14,TRANSFER,1520000.0
T00000853,A0000619,2026-08-20,DEPOSIT,245000.0
T00000854,A0000183,2025-08-29,TRANSFER,1583000.0
T00000855,A0000717,2025-11-12,DEPOSIT,898000.0
T00000856,A0001241,2026-05-30,WITHDRAWAL,3220000.0
T00000857,A0000964,2026-06-26,WITHDRAWAL,1971000.0
T00000858,A0000158,2025-03-09,TRANSFER,4830000.0
T00000859,A0000323,2025-01-04,WITHDRAWAL,4975000.0
T00000860,A0000353,2026-04-30,TRANSFER,1442000.0
T00000861,A0000963,2025-12-24,TRANSFER,2160000.0
T00000862,A0001767,2025-09-19,TRANSFER,2188000.0
T00000863,A0000612,2026-08-12,DEPOSIT,622000.0
T00000864,A0000768,2025-05-06,TRANSFER,1194000.0
T00000865,A0001478,2026-03-04,TRANSFER,3258000.0
T00000866,A0001247,2026-04-07,TRANSFER,842000.0
T00000867,A0001540,2025-11-06,DEPOSIT,218000.0
T00000868,A0001118,2026-06-09,DEPOSIT,841000.0
T00000869,A0000781,2025-11-17,DEPOSIT,4328000.0
T00000870,A0001444,2025-10-09,TRANSFER,3570000.0
T00000871,A0000214,2026-08-30,TRANSFER,1983000.0
T00000872,A0001594,2026-04-21,DEPOSIT,3271000.0
T00000873,A0001780,2025-10-19,WITHDRAWAL,2771000.0
T00000874,A0001025,2026-01-22,WITHDRAWAL,2784000.0
T00000875,A0000332,2025-08-09,WITHDRAWAL,3858000.0
T00000876,A0001496,2025-04-27,TRANSFER,1963000.0
T00000877,A0000226,2025-12-02,TRANSFER,1810000.0
T00000878,A0001275,2025-04-08,DEPOSIT,2589000.0
T00000879,A0000076,2025-06-15,DEPOSIT,3098000.0
T00000880,A0000615,2025-10-06,TRANSFER,2259000.0
T00000881,A0001067,2026-08-15,DEPOSIT,2163000.0
T00000882,A0001028,2026-03-15,DEPOSIT,4630000.0
T00000883,A0000038,2025-08-31,WITHDRAWAL,4046000.0
T00000884,A0000657,2026-05-30,WITHDRAWAL,4636000.0
T00000885,A0001741,2025-12-01,DEPOSIT,4391000.0
T00000886,A0001653,2025-12-02,TRANSFER,2845000.0
T00000887,A0000090,2026-04-14,WITHDRAWAL,2268000.0
T00000888,A0000863,2026-03-07,TRANSFER,1890000.0
T00000889,A0001426,2025-07-21,WITHDRAWAL,4948000.0
T00000890,A0001624,2025-07-05,TRANSFER,3796000.0
T00000891,A0001033,2025-05-15,TRANSFER,3938000.0
T00000892,A0000649,2025-07-11,TRANSFER,1750000.0
T00000893,A0000841,2026-07-07,WITHDRAWAL,568000.0
T00000894,A0000325,2026-06-02,TRANSFER,4089000.0
T00000895,A0000848,2025-09-01,DEPOSIT,3275000.0
T00000896,A0000849,2025-07-18,WITHDRAWAL,4907000.0
T00000897,A0000021,2026-06-27,WITHDRAWAL,4556000.0
T00000898,A0000214,2025-02-05,TRANSFER,891000.0
T00000899,A0000336,2025-01-24,DEPOSIT,731000.0
T00000900,A0000162,2026-07-25,DEPOSIT,2142000.0
T00000901,A0000023,2025-03-10,TRANSFER,4949000.0
T00000902,A0000503,2025-09-22,TRANSFER,4576000.0
T00000903,A0000334,2025-10-29,DEPOSIT,4892000.0
T00000904,A0001708,2026-08-30,DEPOSIT,2417000.0
T00000905,A0000441,2025-11-02,WITHDRAWAL,4182000.0
T00000906,A0001244,2026-05-22,TRANSFER,1767000.0
T00000907,A0000576,2026-01-12,DEPOSIT,3537000.0
T00000908,A0001613,2025-10-29,WITHDRAWAL,261000.0
T00000909,A0001445,2025-08-13,TRANSFER,3464000.0
T00000910,A0001069,2025-07-28,WITHDRAWAL,1089000.0
T00000911,A0001009,2025-09-18,DEPOSIT,1439000.0
T00000912,A0001319,2026-01-13,TRANSFER,2833000.0
T00000913,A0001228,2025-12-29,TRANSFER,4247000.0
T00000914,A0000081,2025-01-03,WITHDRAWAL,4262000.0
T00000915,A0000724,2025-02-26,DEPOSIT,4148000.0
T00000916,A0001770,2026-07-26,WITHDRAWAL,3559000.0
T00000917,A0001251,2025-10-17,TRANSFER,877000.0
T00000918,A0000041,2026-07-10,TRANSFER,1197000.0
T00000919,A0000845,2026-01-11,WITHDRAWAL,2691000.0
T00000920,A0001032,2025-10-26,TRANSFER,3082000.0
T00000921,A0000552,2026-07-01,WITHDRAWAL,3284000.0
T00000922,A0000439,2026-01-13,TRANSFER,3328000.0
T00000923,A0000352,2026-07-12,WITHDRAWAL,701000.0
T00000924,A0001040,2026-03-12,WITHDRAWAL,594000.0
T00000925,A0001389,2026-07-30,DEPOSIT,4975000.0
T00000926,A0001046,2025-09-18,WITHDRAWAL,3358000.0
T00000927,A0000426,2025-02-13,TRANSFER,1195000.0
T00000928,A0001494,2025-10-17,DEPOSIT,2167000.0
T00000929,A0001068,2026-05-31,TRANSFER,4269000.0
T00000930,A0000182,2025-01-10,TRANSFER,2732000.0
T00000931,A0001133,2025-06-13,DEPOSIT,981000.0
T00000932,A0000160,2026-07-17,WITHDRAWAL,483000.0
T00000933,A0001125,2026-06-23,TRANSFER,3499000.0
T00000934,A0000541,2025-02-06,DEPOSIT,4126000.0
T00000935,A0000130,2025-07-03,TRANSFER,263000.0
T00000936,A0000679,2026-07-03,DEPOSIT,4442000.0
T00000937,A0000222,2026-04-06,WITHDRAWAL,4384000.0
T00000938,A0000297,2026-04-22,DEPOSIT,526000.0
T00000939,A0000466,2025-05-21,DEPOSIT,4272000.0
T00000940,A0000440,2025-08-25,TRANSFER,1277000.0
T00000941,A0001655,2026-04-07,WITHDRAWAL,287000.0
T00000942,A0000399,2025-11-29,WITHDRAWAL,1266000.0
T00000943,A0001484,2025-09-30,DEPOSIT,1616000.0
T00000944,A0000962,2025-12-06,TRANSFER,2236000.0
T00000945,A0001000,2025-01-09,TRANSFER,4714000.0
T00000946,A0000145,2025-06-19,DEPOSIT,201000.0
T00000947,A0000025,2025-07-05,DEPOSIT,3311000.0
T00000948,A0001126,2025-09-14,DEPOSIT,3735000.0
T00000949,A0001347,2026-04-15,DEPOSIT,4598000.0
T00000950,A0000159,2025-09-20,DEPOSIT,4015000.0
T00000951,A0000103,2025-06-23,TRANSFER,1644000.0
T00000952,A0000905,2025-01-12,DEPOSIT,2394000.0
T00000953,A0001734,2026-03-18,WITHDRAWAL,4389000.0
T00000954,A0001535,2025-09-21,WITHDRAWAL,2560000.0
T00000955,A0000926,2025-04-07,DEPOSIT,4459000.0
T00000956,A0000696,2025-08-07,DEPOSIT,1106000.0
T00000957,A0001652,2025-03-24,DEPOSIT,2291000.0
T00000958,A0001412,2026-06-27,DEPOSIT,166000.0
T00000959,A0001660,2025-12-23,WITHDRAWAL,2683000.0
T00000960,A0000293,2025-02-14,TRANSFER,2541000.0
T00000961,A0000171,2025-05-18,DEPOSIT,1774000.0
T00000962,A0000578,2025-10-22,DEPOSIT,2979000.0
T00000963,A0001112,2025-01-26,WITHDRAWAL,4972000.0
T00000964,A0000139,2025-02-11,DEPOSIT,3251000.0
T00000965,A0000435,2026-02-16,TRANSFER,2142000.0
T00000966,A0000472,2025-02-25,TRANSFER,2119000.0
T00000967,A0001235,2025-08-16,DEPOSIT,2420000.0
T00000968,A0000581,2026-04-12,TRANSFER,2437000.0
T00000969,A0001494,2025-01-24,DEPOSIT,111000.0
T00000970,A0000995,2025-02-21,DEPOSIT,4400000.0
T00000971,A0000233,2025-08-07,TRANSFER,4690000.0
T00000972,A0000886,2026-07-02,TRANSFER,1434000.0
T00000973,A0000105,2025-05-02,TRANSFER,2968000.0
T00000974,A0001675,2026-02-26,TRANSFER,2277000.0
T00000975,A0000032,2025-03-20,TRANSFER,275000.0
T00000976,A0000382,2025-11-23,DEPOSIT,3983000.0
T00000977,A0001447,2026-05-19,WITHDRAWAL,83000.0
T00000978,A0001459,2026-01-06,WITHDRAWAL,2312000.0
T00000979,A0000019,2025-05-28,DEPOSIT,3161000.0
T00000980,A0000040,2025-05-06,DEPOSIT,468000.0
T00000981,A0001331,2026-04-10,WITHDRAWAL,4534000.0
T00000982,A0000846,2025-02-11,WITHDRAWAL,1070000.0
T00000983,A0000789,2025-11-17,TRANSFER,2668000.0
T00000984,A0001468,2025-01-10,WITHDRAWAL,524000.0
T00000985,A0000852,2025-05-22,WITHDRAWAL,2215000.0
T00000986,A0001366,2025-03-21,DEPOSIT,2244000.0
T00000987,A0001108,2025-05-30,TRANSFER,4569000.0
T00000988,A0001380,2025-01-06,WITHDRAWAL,2499000.0
T00000989,A0001733,2026-03-12,TRANSFER,178000.0
T00000990,A0001753,2025-09-13,WITHDRAWAL,4233000.0
T00000991,A0000956,2025-07-25,WITHDRAWAL,815000.0
T00000992,A0001783,2025-11-23,WITHDRAWAL,1562000.0
T00000993,A0000466,2026-08-30,DEPOSIT,1734000.0
T00000994,A0001381,2026-05-14,TRANSFER,2042000.0
T00000995,A0001033,2025-10-29,WITHDRAWAL,3279000.0
T00000996,A0000753,2026-01-17,TRANSFER,68000.0
T00000997,A0001295,2025-12-19,DEPOSIT,2643000.0
T00000998,A0000877,2026-01-27,DEPOSIT,813000.0
T00000999,A0000220,2026-04-27,WITHDRAWAL,1550000.0
T00001000,A0001220,2026-02-12,DEPOSIT,1512000.0
T00001001,A0000656,2025-03-23,DEPOSIT,1120000.0
T00001002,A0000107,2025-05-04,WITHDRAWAL,2068000.0
T00001003,A0000277,2025-09-19,WITHDRAWAL,3492000.0
T00001004,A0001427,2026-03-06,TRANSFER,1339000.0
T00001005,A0001386,2026-01-31,WITHDRAWAL,2433000.0
T00001006,A0000813,2025-10-30,DEPOSIT,1840000.0
T00001007,A0001104,2025-03-11,WITHDRAWAL,4703000.0
T00001008,A0000376,2026-01-08,WITHDRAWAL,3822000.0
T00001009,A0000968,2025-03-24,TRANSFER,4015000.0
T00001010,A0001270,2025-11-20,TRANSFER,2835000.0
T00001011,A0000462,2025-12-31,DEPOSIT,3249000.0
T00001012,A0001053,2025-02-08,DEPOSIT,3289000.0
T00001013,A0000077,2026-04-28,DEPOSIT,1846000.0
T00001014,A0000585,2025-11-14,WITHDRAWAL,108000.0
T00001015,A0000796,2025-09-29,TRANSFER,2675000.0
T00001016,A0000482,2025-07-13,WITHDRAWAL,153000.0
T00001017,A0000860,2026-08-09,DEPOSIT,40000.0
T00001018,A0000754,2025-03-18,TRANSFER,4013000.0
T00001019,A0000931,2026-08-07,TRANSFER,1969000.0
T00001020,A0001173,2025-04-05,TRANSFER,4773000.0
T00001021,A0000484,2026-06-17,WITHDRAWAL,1229000.0
T00001022,A0001097,2025-06-17,WITHDRAWAL,2899000.0
T00001023,A0000986,2026-06-13,DEPOSIT,1852000.0
T00001024,A0001090,2026-04-03,WITHDRAWAL,2100000.0
T00001025,A0000142,2026-06-11,DEPOSIT,3932000.0
T00001026,A0000360,2025-08-13,DEPOSIT,4774000.0
T00001027,A0001325,2025-08-21,TRANSFER,722000.0
T00001028,A0000009,2025-08-14,DEPOSIT,2188000.0
T00001029,A0001775,2025-10-05,TRANSFER,2893000.0
T00001030,A0000183,2025-07-07,WITHDRAWAL,4166000.0
T00001031,A0001369,2025-09-24,DEPOSIT,361000.0
T00001032,A0001239,2025-09-03,WITHDRAWAL,2094000.0
T00001033,A0001265,2025-05-26,DEPOSIT,683000.0
T00001034,A0000540,2025-01-15,TRANSFER,1552000.0
T00001035,A0001170,2025-05-25,TRANSFER,2412000.0
T00001036,A0001401,2026-08-23,DEPOSIT,319000.0
T00001037,A0001185,2025-08-09,DEPOSIT,1510000.0
T00001038,A0001162,2025-03-26,DEPOSIT,827000.0
T00001039,A0000340,2026-04-21,TRANSFER,4434000.0
T00001040,A0000495,2025-05-15,WITHDRAWAL,2492000.0
T00001041,A0001583,2025-07-06,DEPOSIT,627000.0
T00001042,A0000300,2026-07-25,WITHDRAWAL,4692000.0
T00001043,A0001337,2026-04-12,TRANSFER,2955000.0
T00001044,A0001403,2025-06-25,WITHDRAWAL,3032000.0
T00001045,A0000502,2026-03-04,DEPOSIT,1503000.0
T00001046,A0001059,2025-12-03,DEPOSIT,3596000.0
T00001047,A0000244,2025-11-29,WITHDRAWAL,2193000.0
T00001048,A0001073,2026-03-13,WITHDRAWAL,735000.0
T00001049,A0001061,2025-03-11,DEPOSIT,3310000.0
T00001050,A0000203,2025-04-24,TRANSFER,3185000.0
T00001051,A0000934,2026-04-24,DEPOSIT,1123000.0
T00001052,A0001069,2025-01-30,TRANSFER,975000.0
T00001053,A0000163,2025-07-18,WITHDRAWAL,655000.0
T00001054,A0000310,2026-07-19,DEPOSIT,261000.0
T00001055,A0001051,2025-10-10,DEPOSIT,1767000.0
T00001056,A0001376,2025-09-30,TRANSFER,2200000.0
T00001057,A0001193,2025-03-25,TRANSFER,3059000.0
T00001058,A0000194,2026-08-06,TRANSFER,252000.0
T00001059,A0000970,2025-05-08,WITHDRAWAL,140000.0
T00001060,A0000530,2026-07-15,WITHDRAWAL,1438000.0
T00001061,A0001615,2025-07-31,WITHDRAWAL,4103000.0
T00001062,A0001732,2025-10-04,WITHDRAWAL,2776000.0
T00001063,A0001243,2025-08-22,DEPOSIT,1582000.0
T00001064,A0000945,2025-08-21,DEPOSIT,2507000.0
T00001065,A0001177,2025-06-01,WITHDRAWAL,4428000.0
T00001066,A0000735,2026-04-18,TRANSFER,4156000.0
T00001067,A0001397,2026-02-07,WITHDRAWAL,4352000.0
T00001068,A0000786,2025-08-04,WITHDRAWAL,3508000.0
T00001069,A0000301,2026-03-15,TRANSFER,2462000.0
T00001070,A0000714,2025-03-30,WITHDRAWAL,4147000.0
T00001071,A0000724,2025-05-27,WITHDRAWAL,1489000.0
T00001072,A0001478,2025-09-25,TRANSFER,4515000.0
T00001073,A0001265,2026-07-17,TRANSFER,4007000.0
T00001074,A0000226,2026-03-09,DEPOSIT,2999000.0
T00001075,A0000151,2025-04-20,TRANSFER,4298000.0
T00001076,A0000034,2026-01-09,TRANSFER,61000.0
T00001077,A0001588,2025-07-18,TRANSFER,2137000.0
T00001078,A0000232,2026-07-09,DEPOSIT,471000.0
T00001079,A0001707,2025-06-11,WITHDRAWAL,1968000.0
T00001080,A0000802,2025-01-18,DEPOSIT,3367000.0
T00001081,A0001587,2026-01-24,TRANSFER,1806000.0
T00001082,A0000046,2026-06-09,WITHDRAWAL,77000.0
T00001083,A0000657,2025-07-04,TRANSFER,1874000.0
T00001084,A0000782,2025-02-18,TRANSFER,2057000.0
T00001085,A0000136,2025-06-10,TRANSFER,3406000.0
T00001086,A0000621,2025-01-20,TRANSFER,4064000.0
T00001087,A0001031,2025-01-11,DEPOSIT,4652000.0
T00001088,A0000963,2025-01-22,DEPOSIT,4143000.0
T00001089,A0001523,2025-10-10,WITHDRAWAL,1671000.0
T00001090,A0000020,2026-03-26,WITHDRAWAL,1193000.0
T00001091,A0000974,2025-10-12,TRANSFER,2889000.0
T00001092,A0000105,2025-02-26,WITHDRAWAL,4876000.0
T00001093,A0001497,2025-11-06,DEPOSIT,4225000.0
T00001094,A0000797,2025-05-24,TRANSFER,836000.0
T00001095,A0000217,2025-09-11,TRANSFER,4453000.0
T00001096,A0000901,2025-03-15,DEPOSIT,2450000.0
T00001097,A0000608,2025-06-03,DEPOSIT,2490000.0
T00001098,A0001454,2025-06-22,WITHDRAWAL,346000.0
T00001099,A0001310,2025-10-08,WITHDRAWAL,819000.0
T00001100,A0000777,2025-07-23,TRANSFER,2016000.0
T00001101,A0000886,2025-11-11,DEPOSIT,421000.0
T00001102,A0000086,2025-01-14,WITHDRAWAL,3621000.0
T00001103,A0001215,2025-08-04,TRANSFER,2651000.0
T00001104,A0001753,2025-04-16,DEPOSIT,2692000.0
T00001105,A0001053,2025-05-20,WITHDRAWAL,3952000.0
T00001106,A0001377,2025-09-27,DEPOSIT,987000.0
T00001107,A0001782,2025-04-27,DEPOSIT,3111000.0
T00001108,A0000126,2026-07-14,WITHDRAWAL,2791000.0
T00001109,A0000139,2026-05-17,DEPOSIT,619000.0
T00001110,A0000772,2026-05-26,TRANSFER,2251000.0
T00001111,A0000214,2026-04-15,DEPOSIT,4374000.0
T00001112,A0000045,2026-02-28,TRANSFER,3269000.0
T00001113,A0000900,2026-07-11,DEPOSIT,1380000.0
T00001114,A0000106,2025-05-12,DEPOSIT,3151000.0
T00001115,A0000730,2026-07-20,TRANSFER,4991000.0
T00001116,A0001547,2026-03-22,WITHDRAWAL,4804000.0
T00001117,A0001562,2025-06-26,WITHDRAWAL,1257000.0
T00001118,A0001008,2025-11-20,TRANSFER,3023000.0
T00001119,A0000115,2026-03-06,TRANSFER,2596000.0
T00001120,A0001716,2025-11-15,DEPOSIT,2490000.0
T00001121,A0001784,2025-06-16,TRANSFER,4367000.0
T00001122,A0001292,2025-11-14,DEPOSIT,2059000.0
T00001123,A0000416,2025-03-27,TRANSFER,4567000.0
T00001124,A0001242,2025-11-14,TRANSFER,283000.0
T00001125,A0000110,2025-08-25,DEPOSIT,2528000.0
T00001126,A0001216,2026-08-18,TRANSFER,4197000.0
T00001127,A0001367,2025-08-13,TRANSFER,3433000.0
T00001128,A0001359,2026-04-26,TRANSFER,4155000.0
T00001129,A0001731,2025-07-14,WITHDRAWAL,1033000.0
T00001130,A0000796,2025-10-16,TRANSFER,1538000.0
T00001131,A0001657,2025-07-12,WITHDRAWAL,1712000.0
T00001132,A0000918,2026-04-29,TRANSFER,1449000.0
T00001133,A0000148,2025-11-11,WITHDRAWAL,1872000.0
T00001134,A0000831,2026-08-20,TRANSFER,2925000.0
T00001135,A0001065,2025-07-14,TRANSFER,3924000.0
T00001136,A0001466,2025-05-31,DEPOSIT,1053000.0
T00001137,A0000387,2026-06-16,DEPOSIT,4794000.0
T00001138,A0001004,2025-11-11,WITHDRAWAL,1775000.0
T00001139,A0001725,2025-02-11,DEPOSIT,2037000.0
T00001140,A0000060,2025-07-04,WITHDRAWAL,4039000.0
T00001141,A0001342,2026-04-07,TRANSFER,4080000.0
T00001142,A0001229,2025-12-20,WITHDRAWAL,3815000.0
T00001143,A0000685,2025-10-11,TRANSFER,3305000.0
T00001144,A0000796,2025-10-08,TRANSFER,625000.0
T00001145,A0000928,2026-07-13,WITHDRAWAL,4817000.0
T00001146,A0000558,2025-07-23,DEPOSIT,2360000.0
T00001147,A0000693,2025-10-14,DEPOSIT,3385000.0
T00001148,A0001247,2025-01-13,TRANSFER,128000.0
T00001149,A0000531,2025-10-30,DEPOSIT,998000.0
T00001150,A0000802,2026-05-30,TRANSFER,3692000.0
T00001151,A0001244,2026-02-10,DEPOSIT,2954000.0
T00001152,A0001372,2026-04-13,TRANSFER,2379000.0
T00001153,A0001731,2025-11-03,WITHDRAWAL,3459000.0
T00001154,A0000353,2025-03-12,WITHDRAWAL,3047000.0
T00001155,A0000357,2025-05-14,DEPOSIT,2133000.0
T00001156,A0000929,2025-05-24,DEPOSIT,2818000.0
T00001157,A0000464,2025-07-14,DEPOSIT,2070000.0
T00001158,A0000453,2026-01-24,WITHDRAWAL,2681000.0
T00001159,A0001441,2025-08-13,WITHDRAWAL,2690000.0
T00001160,A0000828,2025-01-06,TRANSFER,2840000.0
T00001161,A0001521,2025-10-02,TRANSFER,4767000.0
T00001162,A0001319,2026-01-13,WITHDRAWAL,3401000.0
T00001163,A0000424,2025-10-24,WITHDRAWAL,4870000.0
T00001164,A0000455,2025-07-05,WITHDRAWAL,856000.0
T00001165,A0001133,2025-07-13,DEPOSIT,2944000.0
T00001166,A0001703,2025-10-07,TRANSFER,3843000.0
T00001167,A0000275,2025-01-30,DEPOSIT,4551000.0
T00001168,A0000639,2025-09-10,WITHDRAWAL,4100000.0
T00001169,A0000928,2026-06-11,DEPOSIT,4446000.0
T00001170,A0000116,2025-03-24,TRANSFER,2070000.0
T00001171,A0000262,2025-09-07,TRANSFER,3907000.0
T00001172,A0001346,2026-06-11,DEPOSIT,2459000.0
T00001173,A0001292,2025-08-28,TRANSFER,3749000.0
T00001174,A0000150,2025-09-06,WITHDRAWAL,1255000.0
T00001175,A0000878,2026-03-14,TRANSFER,1974000.0
T00001176,A0001147,2026-08-20,WITHDRAWAL,4571000.0
T00001177,A0000547,2025-01-17,DEPOSIT,4438000.0
T00001178,A0001356,2026-01-21,DEPOSIT,1084000.0
T00001179,A0000709,2026-05-11,WITHDRAWAL,355000.0
T00001180,A0001152,2025-04-19,DEPOSIT,214000.0
T00001181,A0000046,2025-02-26,TRANSFER,1840000.0
T00001182,A0001109,2025-06-20,DEPOSIT,4302000.0
T00001183,A0000129,2026-08-12,DEPOSIT,1787000.0
T00001184,A0001031,2025-07-04,TRANSFER,4897000.0
T00001185,A0000289,2026-07-31,DEPOSIT,4905000.0
T00001186,A0001064,2026-08-12,TRANSFER,2530000.0
T00001187,A0000611,2026-05-29,DEPOSIT,1361000.0
T00001188,A0001614,2025-10-10,DEPOSIT,1732000.0
T00001189,A0001224,2026-06-07,DEPOSIT,2594000.0
T00001190,A0000922,2026-01-04,TRANSFER,2519000.0
T00001191,A0000215,2026-01-31,DEPOSIT,4177000.0
T00001192,A0000651,2025-08-17,TRANSFER,3614000.0
T00001193,A0001759,2026-05-01,WITHDRAWAL,3283000.0
T00001194,A0001715,2026-07-09,TRANSFER,677000.0
T00001195,A0000681,2025-05-27,WITHDRAWAL,4305000.0
T00001196,A0001385,2026-01-21,WITHDRAWAL,1259000.0
T00001197,A0000900,2025-06-16,TRANSFER,1806000.0
T00001198,A0000887,2026-06-13,DEPOSIT,3083000.0
T00001199,A0001119,2025-01-10,DEPOSIT,4595000.0
T00001200,A0001274,2026-04-23,WITHDRAWAL,2213000.0
T00001201,A0000962,2026-03-19,DEPOSIT,1386000.0
T00001202,A0000333,2025-04-21,WITHDRAWAL,3096000.0
T00001203,A0001004,2025-12-13,TRANSFER,561000.0
T00001204,A0001327,2025-02-21,WITHDRAWAL,322000.0
T00001205,A0001514,2026-05-07,DEPOSIT,408000.0
T00001206,A0001530,2025-02-04,TRANSFER,4701000.0
T00001207,A0000778,2026-07-07,WITHDRAWAL,1557000.0
T00001208,A0001198,2025-05-29,DEPOSIT,1350000.0
T00001209,A0000391,2025-03-11,TRANSFER,3756000.0
T00001210,A0001655,2025-09-04,DEPOSIT,833000.0
T00001211,A0000214,2025-02-23,WITHDRAWAL,3844000.0
T00001212,A0001088,2025-06-15,WITHDRAWAL,72000.0
T00001213,A0001433,2025-09-03,TRANSFER,4093000.0
T00001214,A0000313,2025-07-04,DEPOSIT,2344000.0
T00001215,A0001132,2025-11-09,DEPOSIT,432000.0
T00001216,A0000339,2025-07-05,WITHDRAWAL,2959000.0
T00001217,A0000912,2025-06-30,WITHDRAWAL,4439000.0
T00001218,A0000081,2026-01-14,DEPOSIT,982000.0
T00001219,A0000970,2025-12-08,DEPOSIT,282000.0
T00001220,A0001787,2026-05-25,DEPOSIT,750000.0
T00001221,A0000889,2026-01-16,TRANSFER,207000.0
T00001222,A0000932,2025-11-28,TRANSFER,3765000.0
T00001223,A0001439,2026-06-24,WITHDRAWAL,92000.0
T00001224,A0000285,2026-02-03,DEPOSIT,4268000.0
T00001225,A0001119,2026-02-21,WITHDRAWAL,2434000.0
T00001226,A0001554,2025-12-30,TRANSFER,1024000.0
T00001227,A0001570,2026-01-07,DEPOSIT,4285000.0
T00001228,A0000139,2025-05-31,DEPOSIT,3990000.0
T00001229,A0000477,2025-06-28,TRANSFER,3985000.0
T00001230,A0000515,2025-01-26,WITHDRAWAL,2264000.0
T00001231,A0001717,2025-11-01,DEPOSIT,153000.0
T00001232,A0000399,2026-01-15,WITHDRAWAL,3189000.0
T00001233,A0001599,2025-04-26,TRANSFER,992000.0
T00001234,A0000136,2026-02-12,WITHDRAWAL,407000.0
T00001235,A0000556,2026-04-06,TRANSFER,1793000.0
T00001236,A0000299,2026-05-29,WITHDRAWAL,807000.0
T00001237,A0000463,2026-02-20,TRANSFER,2112000.0
T00001238,A0000268,2026-06-03,TRANSFER,4582000.0
T00001239,A0000183,2025-10-31,DEPOSIT,3391000.0
T00001240,A0001694,2025-06-09,TRANSFER,784000.0
T00001241,A0000942,2026-08-08,WITHDRAWAL,3141000.0
T00001242,A0000268,2025-12-22,DEPOSIT,1373000.0
T00001243,A0000890,2026-04-01,TRANSFER,4947000.0
T00001244,A0000566,2025-07-26,TRANSFER,2501000.0
T00001245,A0000258,2025-08-01,DEPOSIT,4517000.0
T00001246,A0000730,2025-07-15,TRANSFER,1385000.0
T00001247,A0000443,2025-11-13,TRANSFER,2873000.0
T00001248,A0000589,2026-02-16,DEPOSIT,1715000.0
T00001249,A0000936,2025-09-18,DEPOSIT,2282000.0
T00001250,A0000424,2026-03-13,TRANSFER,2395000.0
T00001251,A0000526,2025-03-31,WITHDRAWAL,1285000.0
T00001252,A0000635,2025-06-02,WITHDRAWAL,351000.0
T00001253,A0000853,2025-05-10,WITHDRAWAL,413000.0
T00001254,A0000910,2025-11-10,WITHDRAWAL,4381000.0
T00001255,A0000251,2025-08-06,TRANSFER,220000.0
T00001256,A0000628,2026-08-19,WITHDRAWAL,1751000.0
T00001257,A0000339,2026-06-19,WITHDRAWAL,1256000.0
T00001258,A0001361,2026-06-16,TRANSFER,688000.0
T00001259,A0000363,2025-05-26,WITHDRAWAL,1130000.0
T00001260,A0001410,2025-09-11,TRANSFER,4540000.0
T00001261,A0000276,2026-06-08,DEPOSIT,1807000.0
T00001262,A0000603,2026-08-29,TRANSFER,2991000.0
T00001263,A0000115,2025-07-05,DEPOSIT,210000.0
T00001264,A0000019,2025-01-12,WITHDRAWAL,4356000.0
T00001265,A0000126,2025-06-27,TRANSFER,284000.0
T00001266,A0000010,2026-05-16,TRANSFER,1465000.0
T00001267,A0000856,2026-03-24,WITHDRAWAL,2001000.0
T00001268,A0000852,2025-08-11,TRANSFER,4476000.0
T00001269,A0001423,2026-06-23,WITHDRAWAL,3976000.0
T00001270,A0000996,2026-01-29,WITHDRAWAL,59000.0
T00001271,A0000349,2025-10-31,TRANSFER,2626000.0
T00001272,A0001407,2026-05-24,TRANSFER,4719000.0
T00001273,A0000009,2025-07-11,TRANSFER,1415000.0
T00001274,A0001239,2025-01-30,DEPOSIT,2878000.0
T00001275,A0001021,2025-04-06,WITHDRAWAL,2748000.0
T00001276,A0000495,2026-07-03,DEPOSIT,2222000.0
T00001277,A0001069,2025-11-04,DEPOSIT,1878000.0
T00001278,A0000954,2025-09-26,TRANSFER,2459000.0
T00001279,A0000422,2025-04-07,WITHDRAWAL,707000.0
T00001280,A0000077,2025-08-03,DEPOSIT,3853000.0
T00001281,A0001086,2026-08-05,WITHDRAWAL,1541000.0
T00001282,A0001340,2025-12-18,TRANSFER,3342000.0
T00001283,A0001513,2025-10-10,TRANSFER,913000.0
T00001284,A0001608,2025-03-11,WITHDRAWAL,3209000.0
T00001285,A0001292,2025-01-11,DEPOSIT,1795000.0
T00001286,A0001788,2025-02-28,DEPOSIT,4808000.0
T00001287,A0001274,2025-09-24,DEPOSIT,1706000.0
T00001288,A0000853,2026-06-06,TRANSFER,138000.0
T00001289,A0000839,2025-12-31,WITHDRAWAL,1097000.0
T00001290,A0001499,2025-03-16,TRANSFER,3377000.0
T00001291,A0000412,2026-01-19,WITHDRAWAL,3257000.0
T00001292,A0000039,2026-06-03,TRANSFER,1688000.0
T00001293,A0000598,2026-01-30,DEPOSIT,928000.0
T00001294,A0001497,2026-02-21,WITHDRAWAL,4784000.0
T00001295,A0000931,2025-01-11,WITHDRAWAL,2558000.0
T00001296,A0001642,2025-07-29,TRANSFER,1848000.0
T00001297,A0000434,2026-08-24,DEPOSIT,533000.0
T00001298,A0000618,2026-04-15,TRANSFER,1597000.0
T00001299,A0000762,2026-05-27,WITHDRAWAL,1988000.0
T00001300,A0001458,2026-04-14,WITHDRAWAL,4662000.0
T00001301,A0001080,2025-10-14,DEPOSIT,4739000.0
T00001302,A0000795,2025-10-14,TRANSFER,2931000.0
T00001303,A0001486,2025-07-23,WITHDRAWAL,216000.0
T00001304,A0000555,2025-04-05,WITHDRAWAL,3272000.0
T00001305,A0000937,2026-06-25,DEPOSIT,1299000.0
T00001306,A0001291,2025-10-13,DEPOSIT,334000.0
T00001307,A0001307,2025-01-03,TRANSFER,4878000.0
T00001308,A0001198,2026-06-25,TRANSFER,874000.0
T00001309,A0000845,2025-01-16,TRANSFER,1588000.0
T00001310,A0000664,2026-06-09,DEPOSIT,4355000.0
T00001311,A0000191,2026-08-30,DEPOSIT,1112000.0
T00001312,A0000287,2025-03-08,DEPOSIT,2999000.0
T00001313,A0001129,2025-03-10,DEPOSIT,2348000.0
T00001314,A0000898,2026-06-13,TRANSFER,2955000.0
T00001315,A0000193,2026-07-01,TRANSFER,376000.0
T00001316,A0000612,2026-08-18,WITHDRAWAL,1601000.0
T00001317,A0000650,2025-07-16,TRANSFER,2209000.0
T00001318,A0001656,2026-03-10,DEPOSIT,3870000.0
T00001319,A0000943,2025-09-20,TRANSFER,3958000.0
T00001320,A0000111,2025-01-26,DEPOSIT,962000.0
T00001321,A0000980,2025-01-25,DEPOSIT,2705000.0
T00001322,A0000246,2025-09-25,DEPOSIT,642000.0
T00001323,A0001446,2025-11-03,DEPOSIT,1589000.0
T00001324,A0001094,2026-08-28,WITHDRAWAL,4122000.0
T00001325,A0001348,2025-05-08,WITHDRAWAL,2347000.0
T00001326,A0001056,2026-02-13,DEPOSIT,976000.0
T00001327,A0001023,2026-03-17,DEPOSIT,2706000.0
T00001328,A0001076,2025-12-11,DEPOSIT,3060000.0
T00001329,A0001145,2026-05-27,TRANSFER,477000.0
T00001330,A0001521,2025-08-11,DEPOSIT,3749000.0
T00001331,A0000905,2025-09-11,TRANSFER,2922000.0
T00001332,A0000701,2025-04-20,TRANSFER,1618000.0
T00001333,A0000370,2026-05-05,WITHDRAWAL,690000.0
T00001334,A0000602,2026-01-04,DEPOSIT,1410000.0
T00001335,A0000615,2026-01-11,TRANSFER,3376000.0
T00001336,A0000396,2025-01-02,DEPOSIT,4327000.0
T00001337,A0001359,2025-02-08,WITHDRAWAL,93000.0
T00001338,A0000379,2026-02-26,WITHDRAWAL,4757000.0
T00001339,A0000593,2025-03-29,WITHDRAWAL,3702000.0
T00001340,A0001303,2026-04-21,WITHDRAWAL,3070000.0
T00001341,A0001638,2026-05-21,TRANSFER,3229000.0
T00001342,A0000687,2025-03-15,WITHDRAWAL,4848000.0
T00001343,A0000142,2025-04-19,TRANSFER,1908000.0
T00001344,A0001385,2025-05-10,TRANSFER,1161000.0
T00001345,A0000635,2026-07-10,DEPOSIT,3712000.0
T00001346,A0001782,2025-02-04,WITHDRAWAL,1861000.0
T00001347,A0001763,2025-11-26,TRANSFER,1454000.0
T00001348,A0000918,2025-09-18,WITHDRAWAL,1718000.0
T00001349,A0001299,2026-07-28,TRANSFER,2737000.0
T00001350,A0001700,2025-03-19,WITHDRAWAL,153000.0
T00001351,A0000884,2025-08-07,WITHDRAWAL,2182000.0
T00001352,A0001790,2025-08-28,DEPOSIT,351000.0
T00001353,A0000555,2026-07-04,TRANSFER,3826000.0
T00001354,A0001296,2026-01-13,WITHDRAWAL,787000.0
T00001355,A0001489,2026-06-07,WITHDRAWAL,1696000.0
T00001356,A0001243,2025-08-22,TRANSFER,2584000.0
T00001357,A0001168,2025-04-19,DEPOSIT,2957000.0
T00001358,A0001407,2025-10-18,WITHDRAWAL,4913000.0
T00001359,A0000855,2025-10-10,TRANSFER,4650000.0
T00001360,A0001710,2025-05-09,TRANSFER,3240000.0
T00001361,A0000908,2026-07-17,WITHDRAWAL,3395000.0
T00001362,A0001210,2026-07-13,TRANSFER,343000.0
T00001363,A0001225,2026-06-02,TRANSFER,4599000.0
T00001364,A0000047,2025-05-12,WITHDRAWAL,634000.0
T00001365,A0001598,2026-04-27,DEPOSIT,2965000.0
T00001366,A0000002,2026-05-19,TRANSFER,1402000.0
T00001367,A0000504,2026-06-26,WITHDRAWAL,1390000.0
T00001368,A0000033,2026-03-07,TRANSFER,3593000.0
T00001369,A0001324,2025-08-15,DEPOSIT,4058000.0
T00001370,A0000873,2026-02-13,WITHDRAWAL,584000.0
T00001371,A0000085,2025-11-11,DEPOSIT,1785000.0
T00001372,A0001311,2025-08-18,DEPOSIT,2005000.0
T00001373,A0000990,2025-02-03,WITHDRAWAL,4854000.0
T00001374,A0001207,2025-05-21,DEPOSIT,338000.0
T00001375,A0000451,2025-03-07,WITHDRAWAL,3567000.0
T00001376,A0000596,2026-06-09,DEPOSIT,2219000.0
T00001377,A0001229,2026-03-26,TRANSFER,2314000.0
T00001378,A0001035,2025-01-10,TRANSFER,4457000.0
T00001379,A0000115,2025-03-30,TRANSFER,2469000.0
T00001380,A0001254,2026-01-24,DEPOSIT,3043000.0
T00001381,A0000472,2025-09-18,TRANSFER,314000.0
T00001382,A0001291,2026-01-23,TRANSFER,1236000.0
T00001383,A0001387,2026-05-13,WITHDRAWAL,131000.0
T00001384,A0001316,2026-07-16,WITHDRAWAL,518000.0
T00001385,A0001589,2026-08-22,DEPOSIT,1569000.0
T00001386,A0001135,2025-12-26,DEPOSIT,4544000.0
T00001387,A0000637,2025-01-06,TRANSFER,285000.0
T00001388,A0001221,2025-07-14,WITHDRAWAL,1143000.0
T00001389,A0000284,2026-06-10,WITHDRAWAL,2906000.0
T00001390,A0000922,2026-05-14,WITHDRAWAL,4508000.0
T00001391,A0000208,2026-05-08,DEPOSIT,671000.0
T00001392,A0001427,2026-04-16,TRANSFER,4846000.0
T00001393,A0000889,2025-03-19,TRANSFER,1463000.0
T00001394,A0001748,2026-03-06,WITHDRAWAL,4287000.0
T00001395,A0000253,2026-04-12,WITHDRAWAL,787000.0
T00001396,A0000358,2026-07-11,TRANSFER,1799000.0
T00001397,A0000541,2025-07-05,TRANSFER,2839000.0
T00001398,A0000305,2025-03-05,DEPOSIT,4675000.0
T00001399,A0000506,2025-08-05,DEPOSIT,203000.0
T00001400,A0001295,2026-08-08,DEPOSIT,2227000.0
T00001401,A0000231,2026-05-13,WITHDRAWAL,3384000.0
T00001402,A0000600,2026-05-01,DEPOSIT,1795000.0
T00001403,A0000252,2025-11-04,TRANSFER,3684000.0
T00001404,A0001418,2025-06-21,WITHDRAWAL,590000.0
T00001405,A0001355,2026-01-01,WITHDRAWAL,3257000.0
T00001406,A0001735,2026-03-29,WITHDRAWAL,1171000.0
T00001407,A0000366,2025-05-03,WITHDRAWAL,861000.0
T00001408,A0000742,2026-01-02,WITHDRAWAL,2221000.0
T00001409,A0001672,2025-02-24,WITHDRAWAL,437000.0
T00001410,A0000390,2025-07-05,WITHDRAWAL,4629000.0
T00001411,A0001214,2025-04-18,TRANSFER,3340000.0
T00001412,A0001004,2025-12-23,DEPOSIT,2148000.0
T00001413,A0000661,2025-04-30,DEPOSIT,1831000.0
T00001414,A0001291,2026-02-16,WITHDRAWAL,3064000.0
T00001415,A0000284,2026-01-08,WITHDRAWAL,31000.0
T00001416,A0001627,2026-01-26,TRANSFER,882000.0
T00001417,A0000755,2025-04-14,TRANSFER,2150000.0
T00001418,A0001602,2025-12-25,TRANSFER,1996000.0
T00001419,A0000578,2025-12-25,TRANSFER,4081000.0
T00001420,A0001221,2025-03-07,TRANSFER,904000.0
T00001421,A0000687,2025-07-16,DEPOSIT,173000.0
T00001422,A0000244,2025-04-25,TRANSFER,1807000.0
T00001423,A0000702,2026-05-27,TRANSFER,793000.0
T00001424,A0000306,2025-12-11,DEPOSIT,2321000.0
T00001425,A0000195,2026-01-18,DEPOSIT,2667000.0
T00001426,A0001691,2026-08-13,TRANSFER,3338000.0
T00001427,A0000390,2025-04-24,TRANSFER,1873000.0
T00001428,A0001530,2026-01-02,DEPOSIT,445000.0
T00001429,A0000101,2026-02-08,TRANSFER,4483000.0
T00001430,A0000275,2025-07-20,TRANSFER,3759000.0
T00001431,A0000839,2025-12-05,DEPOSIT,3141000.0
T00001432,A0000768,2025-04-11,TRANSFER,1606000.0
T00001433,A0000383,2025-08-20,WITHDRAWAL,1994000.0
T00001434,A0001630,2025-09-23,TRANSFER,639000.0
T00001435,A0000018,2026-01-12,WITHDRAWAL,326000.0
T00001436,A0000603,2025-05-18,TRANSFER,3444000.0
T00001437,A0000019,2025-09-16,TRANSFER,2539000.0
T00001438,A0001425,2026-01-18,TRANSFER,2285000.0
T00001439,A0000934,2025-11-26,TRANSFER,4337000.0
T00001440,A0001077,2026-02-12,WITHDRAWAL,943000.0
T00001441,A0000485,2026-01-01,WITHDRAWAL,3254000.0
T00001442,A0000191,2025-07-21,DEPOSIT,2968000.0
T00001443,A0001031,2026-02-11,TRANSFER,350000.0
T00001444,A0000359,2025-12-01,TRANSFER,1651000.0
T00001445,A0000560,2025-12-30,DEPOSIT,3693000.0
T00001446,A0001391,2025-03-11,TRANSFER,500000.0
T00001447,A0000284,2026-07-15,WITHDRAWAL,3736000.0
T00001448,A0000761,2026-01-03,TRANSFER,924000.0
T00001449,A0000019,2025-08-29,TRANSFER,573000.0
T00001450,A0000488,2025-08-25,DEPOSIT,3637000.0
T00001451,A0000661,2026-08-31,DEPOSIT,2895000.0
T00001452,A0000010,2026-02-10,DEPOSIT,277000.0
T00001453,A0001446,2026-07-01,WITHDRAWAL,2168000.0
T00001454,A0000054,2025-09-05,TRANSFER,1327000.0
T00001455,A0001395,2025-03-09,WITHDRAWAL,3396000.0
T00001456,A0001055,2025-04-28,DEPOSIT,2173000.0
T00001457,A0001470,2025-08-26,TRANSFER,4110000.0
T00001458,A0001299,2025-07-09,TRANSFER,4492000.0
T00001459,A0000431,2025-06-02,DEPOSIT,1181000.0
T00001460,A0000326,2025-05-01,WITHDRAWAL,152000.0
T00001461,A0000437,2025-01-04,TRANSFER,2099000.0
T00001462,A0000351,2025-08-17,TRANSFER,602000.0
T00001463,A0000885,2025-09-01,WITHDRAWAL,743000.0
T00001464,A0001371,2026-05-27,DEPOSIT,2555000.0
T00001465,A0001514,2025-03-11,TRANSFER,2042000.0
T00001466,A0000377,2026-05-22,WITHDRAWAL,4177000.0
T00001467,A0000143,2026-04-19,WITHDRAWAL,3551000.0
T00001468,A0001264,2026-04-06,TRANSFER,4647000.0
T00001469,A0001254,2025-04-20,DEPOSIT,70000.0
T00001470,A0000019,2025-03-25,DEPOSIT,2597000.0
T00001471,A0000580,2025-02-19,TRANSFER,2691000.0
T00001472,A0000146,2026-05-05,TRANSFER,852000.0
T00001473,A0001037,2026-04-13,WITHDRAWAL,2974000.0
T00001474,A0000773,2025-07-02,WITHDRAWAL,2898000.0
T00001475,A0000970,2025-07-16,WITHDRAWAL,1653000.0
T00001476,A0001530,2026-06-09,DEPOSIT,2134000.0
T00001477,A0001746,2025-08-19,DEPOSIT,4272000.0
T00001478,A0000360,2025-09-27,WITHDRAWAL,673000.0
T00001479,A0001456,2025-02-27,WITHDRAWAL,2190000.0
T00001480,A0000533,2025-10-28,WITHDRAWAL,2049000.0
T00001481,A0000924,2025-04-01,WITHDRAWAL,2775000.0
T00001482,A0001528,2025-09-15,WITHDRAWAL,4246000.0
T00001483,A0000331,2025-10-19,DEPOSIT,3784000.0
T00001484,A0001555,2025-02-02,TRANSFER,1934000.0
T00001485,A0001104,2026-07-25,DEPOSIT,994000.0
T00001486,A0000686,2026-04-21,TRANSFER,4360000.0
T00001487,A0000066,2026-01-27,WITHDRAWAL,260000.0
T00001488,A0000462,2025-11-19,TRANSFER,1030000.0
T00001489,A0000739,2026-05-12,TRANSFER,329000.0
T00001490,A0000683,2026-08-22,TRANSFER,1657000.0
T00001491,A0001721,2026-05-25,TRANSFER,2875000.0
T00001492,A0001560,2026-05-30,DEPOSIT,2313000.0
T00001493,A0000245,2026-08-05,DEPOSIT,1226000.0
T00001494,A0000366,2026-05-04,DEPOSIT,4592000.0
T00001495,A0000819,2025-09-22,WITHDRAWAL,2050000.0
T00001496,A0001141,2025-02-22,TRANSFER,4491000.0
T00001497,A0001588,2026-05-05,TRANSFER,4175000.0
T00001498,A0001665,2025-03-23,DEPOSIT,1233000.0
T00001499,A0000844,2025-02-07,WITHDRAWAL,2362000.0
T00001500,A0001308,2025-12-19,TRANSFER,2209000.0
T00001501,A0000801,2026-07-12,TRANSFER,2817000.0
T00001502,A0000012,2025-04-12,DEPOSIT,810000.0
T00001503,A0000152,2025-05-01,WITHDRAWAL,4916000.0
T00001504,A0000858,2025-11-14,DEPOSIT,1072000.0
T00001505,A0001241,2025-07-21,DEPOSIT,3065000.0
T00001506,A0000122,2026-06-05,WITHDRAWAL,1156000.0
T00001507,A0000685,2026-06-09,TRANSFER,3811000.0
T00001508,A0001329,2026-05-24,TRANSFER,596000.0
T00001509,A0000354,2025-08-21,WITHDRAWAL,3030000.0
T00001510,A0000167,2025-12-27,DEPOSIT,3766000.0
T00001511,A0000618,2025-02-10,TRANSFER,4853000.0
T00001512,A0001557,2026-07-10,DEPOSIT,943000.0
T00001513,A0001068,2025-10-29,WITHDRAWAL,1492000.0
T00001514,A0000121,2025-07-11,DEPOSIT,4776000.0
T00001515,A0000010,2025-06-16,DEPOSIT,2897000.0
T00001516,A0001068,2026-07-30,WITHDRAWAL,2840000.0
T00001517,A0001013,2026-03-24,WITHDRAWAL,3681000.0
T00001518,A0000276,2025-05-14,WITHDRAWAL,4608000.0
T00001519,A0001612,2025-10-15,DEPOSIT,3033000.0
T00001520,A0001635,2025-06-09,DEPOSIT,988000.0
T00001521,A0000236,2025-03-10,DEPOSIT,252000.0
T00001522,A0000737,2026-03-16,DEPOSIT,1810000.0
T00001523,A0000740,2025-07-16,TRANSFER,114000.0
T00001524,A0000269,2025-02-22,DEPOSIT,3516000.0
T00001525,A0000484,2025-04-08,TRANSFER,4663000.0
T00001526,A0000101,2026-03-21,DEPOSIT,4473000.0
T00001527,A0001390,2026-01-26,DEPOSIT,1685000.0
T00001528,A0000301,2025-08-18,TRANSFER,525000.0
T00001529,A0001121,2025-10-27,DEPOSIT,1281000.0
T00001530,A0000882,2025-12-26,DEPOSIT,838000.0
T00001531,A0001177,2025-08-25,WITHDRAWAL,3492000.0
T00001532,A0001542,2026-04-19,WITHDRAWAL,2399000.0
T00001533,A0001339,2025-10-31,DEPOSIT,4785000.0
T00001534,A0001235,2026-08-30,TRANSFER,475000.0
T00001535,A0000766,2025-08-11,TRANSFER,1453000.0
T00001536,A0001159,2025-07-23,DEPOSIT,4761000.0
T00001537,A0000143,2026-07-06,WITHDRAWAL,4163000.0
T00001538,A0000425,2026-01-21,TRANSFER,542000.0
T00001539,A0001500,2026-02-16,DEPOSIT,3385000.0
T00001540,A0000633,2026-02-15,DEPOSIT,2668000.0
T00001541,A0001376,2026-06-20,TRANSFER,3180000.0
T00001542,A0001174,2025-05-05,WITHDRAWAL,3244000.0
T00001543,A0001465,2025-03-07,TRANSFER,1894000.0
T00001544,A0000946,2025-03-30,WITHDRAWAL,3683000.0
T00001545,A0000765,2025-03-06,TRANSFER,1048000.0
T00001546,A0000830,2026-02-14,TRANSFER,4880000.0
T00001547,A0000053,2025-11-22,TRANSFER,2124000.0
T00001548,A0000501,2025-08-26,DEPOSIT,2436000.0
T00001549,A0001414,2025-07-25,WITHDRAWAL,2535000.0
T00001550,A0000013,2025-01-04,WITHDRAWAL,1040000.0
T00001551,A0000359,2025-02-11,WITHDRAWAL,1067000.0
T00001552,A0000870,2025-02-17,DEPOSIT,4537000.0
T00001553,A0001745,2026-01-30,TRANSFER,1863000.0
T00001554,A0000315,2026-03-03,WITHDRAWAL,252000.0
T00001555,A0000816,2025-01-01,TRANSFER,3097000.0
T00001556,A0001476,2025-05-24,WITHDRAWAL,570000.0
T00001557,A0001337,2025-03-20,WITHDRAWAL,4844000.0
T00001558,A0000063,2026-07-14,WITHDRAWAL,2466000.0
T00001559,A0000001,2025-12-18,WITHDRAWAL,2661000.0
T00001560,A0000290,2026-02-18,WITHDRAWAL,1191000.0
T00001561,A0000803,2026-06-04,DEPOSIT,4496000.0
T00001562,A0001765,2026-01-26,DEPOSIT,2249000.0
T00001563,A0001604,2026-04-06,DEPOSIT,1436000.0
T00001564,A0000636,2025-11-15,TRANSFER,3787000.0
T00001565,A0000506,2026-01-15,TRANSFER,4423000.0
T00001566,A0000638,2026-02-14,DEPOSIT,664000.0
T00001567,A0000224,2025-06-25,WITHDRAWAL,1687000.0
T00001568,A0001796,2026-07-10,WITHDRAWAL,1934000.0
T00001569,A0001234,2025-08-03,DEPOSIT,2810000.0
T00001570,A0000174,2026-08-18,TRANSFER,413000.0
T00001571,A0000673,2025-01-07,DEPOSIT,3527000.0
T00001572,A0000917,2025-05-04,DEPOSIT,742000.0
T00001573,A0001474,2025-03-08,WITHDRAWAL,2743000.0
T00001574,A0001609,2025-10-04,TRANSFER,2113000.0
T00001575,A0001344,2025-05-23,DEPOSIT,3506000.0
T00001576,A0000146,2025-11-25,WITHDRAWAL,1351000.0
T00001577,A0000600,2025-04-09,DEPOSIT,3270000.0
T00001578,A0001582,2026-03-25,WITHDRAWAL,3158000.0
T00001579,A0000416,2025-05-13,DEPOSIT,595000.0
T00001580,A0000577,2025-12-11,WITHDRAWAL,1749000.0
T00001581,A0001398,2025-06-28,TRANSFER,4286000.0
T00001582,A0000802,2025-02-22,WITHDRAWAL,23000.0
T00001583,A0001044,2025-06-14,DEPOSIT,3144000.0
T00001584,A0001695,2025-12-23,WITHDRAWAL,4408000.0
T00001585,A0000386,2026-01-27,DEPOSIT,2204000.0
T00001586,A0001137,2026-04-12,TRANSFER,1410000.0
T00001587,A0000071,2026-04-25,DEPOSIT,3427000.0
T00001588,A0001681,2025-07-29,TRANSFER,1657000.0
T00001589,A0001486,2026-05-11,DEPOSIT,678000.0
T00001590,A0000719,2025-05-06,WITHDRAWAL,4530000.0
T00001591,A0000346,2025-03-15,DEPOSIT,3499000.0
T00001592,A0000683,2026-04-28,WITHDRAWAL,124000.0
T00001593,A0001105,2026-05-01,WITHDRAWAL,3196000.0
T00001594,A0001531,2025-09-02,DEPOSIT,1157000.0
T00001595,A0000105,2026-04-08,WITHDRAWAL,3828000.0
T00001596,A0000789,2025-10-17,TRANSFER,3762000.0
T00001597,A0000829,2025-06-02,TRANSFER,3068000.0
T00001598,A0001076,2026-03-19,TRANSFER,1419000.0
T00001599,A0000883,2026-01-01,TRANSFER,3501000.0
T00001600,A0000709,2026-05-11,WITHDRAWAL,958000.0
T00001601,A0000695,2025-09-06,TRANSFER,4541000.0
T00001602,A0000877,2025-08-18,WITHDRAWAL,3118000.0
T00001603,A0001332,2025-08-03,WITHDRAWAL,4066000.0
T00001604,A0001756,2025-07-04,WITHDRAWAL,1117000.0
T00001605,A0000280,2025-12-08,DEPOSIT,2839000.0
T00001606,A0000745,2025-06-07,TRANSFER,1984000.0
T00001607,A0001602,2025-07-22,TRANSFER,4532000.0
T00001608,A0001113,2026-04-20,DEPOSIT,3199000.0
T00001609,A0000191,2025-08-12,DEPOSIT,177000.0
T00001610,A0001640,2026-07-08,DEPOSIT,3949000.0
T00001611,A0000396,2025-10-24,WITHDRAWAL,1318000.0
T00001612,A0000450,2025-09-24,WITHDRAWAL,2731000.0
T00001613,A0001588,2026-04-09,WITHDRAWAL,3664000.0
T00001614,A0001463,2026-07-08,WITHDRAWAL,789000.0
T00001615,A0000014,2026-06-27,DEPOSIT,863000.0
T00001616,A0001327,2025-03-03,DEPOSIT,2812000.0
T00001617,A0000575,2025-08-27,DEPOSIT,351000.0
T00001618,A0001734,2026-05-29,TRANSFER,1897000.0
T00001619,A0001144,2026-06-15,TRANSFER,1231000.0
T00001620,A0000744,2025-04-08,DEPOSIT,304000.0
T00001621,A0000985,2025-05-07,WITHDRAWAL,3196000.0
T00001622,A0000275,2026-02-10,WITHDRAWAL,3389000.0
T00001623,A0001064,2025-03-06,DEPOSIT,3288000.0
T00001624,A0000499,2025-10-04,WITHDRAWAL,4408000.0
T00001625,A0000574,2025-05-21,DEPOSIT,2557000.0
T00001626,A0000068,2026-02-25,DEPOSIT,4980000.0
T00001627,A0000194,2026-03-18,DEPOSIT,2616000.0
T00001628,A0001682,2026-01-05,TRANSFER,4800000.0
T00001629,A0000222,2025-02-25,TRANSFER,1981000.0
T00001630,A0000191,2026-04-19,DEPOSIT,712000.0
T00001631,A0001625,2025-12-09,DEPOSIT,1635000.0
T00001632,A0000635,2025-07-19,WITHDRAWAL,3113000.0
T00001633,A0001420,2025-03-17,WITHDRAWAL,2520000.0
T00001634,A0001399,2025-07-05,WITHDRAWAL,480000.0
T00001635,A0000047,2026-07-25,WITHDRAWAL,2322000.0
T00001636,A0001422,2025-11-05,TRANSFER,734000.0
T00001637,A0001013,2026-01-03,TRANSFER,4334000.0
T00001638,A0001062,2025-02-08,WITHDRAWAL,4635000.0
T00001639,A0001672,2026-06-15,WITHDRAWAL,857000.0
T00001640,A0001592,2025-06-18,DEPOSIT,2515000.0
T00001641,A0001398,2025-06-22,WITHDRAWAL,3253000.0
T00001642,A0001218,2025-09-02,TRANSFER,2469000.0
T00001643,A0001630,2026-01-06,TRANSFER,4369000.0
T00001644,A0000590,2025-12-12,WITHDRAWAL,4886000.0
T00001645,A0000892,2026-05-21,DEPOSIT,3198000.0
T00001646,A0001688,2026-04-10,DEPOSIT,3795000.0
T00001647,A0000060,2025-04-01,DEPOSIT,715000.0
T00001648,A0000714,2025-04-28,WITHDRAWAL,2091000.0
T00001649,A0000926,2026-07-31,DEPOSIT,2195000.0
T00001650,A0001407,2025-11-09,TRANSFER,2747000.0
T00001651,A0000291,2025-07-25,TRANSFER,418000.0
T00001652,A0001565,2026-08-15,TRANSFER,1948000.0
T00001653,A0000192,2026-03-14,DEPOSIT,4649000.0
T00001654,A0000118,2025-12-17,DEPOSIT,2378000.0
T00001655,A0000907,2026-01-22,DEPOSIT,530000.0
T00001656,A0001625,2026-04-23,TRANSFER,4087000.0
T00001657,A0001267,2025-11-17,DEPOSIT,1164000.0
T00001658,A0001718,2025-12-26,WITHDRAWAL,1573000.0
T00001659,A0000411,2026-01-01,DEPOSIT,4750000.0
T00001660,A0000219,2026-07-25,TRANSFER,4808000.0
T00001661,A0001297,2026-01-01,TRANSFER,402000.0
T00001662,A0000180,2025-07-31,TRANSFER,2800000.0
T00001663,A0000871,2026-04-08,DEPOSIT,58000.0
T00001664,A0000121,2025-08-19,TRANSFER,2348000.0
T00001665,A0000699,2026-03-18,WITHDRAWAL,4199000.0
T00001666,A0001771,2025-05-26,WITHDRAWAL,4950000.0
T00001667,A0000396,2025-02-16,TRANSFER,3169000.0
T00001668,A0000391,2026-08-10,TRANSFER,2337000.0
T00001669,A0001195,2026-04-23,WITHDRAWAL,4186000.0
T00001670,A0000384,2026-06-11,TRANSFER,400000.0
T00001671,A0000342,2026-01-15,DEPOSIT,3135000.0
T00001672,A0000874,2026-01-05,DEPOSIT,1390000.0
T00001673,A0001325,2025-02-02,TRANSFER,750000.0
T00001674,A0000234,2025-03-14,TRANSFER,1910000.0
T00001675,A0000060,2025-10-11,DEPOSIT,2513000.0
T00001676,A0001143,2025-08-30,WITHDRAWAL,3847000.0
T00001677,A0000745,2025-07-15,TRANSFER,3467000.0
T00001678,A0000492,2025-06-18,DEPOSIT,3276000.0
T00001679,A0001429,2026-01-14,WITHDRAWAL,1366000.0
T00001680,A0000452,2025-10-24,TRANSFER,2916000.0
T00001681,A0000065,2025-04-13,TRANSFER,542000.0
T00001682,A0000909,2025-10-31,TRANSFER,1915000.0
T00001683,A0000660,2025-12-19,TRANSFER,2929000.0
T00001684,A0000600,2025-08-02,DEPOSIT,3525000.0
T00001685,A0001156,2026-07-23,DEPOSIT,1227000.0
T00001686,A0000050,2025-10-24,WITHDRAWAL,3013000.0
T00001687,A0000983,2025-06-24,TRANSFER,3652000.0
T00001688,A0000692,2025-07-27,TRANSFER,1584000.0
T00001689,A0001055,2025-06-23,DEPOSIT,1970000.0
T00001690,A0001338,2025-04-29,TRANSFER,4621000.0
T00001691,A0001021,2025-05-15,TRANSFER,40000.0
T00001692,A0000412,2025-04-14,TRANSFER,496000.0
T00001693,A0001180,2026-07-13,WITHDRAWAL,3359000.0
T00001694,A0001518,2025-10-07,TRANSFER,2676000.0
T00001695,A0000158,2025-04-27,TRANSFER,4042000.0
T00001696,A0001046,2025-10-15,TRANSFER,2324000.0
T00001697,A0000394,2026-04-30,WITHDRAWAL,566000.0
T00001698,A0000188,2026-07-28,WITHDRAWAL,4496000.0
T00001699,A0000228,2026-06-08,TRANSFER,3199000.0
T00001700,A0000011,2025-09-09,WITHDRAWAL,195000.0
T00001701,A0000667,2026-04-15,DEPOSIT,4044000.0
T00001702,A0001531,2025-09-18,DEPOSIT,3018000.0
T00001703,A0000431,2026-02-03,DEPOSIT,660000.0
T00001704,A0000863,2025-09-09,TRANSFER,2877000.0
T00001705,A0000398,2026-05-11,WITHDRAWAL,1546000.0
T00001706,A0000560,2026-01-26,DEPOSIT,3061000.0
T00001707,A0001788,2026-06-23,WITHDRAWAL,2191000.0
T00001708,A0001189,2025-09-07,TRANSFER,4631000.0
T00001709,A0001228,2025-08-31,TRANSFER,2364000.0
T00001710,A0001775,2025-10-30,DEPOSIT,943000.0
T00001711,A0001562,2025-06-29,WITHDRAWAL,1863000.0
T00001712,A0000526,2026-07-12,WITHDRAWAL,89000.0
T00001713,A0001212,2025-07-07,TRANSFER,1560000.0
T00001714,A0001133,2025-04-11,TRANSFER,3687000.0
T00001715,A0000774,2025-04-16,WITHDRAWAL,4241000.0
T00001716,A0001686,2025-01-22,DEPOSIT,1677000.0
T00001717,A0000934,2026-02-04,WITHDRAWAL,6000.0
T00001718,A0001574,2026-03-29,DEPOSIT,4764000.0
T00001719,A0000666,2025-10-17,WITHDRAWAL,3308000.0
T00001720,A0000737,2026-06-05,WITHDRAWAL,4555000.0
T00001721,A0001188,2025-06-17,TRANSFER,1629000.0
T00001722,A0000874,2025-12-25,DEPOSIT,2990000.0
T00001723,A0001617,2025-11-17,DEPOSIT,1036000.0
T00001724,A0000456,2025-08-29,DEPOSIT,1047000.0
T00001725,A0001333,2025-01-04,TRANSFER,832000.0
T00001726,A0001014,2026-08-02,WITHDRAWAL,4362000.0
T00001727,A0000779,2025-10-24,TRANSFER,2112000.0
T00001728,A0000417,2025-03-12,WITHDRAWAL,443000.0
T00001729,A0000824,2026-06-07,DEPOSIT,4727000.0
T00001730,A0001453,2026-02-28,TRANSFER,3911000.0
T00001731,A0001777,2026-01-01,WITHDRAWAL,3155000.0
T00001732,A0000294,2026-05-15,DEPOSIT,3614000.0
T00001733,A0000417,2025-09-18,WITHDRAWAL,820000.0
T00001734,A0000438,2025-04-12,WITHDRAWAL,4395000.0
T00001735,A0001387,2025-06-21,DEPOSIT,720000.0
T00001736,A0001559,2026-05-17,DEPOSIT,1693000.0
T00001737,A0001269,2025-05-31,TRANSFER,1154000.0
T00001738,A0000818,2025-09-23,WITHDRAWAL,954000.0
T00001739,A0001542,2025-05-15,WITHDRAWAL,4711000.0
T00001740,A0000867,2026-05-13,DEPOSIT,2004000.0
T00001741,A0000485,2025-10-15,WITHDRAWAL,2269000.0
T00001742,A0000648,2026-07-31,TRANSFER,3355000.0
T00001743,A0000243,2025-11-19,WITHDRAWAL,498000.0
T00001744,A0001308,2025-10-17,TRANSFER,1564000.0
T00001745,A0000625,2025-04-28,WITHDRAWAL,4268000.0
T00001746,A0001706,2025-01-08,TRANSFER,3406000.0
T00001747,A0000518,2025-07-16,TRANSFER,3757000.0
T00001748,A0000461,2025-06-07,TRANSFER,4146000.0
T00001749,A0000542,2025-11-01,WITHDRAWAL,432000.0
T00001750,A0000340,2026-07-21,TRANSFER,2002000.0
T00001751,A0000228,2026-06-27,TRANSFER,1307000.0
T00001752,A0000432,2026-04-18,TRANSFER,1074000.0
T00001753,A0000618,2025-03-05,WITHDRAWAL,134000.0
T00001754,A0001135,2025-05-23,DEPOSIT,1155000.0
T00001755,A0001721,2025-12-13,DEPOSIT,4124000.0
T00001756,A0001732,2025-07-05,WITHDRAWAL,1124000.0
T00001757,A0001708,2025-03-22,DEPOSIT,2280000.0
T00001758,A0000025,2025-11-15,TRANSFER,3646000.0
T00001759,A0001697,2025-05-07,DEPOSIT,3077000.0
T00001760,A0001108,2025-05-30,WITHDRAWAL,3211000.0
T00001761,A0000964,2025-04-29,TRANSFER,4635000.0
T00001762,A0000715,2025-08-06,DEPOSIT,4675000.0
T00001763,A0000397,2025-03-07,DEPOSIT,2590000.0
T00001764,A0000416,2025-03-15,DEPOSIT,651000.0
T00001765,A0001709,2026-06-07,WITHDRAWAL,2699000.0
T00001766,A0001361,2026-08-15,WITHDRAWAL,714000.0
T00001767,A0000115,2025-09-16,TRANSFER,3439000.0
T00001768,A0001562,2025-07-07,TRANSFER,4700000.0
T00001769,A0000152,2025-10-02,DEPOSIT,442000.0
T00001770,A0000767,2025-02-20,WITHDRAWAL,754000.0
T00001771,A0000064,2025-12-25,WITHDRAWAL,3910000.0
T00001772,A0000852,2025-06-02,WITHDRAWAL,2299000.0
T00001773,A0000792,2026-04-23,DEPOSIT,3186000.0
T00001774,A0000666,2025-10-11,TRANSFER,3216000.0
T00001775,A0000886,2025-03-30,WITHDRAWAL,3981000.0
T00001776,A0000804,2026-08-01,WITHDRAWAL,101000.0
T00001777,A0001653,2025-05-30,TRANSFER,2332000.0
T00001778,A0001032,2025-04-02,TRANSFER,4997000.0
T00001779,A0001659,2026-08-20,DEPOSIT,3375000.0
T00001780,A0001305,2025-09-30,DEPOSIT,3228000.0
T00001781,A0001367,2025-05-20,WITHDRAWAL,2785000.0
T00001782,A0001640,2026-07-15,DEPOSIT,3408000.0
T00001783,A0000046,2026-01-27,TRANSFER,1493000.0
T00001784,A0001349,2026-05-17,WITHDRAWAL,1217000.0
T00001785,A0000129,2026-05-26,DEPOSIT,579000.0
T00001786,A0000098,2025-03-03,WITHDRAWAL,70000.0
T00001787,A0000200,2025-07-10,WITHDRAWAL,1636000.0
T00001788,A0000960,2025-04-20,TRANSFER,1422000.0
T00001789,A0000767,2025-07-25,TRANSFER,2599000.0
T00001790,A0000841,2025-01-11,DEPOSIT,4471000.0
T00001791,A0000260,2026-07-27,WITHDRAWAL,3025000.0
T00001792,A0000020,2025-11-27,TRANSFER,4277000.0
T00001793,A0000979,2026-01-14,TRANSFER,3998000.0
T00001794,A0001496,2026-05-20,TRANSFER,469000.0
T00001795,A0001168,2025-09-17,TRANSFER,2452000.0
T00001796,A0000629,2026-01-20,DEPOSIT,2533000.0
T00001797,A0000126,2026-08-04,WITHDRAWAL,3032000.0
T00001798,A0000154,2026-04-09,TRANSFER,464000.0
T00001799,A0000945,2026-04-02,TRANSFER,1129000.0
T00001800,A0001215,2025-09-05,WITHDRAWAL,2426000.0
T00001801,A0001697,2026-07-09,TRANSFER,925000.0
T00001802,A0000727,2025-12-20,DEPOSIT,2340000.0
T00001803,A0000510,2025-12-07,WITHDRAWAL,2245000.0
T00001804,A0001259,2025-03-29,DEPOSIT,1769000.0
T00001805,A0000388,2025-05-02,TRANSFER,1021000.0
T00001806,A0000211,2025-11-07,DEPOSIT,4176000.0
T00001807,A0001636,2026-01-23,WITHDRAWAL,1805000.0
T00001808,A0000606,2025-09-27,WITHDRAWAL,24000.0
T00001809,A0000046,2026-08-12,TRANSFER,2684000.0
T00001810,A0000774,2025-12-10,DEPOSIT,4862000.0
T00001811,A0001525,2025-07-22,WITHDRAWAL,1964000.0
T00001812,A0001525,2026-03-04,WITHDRAWAL,1728000.0
T00001813,A0000762,2025-04-01,WITHDRAWAL,1927000.0
T00001814,A0000006,2026-02-16,DEPOSIT,4781000.0
T00001815,A0000295,2026-01-04,WITHDRAWAL,3368000.0
T00001816,A0000865,2026-01-30,DEPOSIT,2781000.0
T00001817,A0001113,2026-06-30,TRANSFER,895000.0
T00001818,A0000888,2025-02-01,WITHDRAWAL,2398000.0
T00001819,A0000046,2026-05-15,DEPOSIT,2418000.0
T00001820,A0000188,2026-02-15,TRANSFER,4829000.0
T00001821,A0000901,2025-02-27,DEPOSIT,1281000.0
T00001822,A0000411,2025-02-16,DEPOSIT,2000.0
T00001823,A0001036,2025-03-23,WITHDRAWAL,2951000.0
T00001824,A0000577,2025-08-05,WITHDRAWAL,1383000.0
T00001825,A0001060,2026-08-02,WITHDRAWAL,2130000.0
T00001826,A0000679,2026-08-21,WITHDRAWAL,759000.0
T00001827,A0001764,2025-12-25,DEPOSIT,3562000.0
T00001828,A0001093,2026-06-03,WITHDRAWAL,1709000.0
T00001829,A0001536,2026-01-16,WITHDRAWAL,1913000.0
T00001830,A0001107,2025-02-10,TRANSFER,636000.0
T00001831,A0000520,2025-06-23,TRANSFER,3749000.0
T00001832,A0000925,2026-05-10,TRANSFER,2664000.0
T00001833,A0000811,2026-02-13,TRANSFER,3718000.0
T00001834,A0000315,2026-08-18,WITHDRAWAL,758000.0
T00001835,A0001154,2026-06-06,TRANSFER,1423000.0
T00001836,A0001206,2026-01-29,WITHDRAWAL,3564000.0
T00001837,A0000159,2025-02-11,DEPOSIT,197000.0
T00001838,A0000088,2025-01-04,TRANSFER,3697000.0
T00001839,A0000423,2025-12-09,DEPOSIT,3106000.0
T00001840,A0001332,2025-10-03,TRANSFER,197000.0
T00001841,A0001014,2025-10-26,WITHDRAWAL,56000.0
T00001842,A0001747,2025-09-06,TRANSFER,2253000.0
T00001843,A0001553,2025-07-18,WITHDRAWAL,1593000.0
T00001844,A0000983,2026-05-16,DEPOSIT,3337000.0
T00001845,A0001632,2025-05-29,DEPOSIT,310000.0
T00001846,A0001044,2026-01-04,TRANSFER,2834000.0
T00001847,A0000934,2025-08-13,WITHDRAWAL,4396000.0
T00001848,A0001603,2025-01-25,TRANSFER,4475000.0
T00001849,A0000267,2025-05-06,DEPOSIT,2833000.0
T00001850,A0000796,2025-04-04,DEPOSIT,1555000.0
T00001851,A0001797,2025-09-27,DEPOSIT,3977000.0
T00001852,A0000782,2026-06-25,TRANSFER,1539000.0
T00001853,A0000072,2025-07-14,TRANSFER,416000.0
T00001854,A0001273,2026-08-17,WITHDRAWAL,1010000.0
T00001855,A0000610,2026-03-26,TRANSFER,1933000.0
T00001856,A0000526,2025-01-29,DEPOSIT,4786000.0
T00001857,A0001019,2025-01-13,TRANSFER,4461000.0
T00001858,A0001754,2025-10-19,DEPOSIT,2661000.0
T00001859,A0001534,2026-04-04,WITHDRAWAL,1598000.0
T00001860,A0001166,2026-08-24,TRANSFER,3483000.0
T00001861,A0000857,2026-03-08,DEPOSIT,4097000.0
T00001862,A0001330,2025-12-04,DEPOSIT,2067000.0
T00001863,A0001131,2026-07-31,WITHDRAWAL,1395000.0
T00001864,A0000061,2025-09-14,WITHDRAWAL,4447000.0
T00001865,A0001413,2026-07-28,WITHDRAWAL,1383000.0
T00001866,A0000255,2025-04-03,WITHDRAWAL,3000.0
T00001867,A0001219,2025-03-21,TRANSFER,4985000.0
T00001868,A0001740,2025-12-02,WITHDRAWAL,1705000.0
T00001869,A0000819,2026-06-06,TRANSFER,2322000.0
T00001870,A0000889,2026-05-18,DEPOSIT,1788000.0
T00001871,A0000337,2026-04-20,DEPOSIT,4361000.0
T00001872,A0001736,2026-04-14,DEPOSIT,3156000.0
T00001873,A0000882,2026-05-16,WITHDRAWAL,103000.0
T00001874,A0000842,2025-02-10,TRANSFER,3349000.0
T00001875,A0000358,2026-06-14,TRANSFER,3202000.0
T00001876,A0001283,2026-06-03,DEPOSIT,4147000.0
T00001877,A0001184,2026-02-11,TRANSFER,1797000.0
T00001878,A0001547,2025-11-26,TRANSFER,130000.0
T00001879,A0000841,2026-06-14,WITHDRAWAL,4361000.0
T00001880,A0000253,2025-06-26,DEPOSIT,4977000.0
T00001881,A0000193,2026-08-12,WITHDRAWAL,3668000.0
T00001882,A0000318,2025-08-18,DEPOSIT,1680000.0
T00001883,A0000120,2025-11-21,WITHDRAWAL,3834000.0
T00001884,A0001429,2025-11-26,DEPOSIT,3559000.0
T00001885,A0000099,2025-07-16,TRANSFER,2026000.0
T00001886,A0001288,2025-12-03,DEPOSIT,4442000.0
T00001887,A0000075,2026-06-21,DEPOSIT,4331000.0
T00001888,A0001230,2025-12-07,DEPOSIT,252000.0
T00001889,A0001718,2026-04-27,DEPOSIT,3873000.0
T00001890,A0000767,2025-10-04,WITHDRAWAL,632000.0
T00001891,A0000785,2026-03-11,TRANSFER,2589000.0
T00001892,A0001287,2026-06-12,DEPOSIT,4664000.0
T00001893,A0000572,2025-01-09,TRANSFER,4872000.0
T00001894,A0000468,2026-02-12,TRANSFER,4853000.0
T00001895,A0001681,2025-10-15,DEPOSIT,639000.0
T00001896,A0000265,2026-06-22,TRANSFER,3274000.0
T00001897,A0000624,2026-04-29,TRANSFER,2668000.0
T00001898,A0001355,2025-01-23,TRANSFER,3107000.0
T00001899,A0001108,2025-05-14,DEPOSIT,4514000.0
T00001900,A0000372,2025-06-15,TRANSFER,3950000.0
T00001901,A0000524,2026-02-24,DEPOSIT,2357000.0
T00001902,A0000836,2026-03-25,WITHDRAWAL,3607000.0
T00001903,A0000049,2025-05-18,WITHDRAWAL,2602000.0
T00001904,A0000240,2026-04-17,DEPOSIT,3315000.0
T00001905,A0000900,2025-10-06,WITHDRAWAL,1513000.0
T00001906,A0000970,2025-11-25,DEPOSIT,4561000.0
T00001907,A0001101,2025-06-27,WITHDRAWAL,4004000.0
T00001908,A0001702,2025-10-17,WITHDRAWAL,3441000.0
T00001909,A0001525,2025-02-07,WITHDRAWAL,4160000.0
T00001910,A0000246,2025-08-20,TRANSFER,1308000.0
T00001911,A0000650,2025-02-28,TRANSFER,1361000.0
T00001912,A0001420,2025-02-07,WITHDRAWAL,637000.0
T00001913,A0000644,2026-08-20,TRANSFER,803000.0
T00001914,A0000325,2025-10-14,TRANSFER,608000.0
T00001915,A0000436,2026-06-06,DEPOSIT,4371000.0
T00001916,A0001417,2025-10-30,DEPOSIT,2216000.0
T00001917,A0000012,2026-08-10,WITHDRAWAL,905000.0
T00001918,A0001666,2025-01-25,TRANSFER,4438000.0
T00001919,A0000120,2026-05-28,DEPOSIT,2776000.0
T00001920,A0000364,2025-03-26,TRANSFER,1831000.0
T00001921,A0000964,2025-06-21,WITHDRAWAL,2166000.0
T00001922,A0001630,2026-08-12,WITHDRAWAL,4649000.0
T00001923,A0001645,2026-05-29,DEPOSIT,1177000.0
T00001924,A0000095,2026-08-27,TRANSFER,1542000.0
T00001925,A0000156,2025-10-13,DEPOSIT,2797000.0
T00001926,A0001388,2026-01-27,DEPOSIT,1648000.0
T00001927,A0000562,2025-05-05,TRANSFER,2884000.0
T00001928,A0000482,2026-04-19,TRANSFER,1797000.0
T00001929,A0000063,2026-01-07,WITHDRAWAL,437000.0
T00001930,A0000981,2025-10-11,TRANSFER,2735000.0
T00001931,A0001693,2025-07-28,WITHDRAWAL,3400000.0
T00001932,A0000689,2026-05-14,TRANSFER,1981000.0
T00001933,A0001528,2026-05-20,TRANSFER,4723000.0
T00001934,A0000908,2025-02-10,TRANSFER,2593000.0
T00001935,A0000580,2025-12-19,TRANSFER,2990000.0
T00001936,A0000874,2025-10-23,TRANSFER,2294000.0
T00001937,A0000419,2025-07-14,TRANSFER,607000.0
T00001938,A0000715,2025-08-24,WITHDRAWAL,4628000.0
T00001939,A0000058,2025-07-06,DEPOSIT,3154000.0
T00001940,A0001658,2025-05-18,WITHDRAWAL,4784000.0
T00001941,A0001107,2026-03-17,TRANSFER,4046000.0
T00001942,A0001074,2026-04-13,WITHDRAWAL,1968000.0
T00001943,A0000100,2025-09-04,WITHDRAWAL,1542000.0
T00001944,A0001330,2025-05-14,WITHDRAWAL,2577000.0
T00001945,A0000047,2025-12-26,TRANSFER,3098000.0
T00001946,A0000505,2026-02-22,TRANSFER,4752000.0
T00001947,A0000530,2025-01-18,DEPOSIT,1514000.0
T00001948,A0001585,2026-06-18,TRANSFER,4205000.0
T00001949,A0001222,2025-10-14,TRANSFER,3340000.0
T00001950,A0001307,2026-07-07,TRANSFER,3770000.0
T00001951,A0000656,2025-09-26,WITHDRAWAL,4969000.0
T00001952,A0001075,2025-06-16,WITHDRAWAL,2217000.0
T00001953,A0001211,2025-03-29,TRANSFER,2965000.0
T00001954,A0000188,2025-09-13,TRANSFER,3182000.0
T00001955,A0000797,2025-01-29,DEPOSIT,2566000.0
T00001956,A0000838,2026-08-19,WITHDRAWAL,3644000.0
T00001957,A0000407,2025-12-25,TRANSFER,1612000.0
T00001958,A0000874,2025-06-21,DEPOSIT,4459000.0
T00001959,A0001544,2026-05-12,DEPOSIT,2143000.0
T00001960,A0001796,2026-04-24,DEPOSIT,4610000.0
T00001961,A0001785,2026-08-09,TRANSFER,843000.0
T00001962,A0000017,2026-03-17,WITHDRAWAL,1606000.0
T00001963,A0001780,2025-01-12,WITHDRAWAL,3071000.0
T00001964,A0000419,2025-03-21,DEPOSIT,3579000.0
T00001965,A0000326,2025-02-20,TRANSFER,1016000.0
T00001966,A0000815,2025-11-07,TRANSFER,4746000.0
T00001967,A0000167,2026-08-22,TRANSFER,3641000.0
T00001968,A0001080,2026-03-19,DEPOSIT,2590000.0
T00001969,A0000372,2026-01-28,DEPOSIT,3237000.0
T00001970,A0001487,2025-07-06,WITHDRAWAL,1217000.0
T00001971,A0001760,2025-03-30,WITHDRAWAL,1814000.0
T00001972,A0000830,2026-08-14,WITHDRAWAL,2231000.0
T00001973,A0001247,2025-12-18,TRANSFER,2932000.0
T00001974,A0001324,2026-01-15,WITHDRAWAL,719000.0
T00001975,A0001017,2025-07-14,DEPOSIT,4635000.0
T00001976,A0000607,2026-03-06,WITHDRAWAL,2156000.0
T00001977,A0000379,2025-02-21,TRANSFER,3488000.0
T00001978,A0001430,2026-04-26,TRANSFER,733000.0
T00001979,A0000480,2026-06-15,TRANSFER,4058000.0
T00001980,A0000045,2026-08-30,TRANSFER,2773000.0
T00001981,A0001518,2026-05-21,WITHDRAWAL,3033000.0
T00001982,A0000374,2026-02-13,DEPOSIT,1713000.0
T00001983,A0001639,2025-07-10,TRANSFER,4279000.0
T00001984,A0000635,2026-08-19,TRANSFER,1488000.0
T00001985,A0001224,2026-08-14,DEPOSIT,4177000.0
T00001986,A0001648,2025-04-17,TRANSFER,643000.0
T00001987,A0000772,2025-09-11,TRANSFER,3387000.0
T00001988,A0001626,2025-08-15,WITHDRAWAL,2127000.0
T00001989,A0000973,2025-04-20,WITHDRAWAL,246000.0
T00001990,A0000542,2026-02-07,WITHDRAWAL,3036000.0
T00001991,A0000214,2026-01-20,WITHDRAWAL,3736000.0
T00001992,A0000876,2025-08-20,DEPOSIT,2647000.0
T00001993,A0001294,2026-02-18,TRANSFER,3606000.0
T00001994,A0000783,2025-04-05,TRANSFER,2191000.0
T00001995,A0001334,2026-01-06,DEPOSIT,163000.0
T00001996,A0001641,2025-02-22,TRANSFER,678000.0
T00001997,A0000777,2026-05-18,TRANSFER,261000.0
T00001998,A0000303,2025-06-06,DEPOSIT,2055000.0
T00001999,A0000806,2025-10-21,TRANSFER,4619000.0
T00002000,A0000418,2025-09-11,TRANSFER,2746000.0
T00002001,A0001327,2026-06-25,WITHDRAWAL,1109000.0
T00002002,A0000313,2026-05-24,DEPOSIT,453000.0
T00002003,A0000515,2026-08-25,WITHDRAWAL,690000.0
T00002004,A0000274,2026-04-12,TRANSFER,4059000.0
T00002005,A0000688,2025-08-22,TRANSFER,2358000.0
T00002006,A0000373,2025-08-03,WITHDRAWAL,2826000.0
T00002007,A0001395,2026-08-30,WITHDRAWAL,4751000.0
T00002008,A0000912,2026-05-11,DEPOSIT,162000.0
T00002009,A0001524,2025-04-04,DEPOSIT,1739000.0
T00002010,A0001231,2025-10-30,WITHDRAWAL,2769000.0
T00002011,A0001112,2026-04-30,DEPOSIT,2166000.0
T00002012,A0001787,2026-02-26,WITHDRAWAL,3877000.0
T00002013,A0000048,2026-04-18,DEPOSIT,3796000.0
T00002014,A0001655,2026-08-09,DEPOSIT,2220000.0
T00002015,A0001083,2025-02-21,DEPOSIT,4074000.0
T00002016,A0000795,2026-01-21,WITHDRAWAL,2606000.0
T00002017,A0001727,2025-07-28,WITHDRAWAL,1939000.0
T00002018,A0000188,2026-06-27,TRANSFER,2334000.0
T00002019,A0000368,2025-12-25,TRANSFER,2050000.0
T00002020,A0001737,2026-08-18,TRANSFER,814000.0
T00002021,A0000537,2025-08-01,WITHDRAWAL,2479000.0
T00002022,A0000021,2025-01-20,WITHDRAWAL,3629000.0
T00002023,A0000061,2026-08-12,WITHDRAWAL,1936000.0
T00002024,A0000747,2025-04-01,WITHDRAWAL,3461000.0
T00002025,A0001476,2025-03-12,WITHDRAWAL,4199000.0
T00002026,A0000130,2025-04-10,WITHDRAWAL,4523000.0
T00002027,A0000161,2025-11-06,WITHDRAWAL,3856000.0
T00002028,A0000124,2025-04-10,WITHDRAWAL,4920000.0
T00002029,A0001318,2026-02-14,TRANSFER,1185000.0
T00002030,A0000447,2025-04-03,TRANSFER,3899000.0
T00002031,A0000645,2025-03-24,DEPOSIT,178000.0
T00002032,A0000743,2025-08-04,DEPOSIT,2587000.0
T00002033,A0001742,2025-08-31,WITHDRAWAL,1805000.0
T00002034,A0000181,2026-01-22,TRANSFER,2747000.0
T00002035,A0000114,2026-01-16,TRANSFER,1313000.0
T00002036,A0001772,2025-02-13,WITHDRAWAL,4499000.0
T00002037,A0001718,2025-01-27,TRANSFER,571000.0
T00002038,A0001671,2025-08-25,TRANSFER,2951000.0
T00002039,A0000182,2025-05-10,TRANSFER,2920000.0
T00002040,A0001310,2025-04-01,DEPOSIT,465000.0
T00002041,A0000070,2026-05-07,WITHDRAWAL,4605000.0
T00002042,A0001256,2025-08-10,DEPOSIT,2050000.0
T00002043,A0001161,2025-08-22,TRANSFER,3207000.0
T00002044,A0001544,2025-08-21,DEPOSIT,3149000.0
T00002045,A0000391,2026-04-17,DEPOSIT,2553000.0
T00002046,A0001207,2026-07-14,TRANSFER,3414000.0
T00002047,A0001572,2026-02-22,DEPOSIT,4970000.0
T00002048,A0000190,2026-07-20,TRANSFER,2736000.0
T00002049,A0000510,2026-01-09,TRANSFER,4908000.0
T00002050,A0000343,2026-03-23,WITHDRAWAL,1814000.0
T00002051,A0000414,2025-07-07,DEPOSIT,3588000.0
T00002052,A0001469,2026-04-03,TRANSFER,4228000.0
T00002053,A0000868,2025-08-13,WITHDRAWAL,3244000.0
T00002054,A0000586,2025-04-01,WITHDRAWAL,4026000.0
T00002055,A0000123,2025-04-25,WITHDRAWAL,4001000.0
T00002056,A0000814,2026-01-11,WITHDRAWAL,3207000.0
T00002057,A0000508,2026-03-24,DEPOSIT,4416000.0
T00002058,A0000989,2026-05-01,WITHDRAWAL,2786000.0
T00002059,A0001345,2025-06-20,WITHDRAWAL,4967000.0
T00002060,A0000920,2026-02-09,WITHDRAWAL,4346000.0
T00002061,A0000494,2025-11-28,WITHDRAWAL,2306000.0
T00002062,A0000028,2026-08-28,WITHDRAWAL,4532000.0
T00002063,A0001418,2025-01-10,TRANSFER,660000.0
T00002064,A0000857,2026-07-15,WITHDRAWAL,2274000.0
T00002065,A0000660,2026-02-02,DEPOSIT,2013000.0
T00002066,A0000741,2025-04-27,WITHDRAWAL,4967000.0
T00002067,A0001502,2026-05-30,WITHDRAWAL,1720000.0
T00002068,A0000412,2026-02-27,WITHDRAWAL,4722000.0
T00002069,A0000314,2025-06-16,DEPOSIT,195000.0
T00002070,A0001260,2026-05-11,WITHDRAWAL,4367000.0
T00002071,A0000628,2025-09-04,DEPOSIT,3512000.0
T00002072,A0000065,2025-01-03,TRANSFER,4015000.0
T00002073,A0001667,2026-01-10,WITHDRAWAL,12000.0
T00002074,A0001710,2025-11-11,WITHDRAWAL,1228000.0
T00002075,A0000756,2026-08-31,TRANSFER,954000.0
T00002076,A0000928,2025-09-12,DEPOSIT,3881000.0
T00002077,A0001048,2025-12-17,DEPOSIT,1173000.0
T00002078,A0001472,2026-01-20,TRANSFER,4169000.0
T00002079,A0001033,2026-03-21,TRANSFER,1891000.0
T00002080,A0000481,2026-03-09,DEPOSIT,3968000.0
T00002081,A0001761,2025-07-08,WITHDRAWAL,3169000.0
T00002082,A0000866,2025-11-20,WITHDRAWAL,1539000.0
T00002083,A0001107,2026-07-21,WITHDRAWAL,4614000.0
T00002084,A0000170,2025-01-23,DEPOSIT,2561000.0
T00002085,A0001685,2026-01-26,WITHDRAWAL,277000.0
T00002086,A0000607,2025-10-22,TRANSFER,2493000.0
T00002087,A0000328,2026-04-18,WITHDRAWAL,4571000.0
T00002088,A0001747,2026-04-04,WITHDRAWAL,3164000.0
T00002089,A0001730,2025-11-28,WITHDRAWAL,271000.0
T00002090,A0001674,2025-04-03,WITHDRAWAL,4139000.0
T00002091,A0000687,2025-05-12,DEPOSIT,769000.0
T00002092,A0000829,2025-02-24,TRANSFER,41000.0
T00002093,A0001130,2026-07-12,TRANSFER,2959000.0
T00002094,A0000633,2025-10-01,DEPOSIT,4199000.0
T00002095,A0000082,2025-10-19,TRANSFER,1374000.0
T00002096,A0000704,2025-10-26,DEPOSIT,4800000.0
T00002097,A0001794,2025-06-11,WITHDRAWAL,3836000.0
T00002098,A0001399,2025-10-27,TRANSFER,1073000.0
T00002099,A0000840,2026-07-05,WITHDRAWAL,1548000.0
T00002100,A0000498,2026-06-23,DEPOSIT,4464000.0
T00002101,A0000626,2026-03-04,TRANSFER,4898000.0
T00002102,A0000483,2025-09-28,WITHDRAWAL,4225000.0
T00002103,A0001337,2026-01-11,TRANSFER,4360000.0
T00002104,A0000187,2025-08-08,TRANSFER,1754000.0
T00002105,A0001562,2025-09-07,TRANSFER,3155000.0
T00002106,A0000709,2025-01-28,DEPOSIT,97000.0
T00002107,A0000022,2025-04-24,TRANSFER,4001000.0
T00002108,A0000616,2025-06-14,TRANSFER,1962000.0
T00002109,A0001476,2025-11-24,DEPOSIT,620000.0
T00002110,A0000855,2025-02-20,TRANSFER,102000.0
T00002111,A0000037,2025-06-30,DEPOSIT,2898000.0
T00002112,A0001325,2026-03-28,WITHDRAWAL,2054000.0
T00002113,A0001661,2026-08-30,TRANSFER,2450000.0
T00002114,A0001258,2026-07-27,TRANSFER,4502000.0
T00002115,A0001636,2025-10-25,WITHDRAWAL,1644000.0
T00002116,A0001414,2025-07-05,TRANSFER,1779000.0
T00002117,A0001031,2025-01-11,TRANSFER,145000.0
T00002118,A0000270,2025-03-10,DEPOSIT,2716000.0
T00002119,A0000294,2025-06-08,DEPOSIT,1098000.0
T00002120,A0001363,2026-05-03,WITHDRAWAL,2745000.0
T00002121,A0001440,2025-10-17,WITHDRAWAL,1412000.0
T00002122,A0001409,2025-03-09,TRANSFER,3769000.0
T00002123,A0000307,2025-02-26,DEPOSIT,2193000.0
T00002124,A0001408,2026-05-04,DEPOSIT,1592000.0
T00002125,A0000186,2025-06-25,DEPOSIT,452000.0
T00002126,A0001611,2026-08-04,TRANSFER,1706000.0
T00002127,A0001469,2025-02-28,WITHDRAWAL,3508000.0
T00002128,A0000279,2025-03-06,WITHDRAWAL,1576000.0
T00002129,A0001422,2026-07-14,TRANSFER,3236000.0
T00002130,A0000286,2025-09-14,WITHDRAWAL,907000.0
T00002131,A0001670,2025-02-02,DEPOSIT,513000.0
T00002132,A0001229,2026-01-01,DEPOSIT,2510000.0
T00002133,A0001742,2025-12-22,WITHDRAWAL,1469000.0
T00002134,A0000849,2025-10-07,TRANSFER,4256000.0
T00002135,A0000647,2026-01-14,DEPOSIT,2381000.0
T00002136,A0000775,2025-09-09,WITHDRAWAL,188000.0
T00002137,A0000626,2025-02-13,TRANSFER,2897000.0
T00002138,A0000601,2026-01-18,TRANSFER,1585000.0
T00002139,A0001085,2026-08-06,DEPOSIT,1636000.0
T00002140,A0000768,2025-06-05,DEPOSIT,4223000.0
T00002141,A0001281,2025-10-02,WITHDRAWAL,4669000.0
T00002142,A0001705,2025-07-24,TRANSFER,4534000.0
T00002143,A0001035,2026-02-08,DEPOSIT,1738000.0
T00002144,A0000454,2025-04-23,WITHDRAWAL,2060000.0
T00002145,A0001051,2025-09-22,TRANSFER,49000.0
T00002146,A0000054,2025-01-25,WITHDRAWAL,1308000.0
T00002147,A0000956,2025-09-15,WITHDRAWAL,3565000.0
T00002148,A0000929,2026-05-23,WITHDRAWAL,315000.0
T00002149,A0000410,2026-01-08,TRANSFER,1388000.0
T00002150,A0000793,2025-10-03,TRANSFER,1353000.0
T00002151,A0000230,2025-10-23,DEPOSIT,614000.0
T00002152,A0000700,2026-01-07,DEPOSIT,1591000.0
T00002153,A0000197,2026-02-26,WITHDRAWAL,3003000.0
T00002154,A0001278,2025-12-28,TRANSFER,743000.0
T00002155,A0001308,2026-03-13,DEPOSIT,3150000.0
T00002156,A0000910,2025-05-07,DEPOSIT,4695000.0
T00002157,A0001776,2025-10-13,TRANSFER,1282000.0
T00002158,A0001071,2026-02-28,WITHDRAWAL,1935000.0
T00002159,A0000581,2026-04-13,WITHDRAWAL,4194000.0
T00002160,A0000612,2026-02-20,WITHDRAWAL,2793000.0
T00002161,A0001498,2025-09-29,WITHDRAWAL,3784000.0
T00002162,A0000321,2025-11-16,TRANSFER,4470000.0
T00002163,A0001035,2025-01-16,WITHDRAWAL,2332000.0
T00002164,A0000999,2025-01-01,WITHDRAWAL,695000.0
T00002165,A0001423,2025-09-11,DEPOSIT,1449000.0
T00002166,A0001619,2025-07-16,WITHDRAWAL,818000.0
T00002167,A0001556,2026-05-01,DEPOSIT,3106000.0
T00002168,A0000132,2025-12-07,TRANSFER,3957000.0
T00002169,A0000464,2026-08-11,WITHDRAWAL,406000.0
T00002170,A0000444,2025-12-03,TRANSFER,2531000.0
T00002171,A0000787,2026-02-08,DEPOSIT,4544000.0
T00002172,A0000235,2025-11-14,TRANSFER,3328000.0
T00002173,A0001290,2025-10-25,DEPOSIT,2365000.0
T00002174,A0000811,2025-03-31,TRANSFER,1826000.0
T00002175,A0001367,2026-05-25,WITHDRAWAL,4956000.0
T00002176,A0000619,2026-01-29,WITHDRAWAL,1528000.0
T00002177,A0001363,2026-04-30,DEPOSIT,2564000.0
T00002178,A0001529,2026-03-21,WITHDRAWAL,3826000.0
T00002179,A0000309,2025-08-23,DEPOSIT,2255000.0
T00002180,A0001797,2026-04-14,WITHDRAWAL,1793000.0
T00002181,A0000821,2025-11-26,WITHDRAWAL,228000.0
T00002182,A0000619,2025-06-21,TRANSFER,1765000.0
T00002183,A0000694,2025-06-25,DEPOSIT,1617000.0
T00002184,A0001254,2026-01-24,TRANSFER,4429000.0
T00002185,A0000323,2026-06-21,DEPOSIT,3521000.0
T00002186,A0001616,2025-10-25,WITHDRAWAL,3885000.0
T00002187,A0000749,2026-08-03,TRANSFER,1874000.0
T00002188,A0000859,2026-08-16,DEPOSIT,3535000.0
T00002189,A0000361,2026-03-02,TRANSFER,4536000.0
T00002190,A0001164,2025-11-01,TRANSFER,1805000.0
T00002191,A0000432,2025-03-01,TRANSFER,696000.0
T00002192,A0001065,2026-04-10,TRANSFER,4003000.0
T00002193,A0001295,2025-06-25,TRANSFER,3532000.0
T00002194,A0001332,2026-05-06,DEPOSIT,2120000.0
T00002195,A0001260,2026-05-20,DEPOSIT,2086000.0
T00002196,A0001615,2026-05-01,WITHDRAWAL,3910000.0
T00002197,A0000772,2026-03-02,TRANSFER,3083000.0
T00002198,A0000834,2026-07-30,TRANSFER,294000.0
T00002199,A0001146,2025-08-01,WITHDRAWAL,4372000.0
T00002200,A0001530,2026-01-14,DEPOSIT,4761000.0
T00002201,A0001721,2026-04-07,DEPOSIT,4529000.0
T00002202,A0001192,2026-01-13,TRANSFER,1494000.0
T00002203,A0000571,2025-07-05,DEPOSIT,3792000.0
T00002204,A0000089,2025-01-19,WITHDRAWAL,357000.0
T00002205,A0000961,2025-03-15,DEPOSIT,3110000.0
T00002206,A0000310,2025-08-13,DEPOSIT,10000.0
T00002207,A0000359,2025-10-02,TRANSFER,1379000.0
T00002208,A0001360,2026-01-07,DEPOSIT,2990000.0
T00002209,A0000109,2025-10-14,WITHDRAWAL,849000.0
T00002210,A0001797,2025-04-21,DEPOSIT,2130000.0
T00002211,A0001045,2026-01-02,DEPOSIT,3794000.0
T00002212,A0000971,2025-11-19,DEPOSIT,3039000.0
T00002213,A0000854,2025-11-06,TRANSFER,4828000.0
T00002214,A0000202,2025-08-15,WITHDRAWAL,4788000.0
T00002215,A0001074,2025-06-07,DEPOSIT,643000.0
T00002216,A0000308,2025-08-18,TRANSFER,2913000.0
T00002217,A0001033,2025-01-14,WITHDRAWAL,3509000.0
T00002218,A0000160,2025-01-22,DEPOSIT,3825000.0
T00002219,A0000356,2025-09-20,WITHDRAWAL,4967000.0
T00002220,A0000908,2025-10-13,WITHDRAWAL,3537000.0
T00002221,A0001271,2025-07-04,TRANSFER,1658000.0
T00002222,A0000257,2025-03-13,TRANSFER,2888000.0
T00002223,A0000866,2025-11-20,DEPOSIT,3148000.0
T00002224,A0000682,2025-12-01,DEPOSIT,1118000.0
T00002225,A0000379,2026-03-19,TRANSFER,3939000.0
T00002226,A0001268,2026-04-21,TRANSFER,1672000.0
T00002227,A0001391,2026-04-15,WITHDRAWAL,1666000.0
T00002228,A0000173,2026-06-29,WITHDRAWAL,4451000.0
T00002229,A0000811,2025-07-26,DEPOSIT,1125000.0
T00002230,A0000997,2025-10-25,DEPOSIT,4896000.0
T00002231,A0000504,2025-02-02,WITHDRAWAL,4176000.0
T00002232,A0000822,2025-12-27,TRANSFER,2479000.0
T00002233,A0001341,2025-08-20,WITHDRAWAL,2816000.0
T00002234,A0000525,2025-08-11,TRANSFER,4888000.0
T00002235,A0001073,2026-07-19,DEPOSIT,693000.0
T00002236,A0000117,2026-03-02,DEPOSIT,4781000.0
T00002237,A0000500,2026-01-03,WITHDRAWAL,3172000.0
T00002238,A0000014,2025-03-29,DEPOSIT,2567000.0
T00002239,A0001795,2025-06-26,DEPOSIT,487000.0
T00002240,A0001140,2025-11-12,WITHDRAWAL,1620000.0
T00002241,A0000270,2025-08-07,DEPOSIT,3716000.0
T00002242,A0001096,2025-07-21,WITHDRAWAL,557000.0
T00002243,A0001738,2025-01-17,DEPOSIT,2676000.0
T00002244,A0001192,2025-05-31,WITHDRAWAL,1615000.0
T00002245,A0000198,2025-08-30,WITHDRAWAL,3048000.0
T00002246,A0001046,2026-03-26,TRANSFER,4818000.0
T00002247,A0001441,2025-09-29,DEPOSIT,897000.0
T00002248,A0000804,2026-03-05,WITHDRAWAL,1906000.0
T00002249,A0001290,2026-03-28,WITHDRAWAL,123000.0
T00002250,A0000833,2025-09-17,WITHDRAWAL,3674000.0
T00002251,A0000345,2025-04-27,WITHDRAWAL,3339000.0
T00002252,A0000363,2025-03-07,DEPOSIT,3281000.0
T00002253,A0000407,2026-06-09,TRANSFER,2957000.0
T00002254,A0000344,2026-06-16,DEPOSIT,3597000.0
T00002255,A0001447,2025-04-20,WITHDRAWAL,4960000.0
T00002256,A0000080,2025-01-04,WITHDRAWAL,3396000.0
T00002257,A0001212,2025-12-17,DEPOSIT,3775000.0
T00002258,A0000441,2025-11-16,DEPOSIT,608000.0
T00002259,A0000940,2025-10-23,DEPOSIT,2488000.0
T00002260,A0000390,2026-05-17,TRANSFER,1069000.0
T00002261,A0000590,2025-01-07,DEPOSIT,3928000.0
T00002262,A0001295,2026-03-12,WITHDRAWAL,1900000.0
T00002263,A0000870,2025-05-13,DEPOSIT,1090000.0
T00002264,A0001194,2025-05-26,DEPOSIT,3586000.0
T00002265,A0000823,2025-08-20,WITHDRAWAL,488000.0
T00002266,A0000186,2026-07-16,DEPOSIT,1226000.0
T00002267,A0001258,2026-07-01,WITHDRAWAL,4842000.0
T00002268,A0001480,2025-08-16,DEPOSIT,3142000.0
T00002269,A0000080,2025-01-10,DEPOSIT,2944000.0
T00002270,A0001477,2025-07-29,WITHDRAWAL,566000.0
T00002271,A0001130,2025-11-29,DEPOSIT,4193000.0
T00002272,A0001535,2025-04-21,DEPOSIT,945000.0
T00002273,A0001755,2025-09-18,TRANSFER,4366000.0
T00002274,A0001659,2025-02-17,DEPOSIT,2501000.0
T00002275,A0001143,2025-03-07,TRANSFER,3749000.0
T00002276,A0000089,2025-01-08,WITHDRAWAL,480000.0
T00002277,A0000922,2025-03-07,WITHDRAWAL,4012000.0
T00002278,A0000574,2026-07-27,TRANSFER,3394000.0
T00002279,A0000162,2026-07-26,TRANSFER,470000.0
T00002280,A0000100,2026-03-28,WITHDRAWAL,65000.0
T00002281,A0001751,2025-01-26,TRANSFER,1658000.0
T00002282,A0000442,2025-06-18,DEPOSIT,3721000.0
T00002283,A0001774,2026-04-14,WITHDRAWAL,4937000.0
T00002284,A0001148,2026-04-16,DEPOSIT,2957000.0
T00002285,A0001130,2025-03-08,WITHDRAWAL,2605000.0
T00002286,A0000953,2026-04-29,DEPOSIT,2996000.0
T00002287,A0000215,2026-07-19,TRANSFER,3467000.0
T00002288,A0001070,2025-08-06,TRANSFER,2030000.0
T00002289,A0000733,2025-09-29,WITHDRAWAL,4799000.0
T00002290,A0001515,2025-12-03,DEPOSIT,47000.0
T00002291,A0000492,2026-06-21,TRANSFER,2898000.0
T00002292,A0000520,2026-01-06,WITHDRAWAL,3963000.0
T00002293,A0001583,2025-03-22,DEPOSIT,3157000.0
T00002294,A0000177,2025-07-29,TRANSFER,4614000.0
T00002295,A0001164,2026-05-22,DEPOSIT,2043000.0
T00002296,A0001034,2026-03-21,TRANSFER,4035000.0
T00002297,A0001494,2026-07-22,DEPOSIT,1882000.0
T00002298,A0000242,2026-06-15,WITHDRAWAL,2797000.0
T00002299,A0001071,2025-10-16,DEPOSIT,2405000.0
T00002300,A0000211,2025-10-08,TRANSFER,2608000.0
T00002301,A0000054,2025-03-09,DEPOSIT,1250000.0
T00002302,A0000600,2026-08-29,DEPOSIT,593000.0
T00002303,A0001649,2026-06-29,TRANSFER,974000.0
T00002304,A0000373,2025-03-07,TRANSFER,3466000.0
T00002305,A0000018,2025-04-23,TRANSFER,720000.0
T00002306,A0001243,2025-12-02,TRANSFER,1289000.0
T00002307,A0000669,2025-06-10,DEPOSIT,3210000.0
T00002308,A0000474,2025-05-16,WITHDRAWAL,624000.0
T00002309,A0000295,2025-03-04,TRANSFER,2143000.0
T00002310,A0001281,2025-03-13,TRANSFER,239000.0
T00002311,A0001218,2026-04-27,TRANSFER,3338000.0
T00002312,A0000394,2025-07-09,DEPOSIT,1815000.0
T00002313,A0000785,2025-03-18,DEPOSIT,2774000.0
T00002314,A0000235,2025-02-28,DEPOSIT,3578000.0
T00002315,A0000849,2025-03-10,TRANSFER,256000.0
T00002316,A0000604,2025-07-08,TRANSFER,774000.0
T00002317,A0000184,2025-12-09,DEPOSIT,2566000.0
T00002318,A0001512,2025-08-29,TRANSFER,1301000.0
T00002319,A0000228,2026-06-13,DEPOSIT,4374000.0
T00002320,A0000268,2025-02-22,WITHDRAWAL,4541000.0
T00002321,A0001498,2026-04-08,WITHDRAWAL,4152000.0
T00002322,A0000091,2025-10-07,TRANSFER,1619000.0
T00002323,A0001716,2025-06-11,DEPOSIT,3649000.0
T00002324,A0000230,2026-05-16,WITHDRAWAL,1895000.0
T00002325,A0000007,2026-08-04,TRANSFER,3210000.0
T00002326,A0001606,2026-03-22,DEPOSIT,953000.0
T00002327,A0000534,2025-11-16,TRANSFER,1691000.0
T00002328,A0000587,2026-07-04,WITHDRAWAL,1826000.0
T00002329,A0001260,2026-02-22,TRANSFER,4602000.0
T00002330,A0000174,2026-07-24,WITHDRAWAL,3586000.0
T00002331,A0000345,2026-08-25,DEPOSIT,4621000.0
T00002332,A0001070,2026-01-20,WITHDRAWAL,695000.0
T00002333,A0001088,2026-03-24,WITHDRAWAL,438000.0
T00002334,A0000375,2025-09-12,DEPOSIT,377000.0
T00002335,A0000557,2026-06-23,DEPOSIT,2565000.0
T00002336,A0000847,2026-05-24,DEPOSIT,3510000.0
T00002337,A0001177,2025-10-26,TRANSFER,4533000.0
T00002338,A0001180,2026-07-15,WITHDRAWAL,4949000.0
T00002339,A0000445,2025-03-08,TRANSFER,1001000.0
T00002340,A0000324,2025-07-14,DEPOSIT,2392000.0
T00002341,A0000845,2026-06-18,TRANSFER,4137000.0
T00002342,A0000792,2025-08-15,TRANSFER,3310000.0
T00002343,A0001384,2026-08-15,TRANSFER,1244000.0
T00002344,A0000200,2026-01-29,WITHDRAWAL,1752000.0
T00002345,A0000183,2026-06-22,DEPOSIT,566000.0
T00002346,A0001499,2025-12-13,WITHDRAWAL,1746000.0
T00002347,A0001380,2025-03-02,DEPOSIT,1776000.0
T00002348,A0000357,2025-11-28,WITHDRAWAL,1491000.0
T00002349,A0000504,2026-02-20,DEPOSIT,584000.0
T00002350,A0000908,2026-07-03,DEPOSIT,52000.0
T00002351,A0000047,2025-06-18,WITHDRAWAL,4702000.0
T00002352,A0001205,2025-11-06,TRANSFER,1460000.0
T00002353,A0001640,2025-05-10,TRANSFER,2031000.0
T00002354,A0000015,2026-06-23,DEPOSIT,1274000.0
T00002355,A0000565,2026-06-27,DEPOSIT,4033000.0
T00002356,A0000419,2025-11-10,DEPOSIT,2075000.0
T00002357,A0001412,2025-01-25,TRANSFER,4909000.0
T00002358,A0001654,2025-04-09,WITHDRAWAL,3729000.0
T00002359,A0000181,2026-08-09,TRANSFER,858000.0
T00002360,A0000662,2026-03-20,DEPOSIT,454000.0
T00002361,A0000871,2025-01-30,DEPOSIT,2873000.0
T00002362,A0001573,2025-01-16,DEPOSIT,944000.0
T00002363,A0001224,2025-03-15,DEPOSIT,938000.0
T00002364,A0000517,2025-06-29,DEPOSIT,4565000.0
T00002365,A0000819,2026-01-29,TRANSFER,1324000.0
T00002366,A0001404,2026-06-11,TRANSFER,367000.0
T00002367,A0000916,2026-01-09,TRANSFER,1318000.0
T00002368,A0001146,2025-12-01,TRANSFER,3731000.0
T00002369,A0000618,2025-07-04,DEPOSIT,1528000.0
T00002370,A0001023,2025-03-13,WITHDRAWAL,1023000.0
T00002371,A0001274,2026-05-29,DEPOSIT,46000.0
T00002372,A0000477,2026-03-26,TRANSFER,4571000.0
T00002373,A0000308,2025-04-14,TRANSFER,4081000.0
T00002374,A0001127,2025-07-18,WITHDRAWAL,2928000.0
T00002375,A0001765,2026-04-01,WITHDRAWAL,3205000.0
T00002376,A0001791,2025-01-01,WITHDRAWAL,4392000.0
T00002377,A0000776,2026-08-08,DEPOSIT,1303000.0
T00002378,A0000974,2025-05-10,TRANSFER,2086000.0
T00002379,A0000866,2025-02-01,TRANSFER,2568000.0
T00002380,A0001781,2025-07-29,WITHDRAWAL,64000.0
T00002381,A0001536,2025-07-22,DEPOSIT,2297000.0
T00002382,A0000095,2026-02-18,TRANSFER,3882000.0
T00002383,A0001597,2025-07-30,DEPOSIT,4996000.0
T00002384,A0001292,2025-07-03,WITHDRAWAL,3891000.0
T00002385,A0000765,2026-08-04,DEPOSIT,656000.0
T00002386,A0001533,2025-09-02,WITHDRAWAL,1936000.0
T00002387,A0000071,2025-03-10,WITHDRAWAL,3473000.0
T00002388,A0000309,2025-02-14,WITHDRAWAL,453000.0
T00002389,A0001374,2026-02-20,WITHDRAWAL,3849000.0
T00002390,A0001699,2026-07-01,TRANSFER,2848000.0
T00002391,A0001171,2025-06-06,DEPOSIT,3251000.0
T00002392,A0001482,2025-04-14,TRANSFER,2383000.0
T00002393,A0001408,2025-09-17,DEPOSIT,538000.0
T00002394,A0001001,2025-04-22,WITHDRAWAL,1204000.0
T00002395,A0001414,2025-05-15,WITHDRAWAL,305000.0
T00002396,A0000852,2026-06-22,WITHDRAWAL,4452000.0
T00002397,A0000477,2026-03-21,WITHDRAWAL,4344000.0
T00002398,A0000025,2026-06-21,TRANSFER,4423000.0
T00002399,A0000593,2026-04-18,TRANSFER,308000.0
T00002400,A0000801,2025-09-21,WITHDRAWAL,1832000.0
T00002401,A0000465,2025-06-29,TRANSFER,702000.0
T00002402,A0000226,2025-11-11,DEPOSIT,2990000.0
T00002403,A0001660,2026-04-09,TRANSFER,4607000.0
T00002404,A0001045,2025-01-18,WITHDRAWAL,811000.0
T00002405,A0001255,2026-08-22,TRANSFER,4082000.0
T00002406,A0001551,2025-05-27,WITHDRAWAL,2423000.0
T00002407,A0000326,2026-06-19,DEPOSIT,4275000.0
T00002408,A0001119,2025-11-13,TRANSFER,3326000.0
T00002409,A0000061,2025-01-05,DEPOSIT,3836000.0
T00002410,A0001467,2026-07-08,WITHDRAWAL,4858000.0
T00002411,A0000854,2026-08-12,TRANSFER,4228000.0
T00002412,A0001509,2026-06-03,TRANSFER,780000.0
T00002413,A0001342,2025-08-22,DEPOSIT,3569000.0
T00002414,A0001276,2026-03-31,DEPOSIT,442000.0
T00002415,A0000502,2026-06-16,WITHDRAWAL,4138000.0
T00002416,A0000624,2025-04-17,DEPOSIT,4304000.0
T00002417,A0001720,2026-08-30,TRANSFER,4755000.0
T00002418,A0000599,2025-03-28,DEPOSIT,431000.0
T00002419,A0000785,2025-02-08,TRANSFER,1639000.0
T00002420,A0000167,2025-02-01,DEPOSIT,3717000.0
T00002421,A0001446,2025-03-15,DEPOSIT,1649000.0
T00002422,A0001793,2025-07-23,TRANSFER,3604000.0
T00002423,A0001522,2025-07-03,DEPOSIT,4525000.0
T00002424,A0000240,2025-12-07,TRANSFER,159000.0
T00002425,A0000079,2026-04-30,WITHDRAWAL,4518000.0
T00002426,A0001640,2025-10-12,WITHDRAWAL,749000.0
T00002427,A0000488,2025-08-23,TRANSFER,4498000.0
T00002428,A0000623,2026-08-25,TRANSFER,3759000.0
T00002429,A0000861,2026-04-12,TRANSFER,4470000.0
T00002430,A0001258,2025-08-13,DEPOSIT,329000.0
T00002431,A0001482,2025-05-10,DEPOSIT,2660000.0
T00002432,A0000559,2026-03-12,DEPOSIT,4411000.0
T00002433,A0001528,2025-01-27,DEPOSIT,788000.0
T00002434,A0001449,2025-08-06,DEPOSIT,607000.0
T00002435,A0001549,2026-01-24,WITHDRAWAL,2836000.0
T00002436,A0000661,2025-05-09,WITHDRAWAL,1689000.0
T00002437,A0000373,2025-09-03,DEPOSIT,1966000.0
T00002438,A0000091,2026-08-14,WITHDRAWAL,4544000.0
T00002439,A0000268,2025-03-20,WITHDRAWAL,3302000.0
T00002440,A0001207,2025-01-17,WITHDRAWAL,1759000.0
T00002441,A0001000,2025-06-10,WITHDRAWAL,4803000.0
T00002442,A0000590,2025-07-04,DEPOSIT,4859000.0
T00002443,A0001606,2026-02-04,WITHDRAWAL,3209000.0
T00002444,A0000771,2026-06-12,WITHDRAWAL,283000.0
T00002445,A0001265,2025-12-16,TRANSFER,2608000.0
T00002446,A0001372,2025-10-11,WITHDRAWAL,911000.0
T00002447,A0000740,2025-07-23,WITHDRAWAL,4873000.0
T00002448,A0001799,2026-02-26,TRANSFER,1164000.0
T00002449,A0001664,2025-11-25,DEPOSIT,4825000.0
T00002450,A0000014,2026-04-22,WITHDRAWAL,404000.0
T00002451,A0001427,2026-06-29,DEPOSIT,4605000.0
T00002452,A0001035,2026-08-18,DEPOSIT,3300000.0
T00002453,A0001375,2025-12-02,DEPOSIT,2514000.0
T00002454,A0001382,2025-07-06,WITHDRAWAL,3847000.0
T00002455,A0000540,2026-06-07,TRANSFER,2881000.0
T00002456,A0000564,2025-12-05,TRANSFER,1522000.0
T00002457,A0000042,2026-08-14,DEPOSIT,2181000.0
T00002458,A0001777,2025-08-29,WITHDRAWAL,2119000.0
T00002459,A0001042,2025-01-13,TRANSFER,2425000.0
T00002460,A0001770,2026-04-23,TRANSFER,3523000.0
T00002461,A0001085,2026-08-31,DEPOSIT,4190000.0
T00002462,A0000880,2025-09-10,WITHDRAWAL,2699000.0
T00002463,A0000225,2025-03-24,DEPOSIT,1805000.0
T00002464,A0000040,2026-06-21,DEPOSIT,3221000.0
T00002465,A0000953,2025-09-24,WITHDRAWAL,158000.0
T00002466,A0000301,2025-03-23,WITHDRAWAL,1316000.0
T00002467,A0000606,2025-05-28,DEPOSIT,1514000.0
T00002468,A0001343,2025-09-24,TRANSFER,174000.0
T00002469,A0001266,2025-05-04,DEPOSIT,3833000.0
T00002470,A0000649,2025-03-20,WITHDRAWAL,1391000.0
T00002471,A0001401,2025-12-11,DEPOSIT,4055000.0
T00002472,A0001760,2025-12-31,TRANSFER,1694000.0
T00002473,A0000155,2025-08-02,TRANSFER,2290000.0
T00002474,A0001254,2025-01-25,DEPOSIT,2471000.0
T00002475,A0001286,2025-05-30,WITHDRAWAL,2463000.0
T00002476,A0000545,2026-06-01,WITHDRAWAL,2521000.0
T00002477,A0001246,2025-10-30,TRANSFER,856000.0
T00002478,A0001073,2026-06-21,DEPOSIT,3196000.0
T00002479,A0001696,2025-08-31,WITHDRAWAL,4321000.0
T00002480,A0001183,2025-11-08,WITHDRAWAL,3983000.0
T00002481,A0000442,2025-01-19,WITHDRAWAL,2782000.0
T00002482,A0001054,2026-03-23,DEPOSIT,4488000.0
T00002483,A0000560,2025-04-15,DEPOSIT,3101000.0
T00002484,A0000078,2025-02-25,TRANSFER,4284000.0
T00002485,A0001189,2026-02-12,WITHDRAWAL,4456000.0
T00002486,A0001608,2025-04-10,TRANSFER,4214000.0
T00002487,A0001531,2025-01-04,DEPOSIT,3885000.0
T00002488,A0001550,2026-03-11,WITHDRAWAL,3259000.0
T00002489,A0000183,2025-04-14,WITHDRAWAL,1076000.0
T00002490,A0000349,2025-04-05,DEPOSIT,212000.0
T00002491,A0000884,2026-05-23,DEPOSIT,2919000.0
T00002492,A0000852,2025-07-23,WITHDRAWAL,159000.0
T00002493,A0000284,2025-08-24,WITHDRAWAL,4729000.0
T00002494,A0000081,2025-07-31,DEPOSIT,2885000.0
T00002495,A0000269,2025-11-12,TRANSFER,4055000.0
T00002496,A0000356,2026-03-09,DEPOSIT,2024000.0
T00002497,A0001451,2025-10-02,DEPOSIT,641000.0
T00002498,A0001385,2026-02-17,WITHDRAWAL,193000.0
T00002499,A0001577,2025-07-19,DEPOSIT,3292000.0
T00002500,A0000063,2025-11-24,TRANSFER,196000.0
T00002501,A0000935,2025-01-18,WITHDRAWAL,4249000.0
T00002502,A0000174,2026-04-26,WITHDRAWAL,32000.0
T00002503,A0001069,2026-07-26,TRANSFER,1248000.0
T00002504,A0000766,2025-01-17,TRANSFER,1972000.0
T00002505,A0000621,2025-02-05,TRANSFER,143000.0
T00002506,A0000052,2026-08-04,DEPOSIT,3287000.0
T00002507,A0000504,2025-11-24,WITHDRAWAL,2185000.0
T00002508,A0000025,2025-04-21,WITHDRAWAL,1416000.0
T00002509,A0000373,2026-07-03,WITHDRAWAL,1463000.0
T00002510,A0000552,2025-09-20,DEPOSIT,1928000.0
T00002511,A0001595,2025-07-23,WITHDRAWAL,3325000.0
T00002512,A0000153,2025-04-01,DEPOSIT,3850000.0
T00002513,A0000746,2025-03-01,DEPOSIT,2064000.0
T00002514,A0000254,2025-06-09,DEPOSIT,2663000.0
T00002515,A0001724,2025-02-05,WITHDRAWAL,874000.0
T00002516,A0001035,2025-05-24,WITHDRAWAL,4581000.0
T00002517,A0000622,2026-03-01,DEPOSIT,2798000.0
T00002518,A0000418,2025-08-24,WITHDRAWAL,3299000.0
T00002519,A0000110,2026-08-09,DEPOSIT,474000.0
T00002520,A0000166,2026-07-29,TRANSFER,556000.0
T00002521,A0000615,2025-09-26,TRANSFER,1829000.0
T00002522,A0000645,2025-10-09,DEPOSIT,2304000.0
T00002523,A0000085,2025-01-06,DEPOSIT,2074000.0
T00002524,A0001182,2026-08-26,TRANSFER,3962000.0
T00002525,A0001183,2026-02-07,TRANSFER,3672000.0
T00002526,A0001370,2026-07-02,WITHDRAWAL,4252000.0
T00002527,A0000421,2025-02-24,DEPOSIT,1614000.0
T00002528,A0000367,2025-07-14,WITHDRAWAL,3797000.0
T00002529,A0000957,2026-02-03,WITHDRAWAL,3158000.0
T00002530,A0000792,2026-08-19,TRANSFER,3755000.0
T00002531,A0001696,2026-05-01,TRANSFER,1924000.0
T00002532,A0000348,2025-02-03,WITHDRAWAL,3697000.0
T00002533,A0000351,2025-02-09,WITHDRAWAL,3516000.0
T00002534,A0000930,2025-11-27,WITHDRAWAL,718000.0
T00002535,A0000739,2025-12-22,WITHDRAWAL,1114000.0
T00002536,A0001213,2025-07-01,TRANSFER,154000.0
T00002537,A0000223,2025-05-17,DEPOSIT,4822000.0
T00002538,A0000999,2025-11-03,TRANSFER,2939000.0
T00002539,A0001471,2025-01-14,TRANSFER,3639000.0
T00002540,A0000742,2026-02-20,DEPOSIT,3944000.0
T00002541,A0000397,2025-08-13,TRANSFER,3958000.0
T00002542,A0000529,2025-07-23,TRANSFER,2607000.0
T00002543,A0001493,2025-09-29,TRANSFER,2621000.0
T00002544,A0000601,2025-11-24,DEPOSIT,1703000.0
T00002545,A0001071,2025-10-07,TRANSFER,895000.0
T00002546,A0001108,2025-12-28,DEPOSIT,4464000.0
T00002547,A0000541,2026-08-10,DEPOSIT,3012000.0
T00002548,A0001374,2025-05-25,WITHDRAWAL,3319000.0
T00002549,A0000709,2025-12-26,TRANSFER,2529000.0
T00002550,A0001672,2025-04-25,DEPOSIT,4370000.0
T00002551,A0000447,2026-05-16,TRANSFER,4355000.0
T00002552,A0001654,2025-01-17,TRANSFER,483000.0
T00002553,A0001446,2026-01-31,TRANSFER,556000.0
T00002554,A0001110,2025-09-01,DEPOSIT,3795000.0
T00002555,A0001158,2025-11-28,DEPOSIT,2617000.0
T00002556,A0000613,2026-04-13,DEPOSIT,4864000.0
T00002557,A0000811,2026-06-17,TRANSFER,3820000.0
T00002558,A0000403,2026-03-16,DEPOSIT,4088000.0
T00002559,A0001596,2026-05-09,DEPOSIT,2698000.0
T00002560,A0000133,2026-03-01,TRANSFER,18000.0
T00002561,A0000188,2026-05-27,DEPOSIT,839000.0
T00002562,A0000960,2025-01-07,DEPOSIT,2784000.0
T00002563,A0001000,2025-03-17,WITHDRAWAL,521000.0
T00002564,A0001013,2026-08-25,WITHDRAWAL,408000.0
T00002565,A0000281,2025-11-21,WITHDRAWAL,778000.0
T00002566,A0001354,2026-06-10,TRANSFER,3032000.0
T00002567,A0001083,2025-12-08,DEPOSIT,2750000.0
T00002568,A0000874,2025-10-09,WITHDRAWAL,12000.0
T00002569,A0001739,2026-04-09,TRANSFER,3242000.0
T00002570,A0000192,2026-01-21,TRANSFER,545000.0
T00002571,A0000715,2026-05-14,DEPOSIT,3784000.0
T00002572,A0001420,2026-06-08,TRANSFER,935000.0
T00002573,A0001635,2026-01-10,TRANSFER,1179000.0
T00002574,A0000005,2026-07-29,WITHDRAWAL,4038000.0
T00002575,A0001768,2025-05-14,DEPOSIT,474000.0
T00002576,A0001014,2026-01-12,DEPOSIT,3781000.0
T00002577,A0001439,2025-09-19,WITHDRAWAL,4959000.0
T00002578,A0000599,2025-06-06,DEPOSIT,2612000.0
T00002579,A0001538,2025-09-19,TRANSFER,1653000.0
T00002580,A0001104,2025-09-09,TRANSFER,2336000.0
T00002581,A0000598,2025-07-30,TRANSFER,618000.0
T00002582,A0001291,2026-01-07,WITHDRAWAL,3669000.0
T00002583,A0001582,2025-08-10,TRANSFER,854000.0
T00002584,A0000779,2026-04-12,TRANSFER,4821000.0
T00002585,A0000185,2026-08-30,DEPOSIT,2563000.0
T00002586,A0000642,2026-08-11,DEPOSIT,2159000.0
T00002587,A0000573,2025-09-07,DEPOSIT,4327000.0
T00002588,A0000093,2025-12-30,DEPOSIT,3030000.0
T00002589,A0000179,2026-05-24,WITHDRAWAL,4099000.0
T00002590,A0000086,2026-07-01,DEPOSIT,2217000.0
T00002591,A0000464,2025-03-06,WITHDRAWAL,1667000.0
T00002592,A0001639,2025-03-13,WITHDRAWAL,163000.0
T00002593,A0001218,2026-06-23,TRANSFER,1315000.0
T00002594,A0000437,2026-01-24,TRANSFER,2152000.0
T00002595,A0000428,2026-01-10,WITHDRAWAL,3816000.0
T00002596,A0000831,2025-08-12,WITHDRAWAL,2042000.0
T00002597,A0001177,2026-01-05,DEPOSIT,1863000.0
T00002598,A0000238,2026-03-22,TRANSFER,376000.0
T00002599,A0000751,2025-10-04,DEPOSIT,2807000.0
T00002600,A0001034,2025-02-26,DEPOSIT,3955000.0
T00002601,A0001246,2026-05-04,WITHDRAWAL,1047000.0
T00002602,A0001239,2025-01-08,DEPOSIT,1403000.0
T00002603,A0000830,2026-01-02,DEPOSIT,1638000.0
T00002604,A0001539,2025-11-28,WITHDRAWAL,4525000.0
T00002605,A0000821,2025-11-17,TRANSFER,2185000.0
T00002606,A0001785,2025-04-04,WITHDRAWAL,3565000.0
T00002607,A0001502,2025-10-06,WITHDRAWAL,2567000.0
T00002608,A0001098,2026-01-18,TRANSFER,513000.0
T00002609,A0001190,2025-11-21,TRANSFER,3207000.0
T00002610,A0000018,2026-08-29,DEPOSIT,1142000.0
T00002611,A0000583,2025-09-01,TRANSFER,3640000.0
T00002612,A0000379,2026-06-25,TRANSFER,2658000.0
T00002613,A0000774,2025-11-02,TRANSFER,3788000.0
T00002614,A0000104,2026-05-21,TRANSFER,2831000.0
T00002615,A0000973,2026-01-21,TRANSFER,1776000.0
T00002616,A0001107,2025-10-29,TRANSFER,1651000.0
T00002617,A0000785,2026-03-25,WITHDRAWAL,4319000.0
T00002618,A0000433,2025-11-09,WITHDRAWAL,1968000.0
T00002619,A0000919,2025-07-02,TRANSFER,4820000.0
T00002620,A0001369,2025-08-10,DEPOSIT,2311000.0
T00002621,A0000346,2025-02-14,TRANSFER,571000.0
T00002622,A0001159,2025-08-31,TRANSFER,1608000.0
T00002623,A0000027,2026-02-11,TRANSFER,1898000.0
T00002624,A0001774,2025-05-13,WITHDRAWAL,1143000.0
T00002625,A0000639,2025-03-29,WITHDRAWAL,4994000.0
T00002626,A0001540,2026-05-05,WITHDRAWAL,3834000.0
T00002627,A0001182,2025-04-11,WITHDRAWAL,908000.0
T00002628,A0000505,2025-03-10,WITHDRAWAL,4580000.0
T00002629,A0000243,2025-06-02,WITHDRAWAL,4395000.0
T00002630,A0000813,2025-01-20,DEPOSIT,33000.0
T00002631,A0001258,2026-08-30,TRANSFER,3705000.0
T00002632,A0000810,2025-12-09,DEPOSIT,391000.0
T00002633,A0001269,2025-11-14,DEPOSIT,1864000.0
T00002634,A0001244,2026-04-19,DEPOSIT,112000.0
T00002635,A0000010,2025-04-24,WITHDRAWAL,4359000.0
T00002636,A0001125,2025-05-01,TRANSFER,3722000.0
T00002637,A0000226,2025-09-24,WITHDRAWAL,3094000.0
T00002638,A0000639,2026-06-24,DEPOSIT,2556000.0
T00002639,A0001232,2025-10-15,DEPOSIT,286000.0
T00002640,A0000690,2026-01-29,WITHDRAWAL,749000.0
T00002641,A0000385,2025-07-22,DEPOSIT,4222000.0
T00002642,A0000784,2026-03-23,WITHDRAWAL,3026000.0
T00002643,A0001099,2026-07-03,WITHDRAWAL,2618000.0
T00002644,A0000310,2026-08-21,DEPOSIT,4787000.0
T00002645,A0001525,2026-03-31,TRANSFER,1379000.0
T00002646,A0001027,2025-12-21,WITHDRAWAL,863000.0
T00002647,A0001597,2026-06-25,TRANSFER,3949000.0
T00002648,A0000097,2025-07-15,DEPOSIT,2779000.0
T00002649,A0000728,2025-04-17,WITHDRAWAL,512000.0
T00002650,A0000244,2025-06-10,TRANSFER,2612000.0
T00002651,A0001780,2026-06-03,WITHDRAWAL,2533000.0
T00002652,A0000963,2025-05-14,WITHDRAWAL,1377000.0
T00002653,A0000789,2025-12-03,DEPOSIT,1787000.0
T00002654,A0000824,2025-10-07,TRANSFER,2264000.0
T00002655,A0000740,2026-01-21,WITHDRAWAL,3105000.0
T00002656,A0000272,2026-08-27,WITHDRAWAL,4588000.0
T00002657,A0000019,2025-05-17,TRANSFER,2037000.0
T00002658,A0001422,2026-02-27,DEPOSIT,1325000.0
T00002659,A0001192,2025-07-23,DEPOSIT,2966000.0
T00002660,A0000188,2025-05-08,DEPOSIT,1756000.0
T00002661,A0001453,2025-09-12,DEPOSIT,4879000.0
T00002662,A0000751,2025-05-20,DEPOSIT,646000.0
T00002663,A0000649,2026-03-31,TRANSFER,1721000.0
T00002664,A0001444,2026-05-27,WITHDRAWAL,793000.0
T00002665,A0001618,2025-01-09,WITHDRAWAL,1196000.0
T00002666,A0001134,2025-10-30,DEPOSIT,4337000.0
T00002667,A0001400,2026-02-04,DEPOSIT,2402000.0
T00002668,A0000913,2025-09-30,TRANSFER,2670000.0
T00002669,A0000579,2025-07-17,DEPOSIT,999000.0
T00002670,A0001359,2026-04-25,DEPOSIT,3388000.0
T00002671,A0001412,2026-06-07,WITHDRAWAL,2257000.0
T00002672,A0001716,2025-06-27,WITHDRAWAL,2973000.0
T00002673,A0001086,2026-02-23,WITHDRAWAL,380000.0
T00002674,A0001022,2025-10-31,WITHDRAWAL,3699000.0
T00002675,A0000856,2025-03-16,WITHDRAWAL,4648000.0
T00002676,A0000134,2025-03-27,DEPOSIT,417000.0
T00002677,A0000013,2025-07-15,TRANSFER,3951000.0
T00002678,A0000008,2026-07-16,DEPOSIT,356000.0
T00002679,A0001054,2025-03-10,WITHDRAWAL,619000.0
T00002680,A0000951,2026-06-03,DEPOSIT,4094000.0
T00002681,A0000046,2025-07-07,TRANSFER,2227000.0
T00002682,A0000513,2026-04-11,WITHDRAWAL,361000.0
T00002683,A0000038,2025-08-02,DEPOSIT,4004000.0
T00002684,A0000083,2025-06-05,TRANSFER,473000.0
T00002685,A0001134,2025-12-19,DEPOSIT,4514000.0
T00002686,A0000911,2025-03-20,TRANSFER,2800000.0
T00002687,A0001434,2025-02-27,TRANSFER,4134000.0
T00002688,A0001159,2025-06-17,DEPOSIT,554000.0
T00002689,A0001645,2026-05-14,DEPOSIT,4813000.0
T00002690,A0001402,2025-07-02,TRANSFER,2291000.0
T00002691,A0001502,2025-01-19,TRANSFER,81000.0
T00002692,A0000154,2025-08-15,WITHDRAWAL,973000.0
T00002693,A0000752,2025-03-11,TRANSFER,1696000.0
T00002694,A0000085,2025-10-27,DEPOSIT,2161000.0
T00002695,A0000348,2025-11-07,DEPOSIT,4477000.0
T00002696,A0000548,2026-08-28,TRANSFER,4544000.0
T00002697,A0000669,2025-02-25,DEPOSIT,1938000.0
T00002698,A0001504,2025-10-15,DEPOSIT,1906000.0
T00002699,A0000832,2025-05-23,TRANSFER,2385000.0
T00002700,A0001611,2026-02-15,DEPOSIT,1417000.0
T00002701,A0000659,2026-06-10,TRANSFER,3874000.0
T00002702,A0000603,2025-08-07,WITHDRAWAL,230000.0
T00002703,A0000025,2025-02-04,TRANSFER,2245000.0
T00002704,A0000270,2025-04-03,TRANSFER,4608000.0
T00002705,A0000687,2026-03-23,WITHDRAWAL,3887000.0
T00002706,A0001189,2025-10-12,DEPOSIT,1914000.0
T00002707,A0001661,2026-07-03,WITHDRAWAL,2729000.0
T00002708,A0000406,2025-07-25,WITHDRAWAL,504000.0
T00002709,A0000798,2025-11-24,TRANSFER,3524000.0
T00002710,A0000465,2025-08-08,TRANSFER,3841000.0
T00002711,A0000999,2025-04-29,DEPOSIT,3716000.0
T00002712,A0000221,2026-08-18,DEPOSIT,4769000.0
T00002713,A0000594,2025-09-11,WITHDRAWAL,221000.0
T00002714,A0001704,2025-11-08,TRANSFER,558000.0
T00002715,A0000542,2025-02-11,DEPOSIT,3687000.0
T00002716,A0001171,2025-09-27,WITHDRAWAL,907000.0
T00002717,A0000611,2025-01-27,WITHDRAWAL,4327000.0
T00002718,A0001405,2026-08-17,WITHDRAWAL,1010000.0
T00002719,A0000624,2025-05-15,WITHDRAWAL,1082000.0
T00002720,A0000708,2026-03-19,WITHDRAWAL,167000.0
T00002721,A0001792,2025-09-13,TRANSFER,4902000.0
T00002722,A0000808,2026-04-24,WITHDRAWAL,2836000.0
T00002723,A0001426,2025-05-29,DEPOSIT,3250000.0
T00002724,A0000724,2025-03-20,WITHDRAWAL,971000.0
T00002725,A0000853,2025-06-25,DEPOSIT,1759000.0
T00002726,A0000698,2025-01-18,DEPOSIT,1637000.0
T00002727,A0000366,2025-05-06,WITHDRAWAL,788000.0
T00002728,A0001503,2025-04-29,TRANSFER,3952000.0
T00002729,A0001718,2026-03-24,DEPOSIT,1779000.0
T00002730,A0001112,2026-08-05,WITHDRAWAL,2954000.0
T00002731,A0001177,2026-03-11,DEPOSIT,3825000.0
T00002732,A0001072,2025-07-28,WITHDRAWAL,2538000.0
T00002733,A0000400,2025-12-26,TRANSFER,1798000.0
T00002734,A0001684,2026-05-20,DEPOSIT,4925000.0
T00002735,A0001597,2026-03-30,WITHDRAWAL,3685000.0
T00002736,A0000380,2026-02-25,DEPOSIT,4181000.0
T00002737,A0000598,2025-02-23,WITHDRAWAL,4547000.0
T00002738,A0001588,2026-02-02,WITHDRAWAL,2251000.0
T00002739,A0000037,2025-12-24,DEPOSIT,2860000.0
T00002740,A0001655,2025-09-02,DEPOSIT,3364000.0
T00002741,A0001123,2025-10-30,TRANSFER,4373000.0
T00002742,A0000171,2025-07-13,DEPOSIT,2388000.0
T00002743,A0000311,2025-05-25,DEPOSIT,1565000.0
T00002744,A0001534,2025-07-02,TRANSFER,4516000.0
T00002745,A0001420,2025-09-27,DEPOSIT,1433000.0
T00002746,A0001477,2026-07-09,TRANSFER,4030000.0
T00002747,A0001194,2026-01-29,DEPOSIT,3522000.0
T00002748,A0001415,2025-09-22,TRANSFER,1303000.0
T00002749,A0001741,2025-09-17,DEPOSIT,2952000.0
T00002750,A0001450,2026-04-11,DEPOSIT,4680000.0
T00002751,A0001714,2025-09-12,DEPOSIT,2897000.0
T00002752,A0000661,2025-05-05,DEPOSIT,4560000.0
T00002753,A0001488,2026-05-11,WITHDRAWAL,3368000.0
T00002754,A0000681,2025-05-04,TRANSFER,1593000.0
T00002755,A0000720,2025-12-04,TRANSFER,1496000.0
T00002756,A0001229,2026-08-08,TRANSFER,3355000.0
T00002757,A0001095,2025-11-07,WITHDRAWAL,1454000.0
T00002758,A0001769,2026-06-18,TRANSFER,3931000.0
T00002759,A0001245,2025-07-17,TRANSFER,1981000.0
T00002760,A0000306,2025-01-03,TRANSFER,22000.0
T00002761,A0000922,2025-10-23,TRANSFER,2326000.0
T00002762,A0001050,2026-04-11,DEPOSIT,4226000.0
T00002763,A0001609,2025-04-07,TRANSFER,4171000.0
T00002764,A0000626,2025-02-10,TRANSFER,4286000.0
T00002765,A0000369,2025-08-27,DEPOSIT,2720000.0
T00002766,A0001251,2025-10-24,WITHDRAWAL,3485000.0
T00002767,A0001342,2025-08-30,TRANSFER,2593000.0
T00002768,A0001385,2025-02-10,DEPOSIT,154000.0
T00002769,A0000570,2025-09-16,TRANSFER,4144000.0
T00002770,A0000184,2026-08-15,TRANSFER,474000.0
T00002771,A0000055,2026-06-03,DEPOSIT,425000.0
T00002772,A0000439,2026-02-16,TRANSFER,2754000.0
T00002773,A0001126,2026-06-02,WITHDRAWAL,1979000.0
T00002774,A0001157,2026-07-22,DEPOSIT,2735000.0
T00002775,A0001193,2025-05-11,WITHDRAWAL,235000.0
T00002776,A0001579,2026-02-05,DEPOSIT,4373000.0
T00002777,A0000701,2025-06-27,DEPOSIT,2417000.0
T00002778,A0000278,2025-12-01,WITHDRAWAL,2848000.0
T00002779,A0000879,2026-03-27,TRANSFER,585000.0
T00002780,A0000191,2026-07-12,DEPOSIT,1652000.0
T00002781,A0000260,2025-09-28,TRANSFER,1157000.0
T00002782,A0000113,2025-12-23,WITHDRAWAL,485000.0
T00002783,A0001672,2025-07-06,WITHDRAWAL,4622000.0
T00002784,A0000481,2025-07-09,TRANSFER,3469000.0
T00002785,A0001634,2026-04-10,DEPOSIT,936000.0
T00002786,A0001300,2026-03-29,DEPOSIT,3440000.0
T00002787,A0001305,2025-05-10,WITHDRAWAL,72000.0
T00002788,A0001529,2026-04-19,TRANSFER,1479000.0
T00002789,A0001740,2025-12-19,DEPOSIT,1727000.0
T00002790,A0000429,2026-06-27,WITHDRAWAL,2599000.0
T00002791,A0000040,2025-09-29,WITHDRAWAL,2773000.0
T00002792,A0000484,2026-05-27,WITHDRAWAL,3611000.0
T00002793,A0001090,2025-11-24,DEPOSIT,4511000.0
T00002794,A0001666,2026-05-07,TRANSFER,399000.0
T00002795,A0000265,2025-06-18,TRANSFER,463000.0
T00002796,A0001083,2026-08-26,DEPOSIT,488000.0
T00002797,A0000525,2025-10-06,TRANSFER,585000.0
T00002798,A0001200,2025-10-11,DEPOSIT,3979000.0
T00002799,A0001211,2025-12-05,DEPOSIT,1687000.0
T00002800,A0000916,2025-05-15,TRANSFER,2226000.0
T00002801,A0000575,2025-05-04,DEPOSIT,2114000.0
T00002802,A0000684,2026-02-28,WITHDRAWAL,2230000.0
T00002803,A0000448,2025-05-05,WITHDRAWAL,2194000.0
T00002804,A0001599,2025-09-06,WITHDRAWAL,3018000.0
T00002805,A0000604,2025-12-13,TRANSFER,745000.0
T00002806,A0000319,2025-10-05,DEPOSIT,2262000.0
T00002807,A0001433,2026-07-19,WITHDRAWAL,2904000.0
T00002808,A0001627,2025-09-22,DEPOSIT,3018000.0
T00002809,A0001640,2025-10-28,DEPOSIT,2350000.0
T00002810,A0000478,2026-06-17,TRANSFER,4212000.0
T00002811,A0001305,2025-01-25,DEPOSIT,1009000.0
T00002812,A0000476,2026-07-23,WITHDRAWAL,4354000.0
T00002813,A0000038,2025-11-30,TRANSFER,722000.0
T00002814,A0000995,2025-01-15,TRANSFER,1028000.0
T00002815,A0000340,2026-02-01,DEPOSIT,4721000.0
T00002816,A0001622,2025-04-10,TRANSFER,3921000.0
T00002817,A0001029,2026-04-28,DEPOSIT,1267000.0
T00002818,A0001159,2026-07-06,WITHDRAWAL,4615000.0
T00002819,A0000534,2026-06-12,TRANSFER,4760000.0
T00002820,A0000951,2025-03-20,TRANSFER,2443000.0
T00002821,A0000232,2025-09-19,DEPOSIT,3799000.0
T00002822,A0000082,2026-01-16,TRANSFER,2302000.0
T00002823,A0000667,2025-03-25,TRANSFER,648000.0
T00002824,A0001664,2025-06-27,DEPOSIT,1592000.0
T00002825,A0001408,2025-05-01,DEPOSIT,4123000.0
T00002826,A0001281,2026-04-14,TRANSFER,3388000.0
T00002827,A0001412,2026-05-02,DEPOSIT,376000.0
T00002828,A0000077,2026-07-26,WITHDRAWAL,2094000.0
T00002829,A0001210,2026-03-11,WITHDRAWAL,949000.0
T00002830,A0000948,2025-02-06,DEPOSIT,243000.0
T00002831,A0001430,2025-08-08,DEPOSIT,4668000.0
T00002832,A0001062,2025-01-13,DEPOSIT,4557000.0
T00002833,A0000089,2025-01-14,DEPOSIT,1696000.0
T00002834,A0001587,2026-08-31,DEPOSIT,99000.0
T00002835,A0001584,2026-06-02,TRANSFER,3657000.0
T00002836,A0000549,2026-06-30,TRANSFER,1528000.0
T00002837,A0001506,2025-03-09,DEPOSIT,3554000.0
T00002838,A0001332,2026-01-12,WITHDRAWAL,940000.0
T00002839,A0000109,2026-05-20,DEPOSIT,4594000.0
T00002840,A0001365,2025-06-06,DEPOSIT,1282000.0
T00002841,A0001602,2025-07-20,TRANSFER,2668000.0
T00002842,A0000964,2026-02-02,TRANSFER,1051000.0
T00002843,A0000431,2026-08-31,WITHDRAWAL,4237000.0
T00002844,A0000742,2026-02-12,WITHDRAWAL,2156000.0
T00002845,A0000172,2026-05-07,TRANSFER,2183000.0
T00002846,A0000582,2025-05-27,DEPOSIT,941000.0
T00002847,A0000644,2025-01-24,TRANSFER,1676000.0
T00002848,A0001654,2026-01-11,DEPOSIT,4245000.0
T00002849,A0000637,2025-10-24,WITHDRAWAL,2537000.0
T00002850,A0001249,2025-09-02,WITHDRAWAL,3496000.0
T00002851,A0001109,2026-05-24,WITHDRAWAL,4783000.0
T00002852,A0001730,2026-06-02,DEPOSIT,2298000.0
T00002853,A0000831,2025-02-20,TRANSFER,4860000.0
T00002854,A0000573,2025-11-02,DEPOSIT,3884000.0
T00002855,A0000227,2025-11-04,TRANSFER,485000.0
T00002856,A0000691,2026-02-17,DEPOSIT,1302000.0
T00002857,A0000813,2025-11-24,DEPOSIT,4306000.0
T00002858,A0001217,2025-02-21,DEPOSIT,4000.0
T00002859,A0000126,2025-09-20,TRANSFER,2994000.0
T00002860,A0000364,2026-08-04,TRANSFER,1188000.0
T00002861,A0000736,2025-10-21,TRANSFER,2477000.0
T00002862,A0000465,2025-08-11,WITHDRAWAL,117000.0
T00002863,A0000647,2025-03-28,WITHDRAWAL,4873000.0
T00002864,A0000442,2026-04-22,TRANSFER,2010000.0
T00002865,A0001736,2025-06-26,DEPOSIT,1063000.0
T00002866,A0000676,2026-03-23,DEPOSIT,4687000.0
T00002867,A0000357,2025-05-18,WITHDRAWAL,1229000.0
T00002868,A0001095,2026-03-19,DEPOSIT,3455000.0
T00002869,A0000253,2026-08-25,DEPOSIT,291000.0
T00002870,A0000479,2025-06-14,TRANSFER,3182000.0
T00002871,A0001126,2026-03-25,WITHDRAWAL,1279000.0
T00002872,A0000083,2026-08-26,TRANSFER,3076000.0
T00002873,A0000801,2026-05-20,TRANSFER,615000.0
T00002874,A0001746,2025-07-01,DEPOSIT,4149000.0
T00002875,A0000731,2026-02-05,WITHDRAWAL,3922000.0
T00002876,A0000660,2025-10-09,DEPOSIT,1029000.0
T00002877,A0000197,2025-11-05,WITHDRAWAL,3398000.0
T00002878,A0000275,2026-06-04,DEPOSIT,3084000.0
T00002879,A0000775,2025-01-31,DEPOSIT,3578000.0
T00002880,A0000889,2025-06-24,WITHDRAWAL,963000.0
T00002881,A0001729,2025-05-28,TRANSFER,843000.0
T00002882,A0001436,2026-05-15,WITHDRAWAL,409000.0
T00002883,A0000078,2026-05-18,WITHDRAWAL,4419000.0
T00002884,A0001500,2025-11-14,DEPOSIT,2762000.0
T00002885,A0000171,2025-02-07,WITHDRAWAL,4403000.0
T00002886,A0000806,2025-11-08,TRANSFER,1297000.0
T00002887,A0000144,2026-04-19,WITHDRAWAL,316000.0
T00002888,A0000247,2025-10-30,DEPOSIT,3043000.0
T00002889,A0000340,2025-11-21,DEPOSIT,1445000.0
T00002890,A0000966,2026-04-03,DEPOSIT,4025000.0
T00002891,A0000594,2025-09-14,DEPOSIT,212000.0
T00002892,A0001400,2025-08-01,WITHDRAWAL,2720000.0
T00002893,A0001252,2026-02-14,WITHDRAWAL,2969000.0
T00002894,A0000114,2025-06-13,DEPOSIT,4529000.0
T00002895,A0000333,2025-08-13,DEPOSIT,3757000.0
T00002896,A0001665,2025-02-09,DEPOSIT,4613000.0
T00002897,A0001744,2026-08-05,WITHDRAWAL,4128000.0
T00002898,A0000996,2026-01-09,WITHDRAWAL,3222000.0
T00002899,A0000953,2026-02-26,WITHDRAWAL,1934000.0
T00002900,A0001378,2025-01-21,DEPOSIT,3790000.0
T00002901,A0000237,2026-01-25,WITHDRAWAL,1337000.0
T00002902,A0000473,2026-01-09,DEPOSIT,3190000.0
T00002903,A0000155,2026-04-07,WITHDRAWAL,840000.0
T00002904,A0001088,2025-04-14,DEPOSIT,2937000.0
T00002905,A0001284,2026-05-14,DEPOSIT,792000.0
T00002906,A0000040,2026-08-04,WITHDRAWAL,2449000.0
T00002907,A0000873,2025-04-13,DEPOSIT,429000.0
T00002908,A0001594,2026-02-18,TRANSFER,3586000.0
T00002909,A0001775,2025-03-01,WITHDRAWAL,3914000.0
T00002910,A0001718,2026-01-22,DEPOSIT,3575000.0
T00002911,A0000021,2025-01-29,TRANSFER,3937000.0
T00002912,A0001743,2025-06-24,TRANSFER,3973000.0
T00002913,A0001214,2026-04-01,DEPOSIT,4598000.0
T00002914,A0000541,2025-01-27,DEPOSIT,593000.0
T00002915,A0000628,2025-08-15,WITHDRAWAL,1549000.0
T00002916,A0000071,2026-08-31,TRANSFER,3337000.0
T00002917,A0001401,2025-07-21,TRANSFER,2580000.0
T00002918,A0000535,2025-02-04,DEPOSIT,2800000.0
T00002919,A0000777,2026-04-15,TRANSFER,4255000.0
T00002920,A0000694,2026-04-21,DEPOSIT,2413000.0
T00002921,A0000019,2025-08-06,DEPOSIT,1765000.0
T00002922,A0001327,2026-02-02,DEPOSIT,1066000.0
T00002923,A0001558,2026-08-23,WITHDRAWAL,4148000.0
T00002924,A0001080,2025-05-11,WITHDRAWAL,3758000.0
T00002925,A0001507,2025-06-06,WITHDRAWAL,4094000.0
T00002926,A0000493,2025-03-20,WITHDRAWAL,1641000.0
T00002927,A0000528,2025-01-14,WITHDRAWAL,2068000.0
T00002928,A0001551,2025-05-19,WITHDRAWAL,766000.0
T00002929,A0000205,2025-12-05,DEPOSIT,1384000.0
T00002930,A0000905,2025-08-11,WITHDRAWAL,1978000.0
T00002931,A0000555,2026-04-16,DEPOSIT,2102000.0
T00002932,A0001427,2025-02-28,TRANSFER,2674000.0
T00002933,A0000023,2026-01-24,TRANSFER,1257000.0
T00002934,A0001013,2026-08-20,TRANSFER,851000.0
T00002935,A0001494,2026-02-05,DEPOSIT,3712000.0
T00002936,A0001148,2025-12-19,WITHDRAWAL,4587000.0
T00002937,A0000730,2025-01-04,TRANSFER,2704000.0
T00002938,A0000957,2025-01-20,DEPOSIT,3738000.0
T00002939,A0001773,2025-03-18,DEPOSIT,721000.0
T00002940,A0000747,2026-01-29,DEPOSIT,71000.0
T00002941,A0000644,2025-12-04,TRANSFER,965000.0
T00002942,A0000862,2025-03-24,DEPOSIT,3532000.0
T00002943,A0001182,2025-06-22,DEPOSIT,3109000.0
T00002944,A0000525,2026-05-21,DEPOSIT,737000.0
T00002945,A0000441,2025-10-26,WITHDRAWAL,3592000.0
T00002946,A0000154,2025-04-01,WITHDRAWAL,4122000.0
T00002947,A0000209,2025-03-25,DEPOSIT,2871000.0
T00002948,A0000625,2025-01-18,WITHDRAWAL,2280000.0
T00002949,A0000120,2026-08-17,TRANSFER,4884000.0
T00002950,A0000499,2026-08-10,WITHDRAWAL,2947000.0
T00002951,A0000879,2025-01-31,TRANSFER,1054000.0
T00002952,A0001021,2026-05-16,WITHDRAWAL,3062000.0
T00002953,A0000395,2025-12-08,TRANSFER,2111000.0
T00002954,A0000732,2025-03-03,TRANSFER,1215000.0
T00002955,A0001166,2025-11-22,TRANSFER,1073000.0
T00002956,A0001415,2025-08-06,DEPOSIT,3157000.0
T00002957,A0001611,2025-01-13,DEPOSIT,1784000.0
T00002958,A0001312,2025-04-23,DEPOSIT,4159000.0
T00002959,A0001621,2026-05-12,TRANSFER,1062000.0
T00002960,A0000002,2025-07-05,TRANSFER,1073000.0
T00002961,A0000356,2026-04-27,WITHDRAWAL,2735000.0
T00002962,A0000728,2025-12-05,TRANSFER,2682000.0
T00002963,A0000153,2025-11-23,TRANSFER,1490000.0
T00002964,A0001439,2025-07-14,TRANSFER,4110000.0
T00002965,A0001452,2026-02-04,DEPOSIT,4031000.0
T00002966,A0001156,2026-04-05,WITHDRAWAL,3489000.0
T00002967,A0000304,2025-07-18,WITHDRAWAL,3915000.0
T00002968,A0000916,2025-08-31,DEPOSIT,3937000.0
T00002969,A0001276,2025-03-12,WITHDRAWAL,816000.0
T00002970,A0000825,2025-05-29,TRANSFER,2001000.0
T00002971,A0000824,2025-03-27,DEPOSIT,592000.0
T00002972,A0001552,2026-02-05,DEPOSIT,4367000.0
T00002973,A0000882,2025-07-12,DEPOSIT,3005000.0
T00002974,A0000895,2026-01-28,TRANSFER,434000.0
T00002975,A0000234,2025-08-05,TRANSFER,1647000.0
T00002976,A0000154,2026-04-16,WITHDRAWAL,89000.0
T00002977,A0001789,2025-09-20,DEPOSIT,110000.0
T00002978,A0001075,2026-08-29,TRANSFER,4177000.0
T00002979,A0001477,2025-05-13,DEPOSIT,1736000.0
T00002980,A0000402,2025-11-15,TRANSFER,2889000.0
T00002981,A0000111,2026-06-02,TRANSFER,4283000.0
T00002982,A0000148,2025-05-07,DEPOSIT,2989000.0
T00002983,A0001201,2025-11-07,WITHDRAWAL,3344000.0
T00002984,A0000661,2025-09-24,WITHDRAWAL,3206000.0
T00002985,A0000148,2025-11-19,DEPOSIT,360000.0
T00002986,A0000157,2026-07-28,DEPOSIT,3808000.0
T00002987,A0001650,2025-05-20,TRANSFER,155000.0
T00002988,A0000233,2025-05-31,WITHDRAWAL,338000.0
T00002989,A0000031,2026-03-20,WITHDRAWAL,4632000.0
T00002990,A0000221,2025-11-16,TRANSFER,3113000.0
T00002991,A0001361,2025-10-22,WITHDRAWAL,1586000.0
T00002992,A0000348,2026-03-15,DEPOSIT,2917000.0
T00002993,A0000758,2026-03-16,TRANSFER,3077000.0
T00002994,A0001080,2026-03-27,TRANSFER,3212000.0
T00002995,A0000340,2026-07-28,WITHDRAWAL,301000.0
T00002996,A0000003,2025-04-18,TRANSFER,3669000.0
T00002997,A0000660,2025-03-13,WITHDRAWAL,294000.0
T00002998,A0000688,2026-07-24,WITHDRAWAL,1693000.0
T00002999,A0000935,2026-02-24,WITHDRAWAL,3277000.0
T00003000,A0000800,2026-02-06,WITHDRAWAL,4506000.0
T00003001,A0001661,2026-04-25,WITHDRAWAL,1022000.0
T00003002,A0001181,2025-12-27,DEPOSIT,97000.0
T00003003,A0000932,2026-02-07,DEPOSIT,3087000.0
T00003004,A0000869,2025-10-13,TRANSFER,2614000.0
T00003005,A0000981,2025-03-21,WITHDRAWAL,4628000.0
T00003006,A0001175,2025-11-26,TRANSFER,1306000.0
T00003007,A0000530,2026-07-10,DEPOSIT,4406000.0
T00003008,A0001590,2026-05-14,TRANSFER,3323000.0
T00003009,A0001186,2025-11-10,DEPOSIT,252000.0
T00003010,A0000546,2026-03-26,DEPOSIT,2734000.0
T00003011,A0000810,2026-07-17,TRANSFER,2978000.0
T00003012,A0000650,2025-11-28,DEPOSIT,791000.0
T00003013,A0000515,2025-03-14,DEPOSIT,2590000.0
T00003014,A0000269,2026-02-23,WITHDRAWAL,4289000.0
T00003015,A0000200,2025-01-07,TRANSFER,3485000.0
T00003016,A0000329,2026-08-06,WITHDRAWAL,3927000.0
T00003017,A0000281,2026-02-25,TRANSFER,4161000.0
T00003018,A0000352,2025-07-29,WITHDRAWAL,2822000.0
T00003019,A0001206,2026-04-21,TRANSFER,4953000.0
T00003020,A0000870,2025-11-08,DEPOSIT,2859000.0
T00003021,A0000855,2026-07-17,WITHDRAWAL,568000.0
T00003022,A0000434,2025-10-09,DEPOSIT,4297000.0
T00003023,A0001088,2025-04-06,DEPOSIT,1109000.0
T00003024,A0000086,2025-06-15,TRANSFER,4897000.0
T00003025,A0000964,2025-03-09,WITHDRAWAL,3227000.0
T00003026,A0001589,2026-01-12,DEPOSIT,841000.0
T00003027,A0000814,2025-06-02,WITHDRAWAL,4616000.0
T00003028,A0000425,2025-04-29,TRANSFER,4638000.0
T00003029,A0000037,2026-02-24,WITHDRAWAL,2102000.0
T00003030,A0000486,2025-11-28,DEPOSIT,4828000.0
T00003031,A0000768,2025-10-10,WITHDRAWAL,135000.0
T00003032,A0001724,2025-11-03,WITHDRAWAL,576000.0
T00003033,A0001524,2025-07-03,WITHDRAWAL,1482000.0
T00003034,A0001464,2025-02-10,TRANSFER,3963000.0
T00003035,A0001470,2025-09-14,DEPOSIT,1483000.0
T00003036,A0001489,2025-11-29,DEPOSIT,45000.0
T00003037,A0001725,2025-03-04,DEPOSIT,1861000.0
T00003038,A0001152,2025-07-20,DEPOSIT,1215000.0
T00003039,A0001056,2025-12-25,TRANSFER,2231000.0
T00003040,A0001468,2025-09-26,WITHDRAWAL,188000.0
T00003041,A0000605,2026-03-04,WITHDRAWAL,3998000.0
T00003042,A0001285,2025-12-22,WITHDRAWAL,1604000.0
T00003043,A0001051,2025-01-19,TRANSFER,188000.0
T00003044,A0000680,2025-05-18,DEPOSIT,4465000.0
T00003045,A0001026,2026-01-29,TRANSFER,164000.0
T00003046,A0001624,2025-11-21,WITHDRAWAL,4129000.0
T00003047,A0000082,2026-08-20,TRANSFER,1185000.0
T00003048,A0000016,2025-10-09,TRANSFER,3462000.0
T00003049,A0001523,2025-04-09,DEPOSIT,1907000.0
T00003050,A0001559,2026-07-03,WITHDRAWAL,4454000.0
T00003051,A0000065,2025-05-20,WITHDRAWAL,3042000.0
T00003052,A0001291,2026-03-14,WITHDRAWAL,3623000.0
T00003053,A0001115,2025-04-02,WITHDRAWAL,3802000.0
T00003054,A0000121,2025-12-09,WITHDRAWAL,3565000.0
T00003055,A0000629,2025-04-29,TRANSFER,3430000.0
T00003056,A0001516,2025-06-13,TRANSFER,1618000.0
T00003057,A0001285,2026-06-14,WITHDRAWAL,1707000.0
T00003058,A0000194,2025-01-27,TRANSFER,222000.0
T00003059,A0001266,2025-07-12,DEPOSIT,4055000.0
T00003060,A0001665,2025-11-14,DEPOSIT,4249000.0
T00003061,A0001035,2025-08-31,DEPOSIT,1028000.0
T00003062,A0001789,2025-03-09,DEPOSIT,1104000.0
T00003063,A0000259,2025-11-15,TRANSFER,130000.0
T00003064,A0001086,2025-08-29,DEPOSIT,1171000.0
T00003065,A0000369,2025-06-28,TRANSFER,3758000.0
T00003066,A0001379,2025-10-10,WITHDRAWAL,1078000.0
T00003067,A0000130,2026-08-25,TRANSFER,1240000.0
T00003068,A0001190,2025-11-29,WITHDRAWAL,734000.0
T00003069,A0001380,2026-05-26,WITHDRAWAL,4121000.0
T00003070,A0001452,2025-03-08,DEPOSIT,2981000.0
T00003071,A0000147,2025-03-10,WITHDRAWAL,84000.0
T00003072,A0000806,2026-08-29,DEPOSIT,3564000.0
T00003073,A0000726,2025-04-30,DEPOSIT,3387000.0
T00003074,A0000645,2025-04-09,WITHDRAWAL,4671000.0
T00003075,A0000355,2025-11-26,TRANSFER,4448000.0
T00003076,A0001668,2025-09-24,TRANSFER,4133000.0
T00003077,A0001062,2025-11-27,TRANSFER,16000.0
T00003078,A0001115,2025-02-01,TRANSFER,4381000.0
T00003079,A0000029,2025-12-08,WITHDRAWAL,2111000.0
T00003080,A0000148,2025-05-02,WITHDRAWAL,3026000.0
T00003081,A0000663,2025-08-17,TRANSFER,4355000.0
T00003082,A0000771,2025-02-19,WITHDRAWAL,4276000.0
T00003083,A0001620,2026-05-16,TRANSFER,4759000.0
T00003084,A0000572,2025-04-12,DEPOSIT,172000.0
T00003085,A0001746,2025-05-21,DEPOSIT,929000.0
T00003086,A0000818,2026-03-12,DEPOSIT,4903000.0
T00003087,A0000562,2026-06-01,TRANSFER,436000.0
T00003088,A0001738,2025-09-07,WITHDRAWAL,2878000.0
T00003089,A0001619,2026-01-29,WITHDRAWAL,3864000.0
T00003090,A0001661,2025-08-01,TRANSFER,1795000.0
T00003091,A0001060,2026-01-27,TRANSFER,2631000.0
T00003092,A0000750,2025-12-26,TRANSFER,3296000.0
T00003093,A0001427,2025-09-27,WITHDRAWAL,1442000.0
T00003094,A0000113,2025-09-16,WITHDRAWAL,4236000.0
T00003095,A0001604,2026-01-31,WITHDRAWAL,4942000.0
T00003096,A0001113,2026-02-12,TRANSFER,1817000.0
T00003097,A0000037,2026-04-17,TRANSFER,656000.0
T00003098,A0001173,2026-03-22,WITHDRAWAL,2565000.0
T00003099,A0000501,2025-12-11,WITHDRAWAL,3179000.0
T00003100,A0001283,2025-01-16,WITHDRAWAL,4449000.0
T00003101,A0001355,2026-03-29,TRANSFER,3806000.0
T00003102,A0000118,2025-05-08,DEPOSIT,274000.0
T00003103,A0000126,2026-06-03,DEPOSIT,3611000.0
T00003104,A0001434,2025-10-12,TRANSFER,4246000.0
T00003105,A0001571,2026-01-06,DEPOSIT,3559000.0
T00003106,A0001596,2026-05-22,TRANSFER,2950000.0
T00003107,A0001151,2025-04-22,DEPOSIT,3476000.0
T00003108,A0001520,2026-05-02,WITHDRAWAL,3324000.0
T00003109,A0001136,2025-10-09,TRANSFER,2188000.0
T00003110,A0001274,2026-08-13,TRANSFER,2099000.0
T00003111,A0000308,2025-07-23,WITHDRAWAL,4137000.0
T00003112,A0000415,2025-10-22,DEPOSIT,127000.0
T00003113,A0001290,2026-03-08,DEPOSIT,2320000.0
T00003114,A0001502,2026-08-30,TRANSFER,2137000.0
T00003115,A0000325,2025-01-26,DEPOSIT,4895000.0
T00003116,A0001481,2025-10-01,TRANSFER,3349000.0
T00003117,A0001746,2026-03-03,WITHDRAWAL,1934000.0
T00003118,A0001049,2026-05-08,WITHDRAWAL,3914000.0
T00003119,A0000724,2026-04-20,DEPOSIT,3738000.0
T00003120,A0000612,2026-07-05,TRANSFER,552000.0
T00003121,A0001161,2025-04-05,DEPOSIT,679000.0
T00003122,A0001688,2025-08-25,TRANSFER,1129000.0
T00003123,A0001542,2026-05-25,WITHDRAWAL,4918000.0
T00003124,A0000487,2025-08-23,TRANSFER,1390000.0
T00003125,A0000469,2025-04-06,TRANSFER,1897000.0
T00003126,A0001425,2025-11-25,TRANSFER,3200000.0
T00003127,A0000784,2026-05-22,WITHDRAWAL,2181000.0
T00003128,A0001103,2025-07-27,DEPOSIT,3042000.0
T00003129,A0000431,2025-07-07,WITHDRAWAL,2320000.0
T00003130,A0000780,2025-08-29,TRANSFER,1418000.0
T00003131,A0000574,2025-06-21,DEPOSIT,1976000.0
T00003132,A0001027,2025-12-15,TRANSFER,4676000.0
T00003133,A0000059,2025-04-27,TRANSFER,4535000.0
T00003134,A0001619,2025-07-31,TRANSFER,3070000.0
T00003135,A0000183,2025-09-15,DEPOSIT,4479000.0
T00003136,A0000407,2026-01-27,WITHDRAWAL,4827000.0
T00003137,A0001669,2025-10-09,TRANSFER,2130000.0
T00003138,A0000052,2026-03-09,TRANSFER,3274000.0
T00003139,A0000077,2025-03-12,DEPOSIT,3467000.0
T00003140,A0000987,2025-04-02,DEPOSIT,2062000.0
T00003141,A0001237,2025-09-19,DEPOSIT,1530000.0
T00003142,A0001139,2026-01-08,DEPOSIT,3683000.0
T00003143,A0001329,2026-02-13,WITHDRAWAL,4841000.0
T00003144,A0000968,2025-10-31,WITHDRAWAL,4844000.0
T00003145,A0001748,2026-07-23,TRANSFER,4875000.0
T00003146,A0000270,2025-07-08,TRANSFER,2927000.0
T00003147,A0001415,2025-03-09,TRANSFER,2472000.0
T00003148,A0000357,2025-04-02,WITHDRAWAL,3477000.0
T00003149,A0001012,2025-09-21,TRANSFER,1597000.0
T00003150,A0000929,2026-01-17,DEPOSIT,3022000.0
T00003151,A0000567,2026-02-13,WITHDRAWAL,2375000.0
T00003152,A0001118,2025-04-16,TRANSFER,2375000.0
T00003153,A0000971,2026-05-24,DEPOSIT,3479000.0
T00003154,A0001134,2026-01-08,TRANSFER,4748000.0
T00003155,A0000611,2025-11-14,WITHDRAWAL,1179000.0
T00003156,A0001235,2025-02-08,DEPOSIT,2199000.0
T00003157,A0000621,2025-02-07,WITHDRAWAL,545000.0
T00003158,A0000072,2025-01-12,WITHDRAWAL,3000.0
T00003159,A0001763,2025-09-05,TRANSFER,1122000.0
T00003160,A0000923,2025-03-03,WITHDRAWAL,1427000.0
T00003161,A0001529,2026-08-21,TRANSFER,336000.0
T00003162,A0001243,2025-02-13,WITHDRAWAL,534000.0
T00003163,A0000254,2026-07-04,DEPOSIT,677000.0
T00003164,A0001538,2025-09-19,DEPOSIT,4436000.0
T00003165,A0000140,2026-06-17,WITHDRAWAL,2120000.0
T00003166,A0000366,2025-10-28,TRANSFER,3684000.0
T00003167,A0001264,2026-04-27,DEPOSIT,2063000.0
T00003168,A0000805,2025-12-24,TRANSFER,3355000.0
T00003169,A0000969,2025-05-26,WITHDRAWAL,4336000.0
T00003170,A0000979,2025-04-16,TRANSFER,1012000.0
T00003171,A0001796,2025-09-19,WITHDRAWAL,472000.0
T00003172,A0001549,2026-04-30,WITHDRAWAL,2943000.0
T00003173,A0001708,2025-06-21,TRANSFER,144000.0
T00003174,A0001583,2025-01-24,DEPOSIT,142000.0
T00003175,A0000459,2025-01-14,DEPOSIT,439000.0
T00003176,A0000993,2026-04-04,DEPOSIT,4885000.0
T00003177,A0000136,2025-05-10,TRANSFER,1022000.0
T00003178,A0000994,2025-09-26,TRANSFER,3704000.0
T00003179,A0001017,2025-01-20,WITHDRAWAL,4619000.0
T00003180,A0000163,2025-09-01,DEPOSIT,2534000.0
T00003181,A0001595,2026-07-31,WITHDRAWAL,3474000.0
T00003182,A0000343,2025-11-30,TRANSFER,280000.0
T00003183,A0000966,2026-04-01,TRANSFER,1345000.0
T00003184,A0000467,2026-07-25,DEPOSIT,3234000.0
T00003185,A0000974,2025-02-14,DEPOSIT,2952000.0
T00003186,A0001435,2025-05-28,WITHDRAWAL,4737000.0
T00003187,A0000406,2025-08-29,DEPOSIT,1522000.0
T00003188,A0001472,2025-11-03,TRANSFER,1641000.0
T00003189,A0001645,2026-02-23,TRANSFER,1336000.0
T00003190,A0001580,2026-01-10,DEPOSIT,4767000.0
T00003191,A0001540,2025-06-17,TRANSFER,3288000.0
T00003192,A0001388,2025-01-06,DEPOSIT,3812000.0
T00003193,A0001035,2025-01-07,DEPOSIT,4711000.0
T00003194,A0000171,2025-10-14,WITHDRAWAL,3808000.0
T00003195,A0001383,2025-03-31,WITHDRAWAL,4618000.0
T00003196,A0001551,2025-03-26,WITHDRAWAL,1848000.0
T00003197,A0000453,2026-07-19,TRANSFER,3008000.0
T00003198,A0001029,2025-07-18,DEPOSIT,3660000.0
T00003199,A0000622,2026-01-02,DEPOSIT,3185000.0
T00003200,A0001623,2025-08-29,DEPOSIT,1709000.0
T00003201,A0001596,2025-06-04,WITHDRAWAL,4677000.0
T00003202,A0001745,2025-02-20,DEPOSIT,3659000.0
T00003203,A0001074,2026-06-03,WITHDRAWAL,4003000.0
T00003204,A0001381,2025-12-31,DEPOSIT,4365000.0
T00003205,A0001522,2026-08-21,WITHDRAWAL,203000.0
T00003206,A0001443,2026-02-14,WITHDRAWAL,3759000.0
T00003207,A0001561,2026-01-02,TRANSFER,3389000.0
T00003208,A0001005,2025-07-02,WITHDRAWAL,3819000.0
T00003209,A0000017,2025-05-24,DEPOSIT,1262000.0
T00003210,A0000686,2025-12-16,WITHDRAWAL,2095000.0
T00003211,A0000168,2025-11-23,DEPOSIT,491000.0
T00003212,A0000923,2026-04-02,WITHDRAWAL,1042000.0
T00003213,A0001279,2026-05-07,WITHDRAWAL,2380000.0
T00003214,A0000039,2025-06-22,TRANSFER,4377000.0
T00003215,A0001166,2025-08-02,TRANSFER,4960000.0
T00003216,A0001695,2026-08-02,WITHDRAWAL,2266000.0
T00003217,A0000571,2025-09-12,TRANSFER,2037000.0
T00003218,A0000632,2026-07-05,DEPOSIT,3787000.0
T00003219,A0000938,2025-05-12,DEPOSIT,2868000.0
T00003220,A0001257,2025-01-09,DEPOSIT,2837000.0
T00003221,A0000137,2026-08-03,TRANSFER,2103000.0
T00003222,A0001118,2025-08-07,TRANSFER,752000.0
T00003223,A0000456,2026-08-03,WITHDRAWAL,653000.0
T00003224,A0001777,2026-04-28,TRANSFER,2427000.0
T00003225,A0000081,2026-08-19,WITHDRAWAL,4493000.0
T00003226,A0000330,2026-06-03,TRANSFER,2702000.0
T00003227,A0001439,2025-07-12,WITHDRAWAL,1233000.0
T00003228,A0000321,2025-12-25,TRANSFER,1315000.0
T00003229,A0001330,2026-04-30,DEPOSIT,3517000.0
T00003230,A0000085,2025-07-13,TRANSFER,4936000.0
T00003231,A0001463,2026-03-10,DEPOSIT,2347000.0
T00003232,A0000002,2026-04-03,DEPOSIT,1548000.0
T00003233,A0000413,2026-02-23,TRANSFER,491000.0
T00003234,A0001385,2025-08-27,WITHDRAWAL,1817000.0
T00003235,A0000829,2025-03-13,TRANSFER,3613000.0
T00003236,A0000077,2026-04-16,TRANSFER,1940000.0
T00003237,A0000394,2026-08-01,DEPOSIT,1195000.0
T00003238,A0000881,2026-08-07,WITHDRAWAL,4349000.0
T00003239,A0000706,2025-12-15,WITHDRAWAL,1889000.0
T00003240,A0001290,2025-08-03,WITHDRAWAL,3760000.0
T00003241,A0001294,2025-02-23,WITHDRAWAL,3549000.0
T00003242,A0001221,2026-04-17,DEPOSIT,754000.0
T00003243,A0001630,2026-08-16,WITHDRAWAL,1278000.0
T00003244,A0000912,2025-12-17,TRANSFER,4906000.0
T00003245,A0000885,2025-06-07,DEPOSIT,4583000.0
T00003246,A0000412,2025-02-24,WITHDRAWAL,4463000.0
T00003247,A0000549,2026-02-27,DEPOSIT,4256000.0
T00003248,A0001646,2025-11-13,DEPOSIT,4828000.0
T00003249,A0000087,2026-03-25,DEPOSIT,903000.0
T00003250,A0001687,2026-06-12,TRANSFER,2006000.0
T00003251,A0001269,2026-07-27,WITHDRAWAL,2163000.0
T00003252,A0000605,2026-03-27,WITHDRAWAL,1816000.0
T00003253,A0000734,2025-06-22,DEPOSIT,1842000.0
T00003254,A0001186,2025-03-28,WITHDRAWAL,1802000.0
T00003255,A0001209,2026-06-28,DEPOSIT,3488000.0
T00003256,A0001575,2025-05-21,WITHDRAWAL,1577000.0
T00003257,A0000421,2026-01-10,WITHDRAWAL,2778000.0
T00003258,A0000416,2025-11-10,WITHDRAWAL,1432000.0
T00003259,A0001421,2026-01-18,WITHDRAWAL,2620000.0
T00003260,A0001117,2025-04-15,DEPOSIT,336000.0
T00003261,A0000531,2025-05-31,WITHDRAWAL,3855000.0
T00003262,A0001273,2025-08-03,DEPOSIT,1958000.0
T00003263,A0001753,2025-06-28,TRANSFER,2639000.0
T00003264,A0001333,2025-10-09,DEPOSIT,4289000.0
T00003265,A0000045,2026-02-21,TRANSFER,3406000.0
T00003266,A0000558,2026-05-07,DEPOSIT,4239000.0
T00003267,A0000714,2025-02-26,TRANSFER,4696000.0
T00003268,A0000437,2026-02-06,DEPOSIT,3787000.0
T00003269,A0001298,2025-09-20,DEPOSIT,2905000.0
T00003270,A0000989,2025-09-11,DEPOSIT,1414000.0
T00003271,A0000496,2025-04-01,WITHDRAWAL,3458000.0
T00003272,A0001410,2025-02-19,DEPOSIT,1343000.0
T00003273,A0000419,2025-05-06,TRANSFER,4402000.0
T00003274,A0001058,2025-06-08,TRANSFER,4160000.0
T00003275,A0001704,2026-07-26,TRANSFER,1062000.0
T00003276,A0000485,2025-08-01,WITHDRAWAL,391000.0
T00003277,A0001153,2025-02-15,DEPOSIT,555000.0
T00003278,A0000632,2025-11-12,TRANSFER,4209000.0
T00003279,A0001071,2025-07-19,TRANSFER,4490000.0
T00003280,A0001564,2025-02-06,TRANSFER,2039000.0
T00003281,A0000865,2026-02-27,WITHDRAWAL,500000.0
T00003282,A0001679,2025-06-03,TRANSFER,822000.0
T00003283,A0000732,2025-08-22,TRANSFER,275000.0
T00003284,A0001355,2026-06-22,TRANSFER,2990000.0
T00003285,A0001341,2025-07-26,WITHDRAWAL,2156000.0
T00003286,A0000163,2026-03-05,TRANSFER,4663000.0
T00003287,A0000448,2026-01-05,WITHDRAWAL,815000.0
T00003288,A0000646,2026-08-15,DEPOSIT,4517000.0
T00003289,A0000828,2025-12-11,DEPOSIT,698000.0
T00003290,A0001577,2025-08-03,DEPOSIT,4469000.0
T00003291,A0001095,2026-02-17,TRANSFER,3800000.0
T00003292,A0000693,2026-08-23,TRANSFER,4043000.0
T00003293,A0001190,2025-11-26,WITHDRAWAL,2731000.0
T00003294,A0000806,2025-07-12,TRANSFER,3466000.0
T00003295,A0000482,2025-07-05,TRANSFER,2086000.0
T00003296,A0000820,2025-07-10,TRANSFER,325000.0
T00003297,A0001446,2025-09-16,WITHDRAWAL,2884000.0
T00003298,A0000535,2026-08-21,WITHDRAWAL,2617000.0
T00003299,A0000324,2026-08-22,DEPOSIT,3536000.0
T00003300,A0000440,2025-03-01,TRANSFER,1937000.0
T00003301,A0001158,2026-01-02,WITHDRAWAL,3363000.0
T00003302,A0001418,2026-03-07,DEPOSIT,4750000.0
T00003303,A0000609,2026-05-12,WITHDRAWAL,112000.0
T00003304,A0001091,2025-07-21,DEPOSIT,3959000.0
T00003305,A0001319,2025-02-15,TRANSFER,4008000.0
T00003306,A0000268,2026-01-02,TRANSFER,4309000.0
T00003307,A0000520,2026-06-17,TRANSFER,280000.0
T00003308,A0000498,2025-01-14,TRANSFER,218000.0
T00003309,A0000835,2025-12-15,TRANSFER,302000.0
T00003310,A0000068,2025-09-10,DEPOSIT,3735000.0
T00003311,A0001695,2026-04-20,DEPOSIT,4191000.0
T00003312,A0001495,2026-06-26,TRANSFER,2206000.0
T00003313,A0000813,2025-06-15,TRANSFER,1779000.0
T00003314,A0000304,2025-11-10,WITHDRAWAL,2347000.0
T00003315,A0000990,2026-06-04,DEPOSIT,2931000.0
T00003316,A0000952,2026-07-15,WITHDRAWAL,754000.0
T00003317,A0001114,2025-11-15,TRANSFER,2597000.0
T00003318,A0001237,2025-07-08,DEPOSIT,3756000.0
T00003319,A0001267,2025-12-31,DEPOSIT,4645000.0
T00003320,A0001531,2025-09-10,WITHDRAWAL,233000.0
T00003321,A0001109,2025-12-08,DEPOSIT,3567000.0
T00003322,A0000118,2025-06-08,TRANSFER,1372000.0
T00003323,A0000297,2025-05-18,WITHDRAWAL,1543000.0
T00003324,A0001065,2025-09-27,WITHDRAWAL,3298000.0
T00003325,A0000764,2025-10-21,DEPOSIT,4481000.0
T00003326,A0001294,2026-08-25,WITHDRAWAL,943000.0
T00003327,A0000924,2025-09-03,DEPOSIT,4587000.0
T00003328,A0000308,2025-06-18,WITHDRAWAL,4643000.0
T00003329,A0001188,2026-01-17,DEPOSIT,1546000.0
T00003330,A0001111,2026-03-08,TRANSFER,375000.0
T00003331,A0001599,2025-08-07,DEPOSIT,4097000.0
T00003332,A0000859,2025-01-28,DEPOSIT,2895000.0
T00003333,A0000538,2026-01-30,DEPOSIT,1028000.0
T00003334,A0000460,2026-04-08,WITHDRAWAL,1346000.0
T00003335,A0000446,2026-08-08,WITHDRAWAL,3701000.0
T00003336,A0000051,2026-01-17,WITHDRAWAL,1932000.0
T00003337,A0000062,2026-06-14,TRANSFER,1939000.0
T00003338,A0000134,2025-04-10,TRANSFER,4996000.0
T00003339,A0001067,2025-04-29,DEPOSIT,4579000.0
T00003340,A0001703,2025-12-05,TRANSFER,3818000.0
T00003341,A0001281,2026-04-16,WITHDRAWAL,2390000.0
T00003342,A0000598,2025-12-04,WITHDRAWAL,1080000.0
T00003343,A0000030,2026-08-19,TRANSFER,3294000.0
T00003344,A0000473,2025-02-25,TRANSFER,3548000.0
T00003345,A0000115,2025-07-01,WITHDRAWAL,1348000.0
T00003346,A0001181,2026-08-14,DEPOSIT,4182000.0
T00003347,A0001528,2025-05-25,WITHDRAWAL,737000.0
T00003348,A0000743,2026-04-29,DEPOSIT,3697000.0
T00003349,A0001213,2026-03-24,DEPOSIT,1607000.0
T00003350,A0001756,2026-03-18,TRANSFER,373000.0
T00003351,A0000447,2025-10-03,WITHDRAWAL,2718000.0
T00003352,A0001011,2025-04-07,WITHDRAWAL,310000.0
T00003353,A0000790,2025-07-11,DEPOSIT,4969000.0
T00003354,A0000142,2025-12-21,WITHDRAWAL,1746000.0
T00003355,A0001252,2026-06-15,DEPOSIT,2115000.0
T00003356,A0001615,2025-11-18,WITHDRAWAL,3034000.0
T00003357,A0000392,2026-08-29,TRANSFER,3441000.0
T00003358,A0001160,2025-01-26,WITHDRAWAL,4689000.0
T00003359,A0000927,2026-06-06,TRANSFER,3517000.0
T00003360,A0001115,2025-12-07,WITHDRAWAL,788000.0
T00003361,A0000002,2026-06-26,WITHDRAWAL,624000.0
T00003362,A0000175,2025-04-06,TRANSFER,1402000.0
T00003363,A0000264,2025-10-23,WITHDRAWAL,2766000.0
T00003364,A0001640,2026-01-05,DEPOSIT,4731000.0
T00003365,A0001448,2026-03-29,DEPOSIT,3359000.0
T00003366,A0000555,2025-12-01,DEPOSIT,2126000.0
T00003367,A0000491,2025-05-18,WITHDRAWAL,2532000.0
T00003368,A0000326,2025-06-02,DEPOSIT,472000.0
T00003369,A0000688,2026-06-04,DEPOSIT,1783000.0
T00003370,A0000654,2026-04-10,TRANSFER,4504000.0
T00003371,A0001216,2025-10-08,DEPOSIT,1855000.0
T00003372,A0001766,2025-04-02,TRANSFER,2774000.0
T00003373,A0001341,2025-04-16,DEPOSIT,3493000.0
T00003374,A0000437,2025-05-16,DEPOSIT,2019000.0
T00003375,A0000913,2025-12-13,TRANSFER,1141000.0
T00003376,A0000164,2026-07-13,DEPOSIT,3485000.0
T00003377,A0001683,2025-04-20,DEPOSIT,1724000.0
T00003378,A0001150,2025-05-07,WITHDRAWAL,4171000.0
T00003379,A0001007,2026-07-20,DEPOSIT,4616000.0
T00003380,A0001057,2025-07-13,WITHDRAWAL,3794000.0
T00003381,A0000988,2025-06-15,TRANSFER,633000.0
T00003382,A0001583,2025-07-07,TRANSFER,3148000.0
T00003383,A0000029,2026-08-12,TRANSFER,1698000.0
T00003384,A0001098,2025-12-12,DEPOSIT,352000.0
T00003385,A0001093,2025-01-14,TRANSFER,3731000.0
T00003386,A0001237,2026-04-24,TRANSFER,1182000.0
T00003387,A0000571,2025-09-10,WITHDRAWAL,1153000.0
T00003388,A0001556,2025-09-25,WITHDRAWAL,1658000.0
T00003389,A0001025,2026-08-20,DEPOSIT,222000.0
T00003390,A0000249,2025-08-02,WITHDRAWAL,2930000.0
T00003391,A0001351,2025-01-27,DEPOSIT,2974000.0
T00003392,A0001402,2025-06-25,WITHDRAWAL,3759000.0
T00003393,A0000982,2025-05-03,WITHDRAWAL,2007000.0
T00003394,A0000130,2026-05-29,TRANSFER,2178000.0
T00003395,A0000413,2026-07-14,WITHDRAWAL,2146000.0
T00003396,A0000122,2026-07-11,WITHDRAWAL,865000.0
T00003397,A0000903,2026-08-21,TRANSFER,508000.0
T00003398,A0000726,2025-08-23,DEPOSIT,4288000.0
T00003399,A0001265,2025-06-07,TRANSFER,1283000.0
T00003400,A0000861,2026-08-14,TRANSFER,2056000.0
T00003401,A0000330,2025-09-18,TRANSFER,1490000.0
T00003402,A0000986,2025-06-20,WITHDRAWAL,903000.0
T00003403,A0000108,2025-12-17,TRANSFER,3703000.0
T00003404,A0000741,2025-08-25,DEPOSIT,1754000.0
T00003405,A0001167,2026-08-29,WITHDRAWAL,3836000.0
T00003406,A0001516,2026-08-13,WITHDRAWAL,3613000.0
T00003407,A0001591,2025-12-30,TRANSFER,744000.0
T00003408,A0001185,2025-09-11,TRANSFER,4567000.0
T00003409,A0000189,2026-04-16,DEPOSIT,2218000.0
T00003410,A0000223,2025-06-17,TRANSFER,142000.0
T00003411,A0000811,2025-03-09,DEPOSIT,4540000.0
T00003412,A0000572,2025-03-15,TRANSFER,3173000.0
T00003413,A0001509,2025-06-09,TRANSFER,4326000.0
T00003414,A0000727,2025-06-14,TRANSFER,2827000.0
T00003415,A0000746,2026-04-18,TRANSFER,118000.0
T00003416,A0000183,2025-01-27,TRANSFER,4820000.0
T00003417,A0001658,2025-01-30,WITHDRAWAL,1024000.0
T00003418,A0001756,2026-07-10,WITHDRAWAL,915000.0
T00003419,A0000321,2026-02-11,WITHDRAWAL,1910000.0
T00003420,A0000360,2026-08-13,TRANSFER,2869000.0
T00003421,A0001067,2025-11-21,WITHDRAWAL,1741000.0
T00003422,A0000375,2025-02-05,TRANSFER,849000.0
T00003423,A0001323,2026-06-12,DEPOSIT,886000.0
T00003424,A0000236,2025-10-30,WITHDRAWAL,3594000.0
T00003425,A0001435,2025-04-08,TRANSFER,1360000.0
T00003426,A0001684,2026-03-13,WITHDRAWAL,3505000.0
T00003427,A0001406,2025-09-19,WITHDRAWAL,2809000.0
T00003428,A0000524,2026-07-14,TRANSFER,33000.0
T00003429,A0001503,2026-05-13,DEPOSIT,2145000.0
T00003430,A0000164,2025-06-28,DEPOSIT,3728000.0
T00003431,A0001127,2025-02-24,DEPOSIT,4683000.0
T00003432,A0000437,2026-06-02,WITHDRAWAL,3975000.0
T00003433,A0000111,2025-08-02,DEPOSIT,2245000.0
T00003434,A0001746,2025-09-16,DEPOSIT,4808000.0
T00003435,A0001290,2026-06-03,WITHDRAWAL,3957000.0
T00003436,A0000758,2025-01-28,DEPOSIT,1371000.0
T00003437,A0000469,2025-05-04,DEPOSIT,2827000.0
T00003438,A0000455,2026-06-06,TRANSFER,4947000.0
T00003439,A0000032,2025-01-05,WITHDRAWAL,1345000.0
T00003440,A0000375,2026-07-14,DEPOSIT,2281000.0
T00003441,A0001597,2025-12-28,WITHDRAWAL,1768000.0
T00003442,A0001174,2026-06-03,WITHDRAWAL,2008000.0
T00003443,A0000020,2025-01-24,TRANSFER,3953000.0
T00003444,A0000392,2025-06-09,DEPOSIT,1538000.0
T00003445,A0000336,2025-04-17,WITHDRAWAL,3454000.0
T00003446,A0001206,2025-02-15,TRANSFER,4242000.0
T00003447,A0001574,2026-04-20,DEPOSIT,504000.0
T00003448,A0001755,2025-06-20,TRANSFER,215000.0
T00003449,A0000689,2026-06-20,TRANSFER,4210000.0
T00003450,A0000970,2025-12-30,WITHDRAWAL,3002000.0
T00003451,A0000573,2026-05-24,TRANSFER,4071000.0
T00003452,A0000643,2025-01-20,WITHDRAWAL,1036000.0
T00003453,A0001763,2025-01-22,WITHDRAWAL,1446000.0
T00003454,A0000931,2025-08-15,TRANSFER,4936000.0
T00003455,A0000328,2025-01-21,DEPOSIT,1717000.0
T00003456,A0000006,2025-02-11,DEPOSIT,1258000.0
T00003457,A0001045,2025-08-08,WITHDRAWAL,3405000.0
T00003458,A0001447,2026-06-25,TRANSFER,4536000.0
T00003459,A0000761,2026-05-17,TRANSFER,3473000.0
T00003460,A0000610,2026-01-29,DEPOSIT,205000.0
T00003461,A0000452,2026-03-24,TRANSFER,443000.0
T00003462,A0000390,2025-03-27,WITHDRAWAL,2617000.0
T00003463,A0000054,2026-04-14,TRANSFER,1512000.0
T00003464,A0000417,2025-11-13,DEPOSIT,4788000.0
T00003465,A0000192,2025-02-03,WITHDRAWAL,3331000.0
T00003466,A0000860,2026-08-20,DEPOSIT,1893000.0
T00003467,A0001141,2026-07-08,DEPOSIT,1239000.0
T00003468,A0000236,2025-07-11,WITHDRAWAL,4396000.0
T00003469,A0000218,2025-05-13,TRANSFER,680000.0
T00003470,A0000132,2025-01-05,WITHDRAWAL,2320000.0
T00003471,A0001033,2026-02-20,TRANSFER,3241000.0
T00003472,A0001147,2026-01-22,DEPOSIT,3612000.0
T00003473,A0000641,2026-04-12,WITHDRAWAL,1243000.0
T00003474,A0001341,2025-03-17,TRANSFER,2840000.0
T00003475,A0001289,2026-02-10,WITHDRAWAL,3338000.0
T00003476,A0000263,2026-07-12,WITHDRAWAL,2716000.0
T00003477,A0001194,2025-07-15,TRANSFER,3265000.0
T00003478,A0001619,2026-05-08,TRANSFER,4633000.0
T00003479,A0001299,2026-02-18,DEPOSIT,666000.0
T00003480,A0001704,2025-10-20,TRANSFER,875000.0
T00003481,A0000337,2026-07-05,WITHDRAWAL,222000.0
T00003482,A0000032,2026-06-22,TRANSFER,253000.0
T00003483,A0001671,2025-07-04,DEPOSIT,1879000.0
T00003484,A0001709,2025-01-20,DEPOSIT,3526000.0
T00003485,A0001352,2025-06-27,TRANSFER,4325000.0
T00003486,A0000929,2026-07-28,DEPOSIT,4045000.0
T00003487,A0001571,2025-03-16,DEPOSIT,2896000.0
T00003488,A0000125,2026-04-12,DEPOSIT,2521000.0
T00003489,A0001656,2025-06-10,TRANSFER,3590000.0
T00003490,A0000038,2025-12-14,DEPOSIT,368000.0
T00003491,A0000690,2026-05-26,WITHDRAWAL,3414000.0
T00003492,A0000959,2025-12-31,DEPOSIT,1421000.0
T00003493,A0001499,2026-01-18,DEPOSIT,2715000.0
T00003494,A0001164,2025-11-09,WITHDRAWAL,3835000.0
T00003495,A0001717,2026-03-19,DEPOSIT,933000.0
T00003496,A0000228,2025-05-31,WITHDRAWAL,1651000.0
T00003497,A0000389,2025-10-25,WITHDRAWAL,2565000.0
T00003498,A0000088,2025-05-01,DEPOSIT,491000.0
T00003499,A0001540,2025-01-28,DEPOSIT,2526000.0
T00003500,A0000319,2025-05-31,DEPOSIT,4817000.0
T00003501,A0000458,2025-02-15,TRANSFER,3206000.0
T00003502,A0000944,2026-06-04,DEPOSIT,642000.0
T00003503,A0000183,2026-04-02,DEPOSIT,3075000.0
T00003504,A0001716,2026-01-03,DEPOSIT,4295000.0
T00003505,A0001148,2025-12-17,DEPOSIT,2801000.0
T00003506,A0001152,2025-05-07,DEPOSIT,4316000.0
T00003507,A0001244,2025-12-12,DEPOSIT,1400000.0
T00003508,A0000913,2026-06-15,DEPOSIT,469000.0
T00003509,A0000053,2025-11-05,WITHDRAWAL,4443000.0
T00003510,A0001356,2025-05-19,WITHDRAWAL,1726000.0
T00003511,A0000771,2026-04-25,WITHDRAWAL,2946000.0
T00003512,A0001246,2025-05-16,DEPOSIT,3106000.0
T00003513,A0001215,2025-11-14,DEPOSIT,1302000.0
T00003514,A0001598,2026-03-02,WITHDRAWAL,2635000.0
T00003515,A0001122,2025-08-30,TRANSFER,1417000.0
T00003516,A0001175,2025-12-16,WITHDRAWAL,4642000.0
T00003517,A0000902,2026-07-08,TRANSFER,2198000.0
T00003518,A0000612,2025-01-29,WITHDRAWAL,1478000.0
T00003519,A0000610,2026-02-15,TRANSFER,2288000.0
T00003520,A0000949,2026-06-26,TRANSFER,2040000.0
T00003521,A0001112,2025-05-02,TRANSFER,3945000.0
T00003522,A0000811,2025-02-21,WITHDRAWAL,1158000.0
T00003523,A0001708,2026-07-25,TRANSFER,3661000.0
T00003524,A0000737,2025-07-12,WITHDRAWAL,2135000.0
T00003525,A0000426,2026-06-20,DEPOSIT,3524000.0
T00003526,A0001570,2025-01-09,WITHDRAWAL,3764000.0
T00003527,A0001388,2025-07-12,DEPOSIT,4166000.0
T00003528,A0000885,2026-06-02,DEPOSIT,4010000.0
T00003529,A0001297,2025-09-09,TRANSFER,3010000.0
T00003530,A0001319,2026-02-17,TRANSFER,2957000.0
T00003531,A0000437,2025-01-20,WITHDRAWAL,1788000.0
T00003532,A0001584,2025-09-28,TRANSFER,3301000.0
T00003533,A0001688,2026-08-09,TRANSFER,902000.0
T00003534,A0000808,2025-06-09,WITHDRAWAL,4070000.0
T00003535,A0001388,2025-04-02,DEPOSIT,2023000.0
T00003536,A0000412,2026-05-17,DEPOSIT,4256000.0
T00003537,A0000910,2025-07-15,TRANSFER,3191000.0
T00003538,A0001551,2026-07-24,TRANSFER,2959000.0
T00003539,A0001494,2025-03-15,DEPOSIT,2858000.0
T00003540,A0000786,2025-02-28,WITHDRAWAL,4672000.0
T00003541,A0001750,2025-11-03,TRANSFER,4787000.0
T00003542,A0001090,2025-09-10,TRANSFER,3082000.0
T00003543,A0000698,2025-05-26,WITHDRAWAL,2150000.0
T00003544,A0000663,2026-05-21,TRANSFER,236000.0
T00003545,A0000694,2026-02-11,WITHDRAWAL,3228000.0
T00003546,A0000292,2026-06-28,WITHDRAWAL,2449000.0
T00003547,A0000340,2026-04-09,TRANSFER,2592000.0
T00003548,A0001685,2025-11-27,WITHDRAWAL,317000.0
T00003549,A0001511,2025-01-04,TRANSFER,2944000.0
T00003550,A0001440,2026-06-16,TRANSFER,1058000.0
T00003551,A0000031,2026-07-30,DEPOSIT,3593000.0
T00003552,A0001406,2026-04-09,TRANSFER,1781000.0
T00003553,A0000176,2026-07-08,TRANSFER,2208000.0
T00003554,A0000851,2025-08-27,DEPOSIT,4077000.0
T00003555,A0000995,2025-12-07,WITHDRAWAL,135000.0
T00003556,A0000170,2025-08-20,WITHDRAWAL,4569000.0
T00003557,A0001569,2025-11-01,WITHDRAWAL,4107000.0
T00003558,A0001605,2025-05-24,WITHDRAWAL,451000.0
T00003559,A0001733,2026-06-04,TRANSFER,2466000.0
T00003560,A0000644,2026-06-12,DEPOSIT,3947000.0
T00003561,A0000289,2026-04-29,DEPOSIT,1316000.0
T00003562,A0001106,2025-01-02,DEPOSIT,1441000.0
T00003563,A0000979,2026-08-11,DEPOSIT,1156000.0
T00003564,A0000844,2026-01-05,TRANSFER,2161000.0
T00003565,A0000686,2025-05-13,TRANSFER,2267000.0
T00003566,A0000652,2025-10-27,WITHDRAWAL,472000.0
T00003567,A0000428,2026-02-26,TRANSFER,1527000.0
T00003568,A0001472,2025-03-11,WITHDRAWAL,1474000.0
T00003569,A0001463,2025-08-27,TRANSFER,1541000.0
T00003570,A0001523,2025-09-23,DEPOSIT,2334000.0
T00003571,A0000208,2025-02-14,DEPOSIT,1516000.0
T00003572,A0001025,2026-01-22,WITHDRAWAL,4382000.0
T00003573,A0000301,2026-07-09,TRANSFER,1559000.0
T00003574,A0000209,2026-03-29,DEPOSIT,4695000.0
T00003575,A0001629,2026-08-07,DEPOSIT,640000.0
T00003576,A0001270,2025-12-17,TRANSFER,1008000.0
T00003577,A0001651,2025-06-25,WITHDRAWAL,2301000.0
T00003578,A0001376,2025-06-21,WITHDRAWAL,4244000.0
T00003579,A0000116,2025-02-09,DEPOSIT,4587000.0
T00003580,A0001129,2025-03-21,DEPOSIT,1920000.0
T00003581,A0000251,2025-08-20,WITHDRAWAL,2264000.0
T00003582,A0000861,2025-09-18,TRANSFER,367000.0
T00003583,A0001302,2026-07-14,DEPOSIT,282000.0
T00003584,A0000543,2026-03-16,TRANSFER,4130000.0
T00003585,A0001289,2026-04-14,DEPOSIT,162000.0
T00003586,A0000141,2025-02-07,TRANSFER,750000.0
T00003587,A0000391,2025-08-17,DEPOSIT,1019000.0
T00003588,A0001651,2025-12-02,TRANSFER,1289000.0
T00003589,A0001064,2025-03-23,TRANSFER,3881000.0
T00003590,A0000418,2025-02-21,WITHDRAWAL,322000.0
T00003591,A0000835,2025-12-30,WITHDRAWAL,4799000.0
T00003592,A0000426,2025-01-26,TRANSFER,2369000.0
T00003593,A0001349,2026-07-09,TRANSFER,2913000.0
T00003594,A0000361,2025-04-18,TRANSFER,3053000.0
T00003595,A0000261,2026-03-21,WITHDRAWAL,1397000.0
T00003596,A0001744,2026-03-05,TRANSFER,1824000.0
T00003597,A0000619,2025-07-24,TRANSFER,4831000.0
T00003598,A0000044,2025-04-06,WITHDRAWAL,2330000.0
T00003599,A0000557,2025-11-24,WITHDRAWAL,533000.0
T00003600,A0001656,2026-02-12,TRANSFER,3537000.0
T00003601,A0001081,2025-03-29,WITHDRAWAL,1487000.0
T00003602,A0001286,2025-07-15,DEPOSIT,1233000.0
T00003603,A0000719,2025-08-23,WITHDRAWAL,579000.0
T00003604,A0001376,2025-09-15,DEPOSIT,3124000.0
T00003605,A0000444,2026-03-20,DEPOSIT,3357000.0
T00003606,A0001017,2025-02-09,WITHDRAWAL,1469000.0
T00003607,A0001064,2025-11-17,WITHDRAWAL,4484000.0
T00003608,A0000794,2026-01-04,DEPOSIT,870000.0
T00003609,A0000908,2026-04-09,TRANSFER,3573000.0
T00003610,A0001652,2025-06-13,TRANSFER,2162000.0
T00003611,A0000824,2026-03-12,WITHDRAWAL,2068000.0
T00003612,A0000454,2025-03-06,WITHDRAWAL,3498000.0
T00003613,A0001110,2025-04-05,TRANSFER,94000.0
T00003614,A0000304,2025-09-29,DEPOSIT,2190000.0
T00003615,A0001740,2025-08-06,DEPOSIT,1196000.0
T00003616,A0000831,2025-05-12,DEPOSIT,4907000.0
T00003617,A0001128,2025-12-15,DEPOSIT,3236000.0
T00003618,A0001151,2025-10-06,TRANSFER,2432000.0
T00003619,A0000232,2025-07-24,DEPOSIT,1907000.0
T00003620,A0000519,2026-08-16,DEPOSIT,15000.0
T00003621,A0000455,2026-06-03,DEPOSIT,1473000.0
T00003622,A0000334,2026-08-27,TRANSFER,1664000.0
T00003623,A0000376,2026-02-01,WITHDRAWAL,3269000.0
T00003624,A0000946,2026-03-31,DEPOSIT,1868000.0
T00003625,A0000623,2025-04-22,TRANSFER,4634000.0
T00003626,A0000302,2026-04-21,TRANSFER,4767000.0
T00003627,A0000908,2025-08-18,TRANSFER,3319000.0
T00003628,A0000463,2025-03-18,WITHDRAWAL,1783000.0
T00003629,A0000675,2026-05-10,DEPOSIT,723000.0
T00003630,A0000942,2025-04-13,TRANSFER,3139000.0
T00003631,A0000229,2025-07-20,TRANSFER,4253000.0
T00003632,A0001298,2025-03-06,WITHDRAWAL,906000.0
T00003633,A0000755,2025-07-02,WITHDRAWAL,6000.0
T00003634,A0001060,2025-12-19,DEPOSIT,4156000.0
T00003635,A0000837,2025-10-27,WITHDRAWAL,4670000.0
T00003636,A0000523,2026-06-04,WITHDRAWAL,3494000.0
T00003637,A0001086,2026-07-03,WITHDRAWAL,3356000.0
T00003638,A0000514,2026-04-15,DEPOSIT,4428000.0
T00003639,A0001077,2026-05-23,DEPOSIT,4847000.0
T00003640,A0001455,2026-07-02,WITHDRAWAL,2851000.0
T00003641,A0000663,2025-06-05,WITHDRAWAL,3090000.0
T00003642,A0001471,2025-12-03,TRANSFER,585000.0
T00003643,A0001245,2025-04-14,WITHDRAWAL,241000.0
T00003644,A0000042,2025-05-10,WITHDRAWAL,4766000.0
T00003645,A0001306,2025-07-16,TRANSFER,3803000.0
T00003646,A0000212,2026-08-28,DEPOSIT,1286000.0
T00003647,A0000115,2026-06-13,DEPOSIT,2065000.0
T00003648,A0001324,2025-07-10,WITHDRAWAL,1953000.0
T00003649,A0000419,2026-06-02,TRANSFER,2868000.0
T00003650,A0000433,2025-05-12,TRANSFER,266000.0
T00003651,A0001309,2025-12-14,WITHDRAWAL,3043000.0
T00003652,A0001712,2026-04-27,DEPOSIT,2984000.0
T00003653,A0000557,2025-09-29,TRANSFER,3590000.0
T00003654,A0000662,2025-09-20,DEPOSIT,1497000.0
T00003655,A0001424,2025-07-07,WITHDRAWAL,1877000.0
T00003656,A0000835,2025-12-13,TRANSFER,2543000.0
T00003657,A0000702,2026-07-01,WITHDRAWAL,4906000.0
T00003658,A0001514,2026-02-20,DEPOSIT,3764000.0
T00003659,A0001746,2025-02-03,TRANSFER,3271000.0
T00003660,A0000725,2025-07-17,WITHDRAWAL,1146000.0
T00003661,A0000149,2026-05-13,DEPOSIT,4716000.0
T00003662,A0000995,2025-06-24,WITHDRAWAL,1987000.0
T00003663,A0000588,2025-08-24,DEPOSIT,3487000.0
T00003664,A0000734,2026-07-17,TRANSFER,3019000.0
T00003665,A0001426,2025-10-20,DEPOSIT,3960000.0
T00003666,A0001733,2025-01-26,DEPOSIT,2868000.0
T00003667,A0001528,2025-07-06,DEPOSIT,2204000.0
T00003668,A0001784,2026-01-06,TRANSFER,416000.0
T00003669,A0000057,2026-01-30,WITHDRAWAL,4299000.0
T00003670,A0000644,2025-08-19,DEPOSIT,1030000.0
T00003671,A0001300,2025-04-29,TRANSFER,1069000.0
T00003672,A0000647,2026-03-26,WITHDRAWAL,899000.0
T00003673,A0000642,2025-01-01,TRANSFER,420000.0
T00003674,A0001640,2025-12-23,WITHDRAWAL,4389000.0
T00003675,A0001101,2026-07-11,TRANSFER,3164000.0
T00003676,A0000119,2026-02-09,DEPOSIT,2321000.0
T00003677,A0001499,2025-09-10,WITHDRAWAL,1741000.0
T00003678,A0001093,2026-04-04,TRANSFER,3400000.0
T00003679,A0001490,2025-04-13,DEPOSIT,558000.0
T00003680,A0000673,2025-09-29,TRANSFER,785000.0
T00003681,A0000831,2026-07-26,DEPOSIT,2049000.0
T00003682,A0000080,2025-10-04,DEPOSIT,3785000.0
T00003683,A0000974,2026-06-23,WITHDRAWAL,4695000.0
T00003684,A0000038,2025-01-20,DEPOSIT,3511000.0
T00003685,A0001778,2025-03-10,TRANSFER,2743000.0
T00003686,A0001048,2026-02-13,WITHDRAWAL,2740000.0
T00003687,A0000064,2025-01-30,DEPOSIT,2826000.0
T00003688,A0000569,2025-08-18,TRANSFER,401000.0
T00003689,A0001111,2025-01-24,WITHDRAWAL,3039000.0
T00003690,A0000123,2026-05-08,WITHDRAWAL,2624000.0
T00003691,A0001163,2026-06-10,DEPOSIT,973000.0
T00003692,A0000065,2025-01-01,DEPOSIT,2681000.0
T00003693,A0000583,2026-08-23,TRANSFER,284000.0
T00003694,A0001702,2026-08-31,TRANSFER,3074000.0
T00003695,A0001511,2026-08-25,TRANSFER,2676000.0
T00003696,A0000584,2025-04-05,WITHDRAWAL,3447000.0
T00003697,A0001516,2025-08-15,DEPOSIT,315000.0
T00003698,A0000919,2026-08-29,DEPOSIT,4343000.0
T00003699,A0001520,2025-08-20,DEPOSIT,2306000.0
T00003700,A0000862,2025-09-14,WITHDRAWAL,720000.0
T00003701,A0001560,2026-01-17,WITHDRAWAL,4901000.0
T00003702,A0000204,2025-05-21,TRANSFER,3382000.0
T00003703,A0000487,2025-03-03,TRANSFER,3461000.0
T00003704,A0000242,2025-01-28,TRANSFER,97000.0
T00003705,A0000261,2026-04-20,TRANSFER,4730000.0
T00003706,A0000360,2026-08-15,DEPOSIT,4588000.0
T00003707,A0000239,2025-05-18,TRANSFER,3557000.0
T00003708,A0000256,2026-05-10,DEPOSIT,4834000.0
T00003709,A0001597,2026-06-03,WITHDRAWAL,4929000.0
T00003710,A0000506,2026-08-11,WITHDRAWAL,94000.0
T00003711,A0001337,2025-09-06,DEPOSIT,2553000.0
T00003712,A0000148,2025-05-01,DEPOSIT,3724000.0
T00003713,A0000520,2026-07-29,DEPOSIT,1651000.0
T00003714,A0001341,2025-01-09,WITHDRAWAL,2073000.0
T00003715,A0000882,2026-08-12,WITHDRAWAL,4778000.0
T00003716,A0000407,2026-02-20,DEPOSIT,204000.0
T00003717,A0001651,2026-08-09,TRANSFER,2682000.0
T00003718,A0000167,2026-08-29,TRANSFER,60000.0
T00003719,A0000831,2025-06-02,WITHDRAWAL,4196000.0
T00003720,A0001395,2025-09-18,DEPOSIT,1337000.0
T00003721,A0001002,2026-07-29,WITHDRAWAL,4065000.0
T00003722,A0001621,2026-02-13,WITHDRAWAL,2868000.0
T00003723,A0001474,2026-01-11,DEPOSIT,1796000.0
T00003724,A0000787,2025-03-19,WITHDRAWAL,101000.0
T00003725,A0001477,2026-07-09,DEPOSIT,1847000.0
T00003726,A0000697,2026-03-21,TRANSFER,3517000.0
T00003727,A0000348,2025-07-24,WITHDRAWAL,1121000.0
T00003728,A0000276,2025-10-29,DEPOSIT,2375000.0
T00003729,A0000976,2025-07-04,WITHDRAWAL,4131000.0
T00003730,A0000375,2025-10-27,TRANSFER,1288000.0
T00003731,A0000147,2026-08-18,DEPOSIT,1175000.0
T00003732,A0001175,2025-05-05,DEPOSIT,3830000.0
T00003733,A0001384,2025-12-10,DEPOSIT,4548000.0
T00003734,A0001088,2026-07-19,DEPOSIT,117000.0
T00003735,A0001359,2025-09-20,TRANSFER,901000.0
T00003736,A0000899,2026-03-20,TRANSFER,4137000.0
T00003737,A0000149,2025-02-12,WITHDRAWAL,4707000.0
T00003738,A0001568,2026-03-15,DEPOSIT,2661000.0
T00003739,A0000520,2025-08-17,TRANSFER,3751000.0
T00003740,A0001011,2025-07-28,TRANSFER,3186000.0
T00003741,A0000524,2025-01-09,WITHDRAWAL,3226000.0
T00003742,A0000323,2025-01-07,WITHDRAWAL,1438000.0
T00003743,A0001800,2026-07-23,WITHDRAWAL,1926000.0
T00003744,A0001760,2025-04-18,WITHDRAWAL,1122000.0
T00003745,A0000815,2025-01-29,DEPOSIT,3025000.0
T00003746,A0000057,2025-04-04,TRANSFER,2114000.0
T00003747,A0001268,2025-05-30,WITHDRAWAL,3997000.0
T00003748,A0001720,2026-05-08,DEPOSIT,1081000.0
T00003749,A0000049,2026-06-02,TRANSFER,4697000.0
T00003750,A0001791,2026-07-07,DEPOSIT,4350000.0
T00003751,A0001066,2025-05-01,WITHDRAWAL,1352000.0
T00003752,A0000869,2025-12-06,TRANSFER,1529000.0
T00003753,A0000259,2026-05-03,DEPOSIT,3571000.0
T00003754,A0000344,2025-09-06,TRANSFER,1783000.0
T00003755,A0001538,2025-05-13,WITHDRAWAL,4388000.0
T00003756,A0000644,2026-02-09,TRANSFER,3415000.0
T00003757,A0000293,2025-12-21,WITHDRAWAL,1071000.0
T00003758,A0001367,2026-03-21,DEPOSIT,4950000.0
T00003759,A0000031,2026-06-16,TRANSFER,2331000.0
T00003760,A0001770,2025-07-14,WITHDRAWAL,192000.0
T00003761,A0001610,2025-09-24,DEPOSIT,983000.0
T00003762,A0000574,2025-12-04,DEPOSIT,340000.0
T00003763,A0000539,2026-02-01,DEPOSIT,4706000.0
T00003764,A0001204,2025-01-10,DEPOSIT,4891000.0
T00003765,A0001305,2025-02-05,DEPOSIT,4938000.0
T00003766,A0001040,2025-06-21,DEPOSIT,2591000.0
T00003767,A0001740,2026-01-20,DEPOSIT,3683000.0
T00003768,A0001113,2025-06-10,DEPOSIT,3586000.0
T00003769,A0001672,2026-08-21,TRANSFER,3205000.0
T00003770,A0001778,2026-02-27,DEPOSIT,2729000.0
T00003771,A0001494,2025-04-30,TRANSFER,1082000.0
T00003772,A0000845,2025-11-12,TRANSFER,1400000.0
T00003773,A0000137,2026-03-08,WITHDRAWAL,1420000.0
T00003774,A0000197,2025-07-09,TRANSFER,2136000.0
T00003775,A0000547,2025-08-14,WITHDRAWAL,946000.0
T00003776,A0000052,2026-03-14,WITHDRAWAL,1451000.0
T00003777,A0000391,2025-02-14,DEPOSIT,4294000.0
T00003778,A0000283,2026-04-06,WITHDRAWAL,2600000.0
T00003779,A0000908,2025-12-16,WITHDRAWAL,2269000.0
T00003780,A0000643,2026-05-13,WITHDRAWAL,1963000.0
T00003781,A0001215,2026-05-09,WITHDRAWAL,4998000.0
T00003782,A0001438,2026-05-09,TRANSFER,2968000.0
T00003783,A0000054,2025-07-27,WITHDRAWAL,730000.0
T00003784,A0000259,2025-01-25,TRANSFER,651000.0
T00003785,A0001626,2025-11-23,TRANSFER,2287000.0
T00003786,A0000379,2026-07-01,WITHDRAWAL,3133000.0
T00003787,A0000857,2025-11-21,WITHDRAWAL,3325000.0
T00003788,A0000945,2025-05-03,DEPOSIT,2570000.0
T00003789,A0001674,2025-12-30,WITHDRAWAL,3130000.0
T00003790,A0000262,2026-02-16,TRANSFER,2893000.0
T00003791,A0001749,2025-05-30,DEPOSIT,3524000.0
T00003792,A0000182,2025-10-16,DEPOSIT,2065000.0
T00003793,A0001059,2026-02-18,TRANSFER,3496000.0
T00003794,A0000297,2025-04-13,DEPOSIT,3263000.0
T00003795,A0001773,2025-11-07,DEPOSIT,1852000.0
T00003796,A0001581,2025-02-10,WITHDRAWAL,286000.0
T00003797,A0001386,2025-08-07,WITHDRAWAL,842000.0
T00003798,A0000146,2026-02-20,DEPOSIT,4322000.0
T00003799,A0000871,2026-05-22,WITHDRAWAL,3233000.0
T00003800,A0001613,2025-09-22,DEPOSIT,2079000.0
T00003801,A0000878,2025-08-15,TRANSFER,4886000.0
T00003802,A0000703,2025-11-17,DEPOSIT,182000.0
T00003803,A0000775,2025-06-21,WITHDRAWAL,2411000.0
T00003804,A0000593,2025-09-24,TRANSFER,3421000.0
T00003805,A0000020,2025-02-22,DEPOSIT,4944000.0
T00003806,A0000852,2025-09-06,TRANSFER,1581000.0
T00003807,A0000304,2026-06-24,DEPOSIT,1938000.0
T00003808,A0001684,2025-07-31,TRANSFER,3571000.0
T00003809,A0000852,2025-11-23,DEPOSIT,3076000.0
T00003810,A0000375,2025-01-31,DEPOSIT,547000.0
T00003811,A0001499,2025-11-15,DEPOSIT,624000.0
T00003812,A0000001,2025-08-25,DEPOSIT,732000.0
T00003813,A0001130,2025-06-04,WITHDRAWAL,3793000.0
T00003814,A0000291,2025-07-18,DEPOSIT,4097000.0
T00003815,A0000121,2025-08-26,WITHDRAWAL,3663000.0
T00003816,A0001777,2025-09-30,WITHDRAWAL,2742000.0
T00003817,A0000460,2026-06-13,DEPOSIT,1168000.0
T00003818,A0000142,2025-03-17,DEPOSIT,873000.0
T00003819,A0001610,2026-06-28,WITHDRAWAL,887000.0
T00003820,A0000254,2025-01-29,DEPOSIT,398000.0
T00003821,A0000216,2026-06-11,WITHDRAWAL,4888000.0
T00003822,A0000591,2025-04-30,TRANSFER,3664000.0
T00003823,A0001182,2026-01-05,WITHDRAWAL,4620000.0
T00003824,A0000577,2025-12-08,DEPOSIT,2735000.0
T00003825,A0000002,2025-11-04,TRANSFER,1028000.0
T00003826,A0001052,2025-08-30,WITHDRAWAL,1573000.0
T00003827,A0001216,2026-05-09,TRANSFER,1488000.0
T00003828,A0000221,2026-07-11,DEPOSIT,148000.0
T00003829,A0000006,2025-08-22,TRANSFER,3535000.0
T00003830,A0000303,2026-03-23,DEPOSIT,4702000.0
T00003831,A0000580,2026-02-16,DEPOSIT,983000.0
T00003832,A0000076,2025-12-30,TRANSFER,3007000.0
T00003833,A0001657,2025-10-05,DEPOSIT,1787000.0
T00003834,A0000083,2025-08-21,DEPOSIT,2423000.0
T00003835,A0001479,2026-05-16,WITHDRAWAL,851000.0
T00003836,A0000760,2025-02-14,DEPOSIT,2929000.0
T00003837,A0001462,2025-12-08,TRANSFER,1819000.0
T00003838,A0001465,2025-11-11,DEPOSIT,2766000.0
T00003839,A0000682,2025-07-16,WITHDRAWAL,453000.0
T00003840,A0001380,2025-03-23,DEPOSIT,1093000.0
T00003841,A0001381,2026-01-16,DEPOSIT,409000.0
T00003842,A0001192,2025-07-20,WITHDRAWAL,4826000.0
T00003843,A0001106,2026-03-14,TRANSFER,2057000.0
T00003844,A0001433,2025-09-17,DEPOSIT,97000.0
T00003845,A0000869,2026-02-01,TRANSFER,2083000.0
T00003846,A0000959,2025-03-03,TRANSFER,3670000.0
T00003847,A0001128,2025-02-02,DEPOSIT,699000.0
T00003848,A0000927,2025-12-13,TRANSFER,4418000.0
T00003849,A0000793,2025-11-17,DEPOSIT,4875000.0
T00003850,A0001742,2025-11-11,WITHDRAWAL,601000.0
T00003851,A0000777,2025-05-23,TRANSFER,2537000.0
T00003852,A0000013,2026-07-07,DEPOSIT,4995000.0
T00003853,A0000138,2025-08-16,TRANSFER,3473000.0
T00003854,A0001446,2026-03-30,TRANSFER,1214000.0
T00003855,A0001016,2025-09-05,DEPOSIT,4260000.0
T00003856,A0001279,2025-12-22,TRANSFER,3720000.0
T00003857,A0001088,2026-07-31,DEPOSIT,743000.0
T00003858,A0001529,2026-06-25,TRANSFER,1871000.0
T00003859,A0000777,2026-04-01,DEPOSIT,1608000.0
T00003860,A0000335,2026-07-27,DEPOSIT,4141000.0
T00003861,A0000190,2025-06-11,TRANSFER,3786000.0
T00003862,A0000960,2025-08-14,WITHDRAWAL,4600000.0
T00003863,A0001739,2026-04-13,TRANSFER,2192000.0
T00003864,A0001069,2025-07-22,DEPOSIT,3017000.0
T00003865,A0000777,2025-12-04,DEPOSIT,3124000.0
T00003866,A0000735,2025-09-04,DEPOSIT,235000.0
T00003867,A0001604,2025-07-01,WITHDRAWAL,2257000.0
T00003868,A0001524,2025-01-09,WITHDRAWAL,1162000.0
T00003869,A0000529,2025-05-25,DEPOSIT,673000.0
T00003870,A0000175,2026-02-23,DEPOSIT,4937000.0
T00003871,A0001459,2026-02-19,TRANSFER,1643000.0
T00003872,A0000366,2025-11-01,TRANSFER,101000.0
T00003873,A0001033,2025-01-24,WITHDRAWAL,3872000.0
T00003874,A0001165,2025-05-02,TRANSFER,717000.0
T00003875,A0000840,2025-09-11,WITHDRAWAL,2074000.0
T00003876,A0000229,2026-01-27,TRANSFER,916000.0
T00003877,A0000726,2026-02-01,WITHDRAWAL,53000.0
T00003878,A0001332,2025-06-17,WITHDRAWAL,1306000.0
T00003879,A0000679,2026-05-12,TRANSFER,4274000.0
T00003880,A0001005,2025-01-11,WITHDRAWAL,1517000.0
T00003881,A0001489,2026-01-27,TRANSFER,782000.0
T00003882,A0001228,2025-05-10,WITHDRAWAL,2823000.0
T00003883,A0001010,2026-07-19,DEPOSIT,3847000.0
T00003884,A0001492,2025-12-23,WITHDRAWAL,1022000.0
T00003885,A0000887,2026-02-27,TRANSFER,4581000.0
T00003886,A0001369,2026-01-20,TRANSFER,3344000.0
T00003887,A0000947,2025-09-09,TRANSFER,3461000.0
T00003888,A0001271,2025-07-28,WITHDRAWAL,3345000.0
T00003889,A0000744,2026-08-01,TRANSFER,2658000.0
T00003890,A0000689,2025-07-15,WITHDRAWAL,2259000.0
T00003891,A0000631,2025-03-09,DEPOSIT,4625000.0
T00003892,A0000933,2025-05-25,TRANSFER,679000.0
T00003893,A0001388,2026-07-22,TRANSFER,4323000.0
T00003894,A0001273,2025-06-23,DEPOSIT,2357000.0
T00003895,A0000505,2025-10-22,WITHDRAWAL,1770000.0
T00003896,A0000238,2025-02-23,WITHDRAWAL,1139000.0
T00003897,A0000544,2026-03-20,DEPOSIT,3179000.0
T00003898,A0001298,2025-05-04,DEPOSIT,1395000.0
T00003899,A0000041,2025-06-20,DEPOSIT,2157000.0
T00003900,A0000338,2026-06-24,DEPOSIT,1094000.0
T00003901,A0001460,2025-11-13,TRANSFER,1784000.0
T00003902,A0001697,2025-12-12,DEPOSIT,583000.0
T00003903,A0001649,2026-04-18,DEPOSIT,1497000.0
T00003904,A0000475,2026-02-16,TRANSFER,175000.0
T00003905,A0000426,2026-05-14,TRANSFER,963000.0
T00003906,A0000152,2025-07-09,DEPOSIT,1780000.0
T00003907,A0001230,2025-04-09,WITHDRAWAL,96000.0
T00003908,A0001360,2025-06-06,DEPOSIT,575000.0
T00003909,A0001183,2026-02-06,WITHDRAWAL,1383000.0
T00003910,A0001127,2026-06-23,DEPOSIT,1695000.0
T00003911,A0001552,2025-06-14,WITHDRAWAL,2952000.0
T00003912,A0000660,2025-01-12,DEPOSIT,1476000.0
T00003913,A0000478,2026-03-27,WITHDRAWAL,3310000.0
T00003914,A0001758,2025-11-26,DEPOSIT,651000.0
T00003915,A0001684,2025-02-25,WITHDRAWAL,3038000.0
T00003916,A0000246,2026-02-18,WITHDRAWAL,607000.0
T00003917,A0001539,2025-09-06,TRANSFER,2833000.0
T00003918,A0001419,2025-08-06,DEPOSIT,1716000.0
T00003919,A0000676,2025-01-05,WITHDRAWAL,826000.0
T00003920,A0000948,2025-06-16,DEPOSIT,2502000.0
T00003921,A0001611,2025-04-22,TRANSFER,76000.0
T00003922,A0000943,2025-08-07,DEPOSIT,959000.0
T00003923,A0000400,2026-04-02,WITHDRAWAL,3953000.0
T00003924,A0000991,2025-07-30,TRANSFER,3067000.0
T00003925,A0001482,2025-04-20,WITHDRAWAL,3756000.0
T00003926,A0000396,2026-01-14,WITHDRAWAL,3765000.0
T00003927,A0001297,2025-07-11,WITHDRAWAL,3922000.0
T00003928,A0001415,2025-02-10,TRANSFER,2668000.0
T00003929,A0000942,2026-04-14,TRANSFER,1051000.0
T00003930,A0000272,2026-02-06,TRANSFER,1220000.0
T00003931,A0000502,2026-04-15,DEPOSIT,867000.0
T00003932,A0000105,2026-01-21,DEPOSIT,1419000.0
T00003933,A0001006,2026-01-05,DEPOSIT,2848000.0
T00003934,A0001270,2025-11-20,WITHDRAWAL,4091000.0
T00003935,A0001534,2025-12-01,WITHDRAWAL,2009000.0
T00003936,A0000158,2025-09-29,WITHDRAWAL,2211000.0
T00003937,A0001001,2026-07-23,TRANSFER,1414000.0
T00003938,A0000666,2025-12-12,TRANSFER,3476000.0
T00003939,A0001251,2026-06-12,WITHDRAWAL,4636000.0
T00003940,A0001024,2025-02-05,DEPOSIT,1894000.0
T00003941,A0001153,2026-05-14,DEPOSIT,4204000.0
T00003942,A0001787,2025-06-20,TRANSFER,714000.0
T00003943,A0000210,2026-02-26,DEPOSIT,1182000.0
T00003944,A0000697,2026-03-13,TRANSFER,2754000.0
T00003945,A0000971,2026-04-18,TRANSFER,3666000.0
T00003946,A0000009,2025-10-29,DEPOSIT,2801000.0
T00003947,A0000773,2026-01-28,DEPOSIT,1175000.0
T00003948,A0000590,2025-11-14,WITHDRAWAL,3385000.0
T00003949,A0000955,2025-08-11,TRANSFER,2965000.0
T00003950,A0001157,2025-11-18,DEPOSIT,2622000.0
T00003951,A0001104,2025-11-23,TRANSFER,2504000.0
T00003952,A0000781,2025-04-04,WITHDRAWAL,1559000.0
T00003953,A0000715,2026-05-20,WITHDRAWAL,320000.0
T00003954,A0001004,2025-10-25,DEPOSIT,3415000.0
T00003955,A0000612,2025-03-21,TRANSFER,1776000.0
T00003956,A0000709,2025-12-12,WITHDRAWAL,673000.0
T00003957,A0001000,2025-03-20,WITHDRAWAL,1935000.0
T00003958,A0000126,2026-06-27,TRANSFER,946000.0
T00003959,A0000272,2025-09-12,WITHDRAWAL,2193000.0
T00003960,A0000529,2026-02-20,TRANSFER,3283000.0
T00003961,A0000201,2026-05-09,WITHDRAWAL,2220000.0
T00003962,A0001649,2025-03-01,TRANSFER,2583000.0
T00003963,A0000412,2025-05-06,WITHDRAWAL,2417000.0
T00003964,A0000193,2026-01-20,TRANSFER,813000.0
T00003965,A0000062,2025-10-17,TRANSFER,3446000.0
T00003966,A0001218,2026-02-25,TRANSFER,3149000.0
T00003967,A0001193,2025-01-10,WITHDRAWAL,1372000.0
T00003968,A0000111,2025-02-09,TRANSFER,345000.0
T00003969,A0000390,2025-04-28,WITHDRAWAL,120000.0
T00003970,A0001447,2025-02-11,WITHDRAWAL,548000.0
T00003971,A0001455,2026-01-21,TRANSFER,3924000.0
T00003972,A0000947,2025-05-29,TRANSFER,1660000.0
T00003973,A0000556,2025-11-22,DEPOSIT,16000.0
T00003974,A0000377,2025-10-06,WITHDRAWAL,214000.0
T00003975,A0000034,2025-01-16,WITHDRAWAL,352000.0
T00003976,A0001705,2025-08-07,WITHDRAWAL,3867000.0
T00003977,A0001345,2026-08-21,WITHDRAWAL,4862000.0
T00003978,A0000608,2026-04-18,DEPOSIT,2118000.0
T00003979,A0000562,2026-03-22,TRANSFER,1291000.0
T00003980,A0000189,2026-04-01,TRANSFER,3668000.0
T00003981,A0001468,2025-09-08,TRANSFER,769000.0
T00003982,A0000444,2026-07-04,DEPOSIT,1666000.0
T00003983,A0001774,2025-10-11,DEPOSIT,2608000.0
T00003984,A0001019,2025-04-07,TRANSFER,1600000.0
T00003985,A0001292,2026-02-03,WITHDRAWAL,4727000.0
T00003986,A0000067,2025-10-07,TRANSFER,130000.0
T00003987,A0000709,2026-08-31,DEPOSIT,3054000.0
T00003988,A0001583,2025-10-18,WITHDRAWAL,3976000.0
T00003989,A0000213,2025-09-24,TRANSFER,1293000.0
T00003990,A0001255,2026-07-04,DEPOSIT,3397000.0
T00003991,A0000246,2026-06-01,DEPOSIT,1437000.0
T00003992,A0001422,2025-07-08,WITHDRAWAL,4968000.0
T00003993,A0000851,2026-03-13,WITHDRAWAL,2293000.0
T00003994,A0001267,2025-04-01,WITHDRAWAL,1682000.0
T00003995,A0001570,2025-10-19,TRANSFER,2300000.0
T00003996,A0001275,2026-05-30,DEPOSIT,4672000.0
T00003997,A0001779,2026-08-11,DEPOSIT,2903000.0
T00003998,A0001428,2025-02-02,DEPOSIT,596000.0
T00003999,A0001767,2026-08-31,WITHDRAWAL,55000.0
T00004000,A0001773,2026-03-18,WITHDRAWAL,4656000.0
T00004001,A0000703,2025-11-20,DEPOSIT,2370000.0
T00004002,A0001678,2025-09-19,WITHDRAWAL,3604000.0
T00004003,A0000145,2026-01-17,DEPOSIT,3855000.0
T00004004,A0001723,2025-10-03,WITHDRAWAL,4587000.0
T00004005,A0001024,2025-05-30,WITHDRAWAL,176000.0
T00004006,A0001388,2025-11-13,WITHDRAWAL,1591000.0
T00004007,A0001791,2026-02-20,TRANSFER,3256000.0
T00004008,A0001448,2026-07-10,TRANSFER,3852000.0
T00004009,A0000514,2025-07-08,DEPOSIT,4550000.0
T00004010,A0001563,2026-07-03,DEPOSIT,1318000.0
T00004011,A0001361,2026-02-14,WITHDRAWAL,2751000.0
T00004012,A0000356,2026-06-26,DEPOSIT,4395000.0
T00004013,A0000586,2025-09-15,DEPOSIT,4385000.0
T00004014,A0000429,2025-07-11,DEPOSIT,3705000.0
T00004015,A0001639,2025-09-05,DEPOSIT,2842000.0
T00004016,A0000679,2026-06-28,WITHDRAWAL,3360000.0
T00004017,A0000881,2025-03-07,DEPOSIT,4865000.0
T00004018,A0001340,2025-08-28,TRANSFER,4505000.0
T00004019,A0000610,2026-03-03,DEPOSIT,1606000.0
T00004020,A0000230,2025-10-22,DEPOSIT,4065000.0
T00004021,A0001521,2025-03-10,DEPOSIT,3522000.0
T00004022,A0000739,2025-05-05,WITHDRAWAL,3120000.0
T00004023,A0000532,2025-01-30,DEPOSIT,2562000.0
T00004024,A0001133,2026-06-14,WITHDRAWAL,999000.0
T00004025,A0001147,2026-03-13,TRANSFER,1980000.0
T00004026,A0001483,2026-02-10,DEPOSIT,1458000.0
T00004027,A0000568,2026-05-06,TRANSFER,3446000.0
T00004028,A0001726,2026-03-27,DEPOSIT,571000.0
T00004029,A0000390,2025-05-18,WITHDRAWAL,1049000.0
T00004030,A0001237,2025-08-02,TRANSFER,1745000.0
T00004031,A0001642,2025-02-17,DEPOSIT,4502000.0
T00004032,A0000389,2025-03-28,TRANSFER,2763000.0
T00004033,A0000196,2025-08-01,WITHDRAWAL,139000.0
T00004034,A0001761,2025-02-01,WITHDRAWAL,3101000.0
T00004035,A0001055,2026-04-13,TRANSFER,3195000.0
T00004036,A0000456,2026-02-20,DEPOSIT,1210000.0
T00004037,A0001212,2026-08-29,WITHDRAWAL,695000.0
T00004038,A0001391,2026-08-07,WITHDRAWAL,3595000.0
T00004039,A0000912,2026-06-02,TRANSFER,467000.0
T00004040,A0001742,2026-04-15,DEPOSIT,1647000.0
T00004041,A0001521,2026-03-25,DEPOSIT,4161000.0
T00004042,A0001521,2025-07-01,TRANSFER,3328000.0
T00004043,A0001754,2026-03-23,DEPOSIT,844000.0
T00004044,A0001008,2025-07-22,WITHDRAWAL,391000.0
T00004045,A0001691,2025-06-20,DEPOSIT,1812000.0
T00004046,A0001752,2025-03-28,WITHDRAWAL,4921000.0
T00004047,A0000065,2026-07-09,DEPOSIT,2445000.0
T00004048,A0000756,2025-03-22,WITHDRAWAL,1615000.0
T00004049,A0000550,2026-02-17,WITHDRAWAL,3118000.0
T00004050,A0001774,2026-06-17,TRANSFER,3670000.0
T00004051,A0000734,2025-04-04,WITHDRAWAL,3058000.0
T00004052,A0000211,2025-08-30,WITHDRAWAL,3800000.0
T00004053,A0001237,2025-10-23,WITHDRAWAL,1320000.0
T00004054,A0001800,2026-04-30,DEPOSIT,2862000.0
T00004055,A0001032,2026-05-25,DEPOSIT,4829000.0
T00004056,A0001183,2026-06-09,DEPOSIT,3339000.0
T00004057,A0001220,2025-11-03,WITHDRAWAL,2374000.0
T00004058,A0001701,2025-04-14,TRANSFER,4373000.0
T00004059,A0000837,2025-08-08,DEPOSIT,3243000.0
T00004060,A0000964,2025-01-02,DEPOSIT,20000.0
T00004061,A0000068,2025-03-10,WITHDRAWAL,1401000.0
T00004062,A0001012,2026-05-06,TRANSFER,260000.0
T00004063,A0000731,2025-03-22,WITHDRAWAL,858000.0
T00004064,A0000697,2026-01-08,WITHDRAWAL,1964000.0
T00004065,A0000919,2025-09-07,DEPOSIT,424000.0
T00004066,A0000025,2025-02-28,DEPOSIT,4440000.0
T00004067,A0000030,2026-08-14,WITHDRAWAL,2355000.0
T00004068,A0000622,2026-01-10,WITHDRAWAL,3755000.0
T00004069,A0000753,2025-04-25,WITHDRAWAL,2123000.0
T00004070,A0001347,2026-03-08,DEPOSIT,3014000.0
T00004071,A0001772,2025-05-03,TRANSFER,198000.0
T00004072,A0001138,2025-03-19,TRANSFER,2050000.0
T00004073,A0000161,2026-07-08,WITHDRAWAL,4552000.0
T00004074,A0000303,2026-04-05,DEPOSIT,2576000.0
T00004075,A0001710,2026-05-15,TRANSFER,2272000.0
T00004076,A0001490,2026-08-05,TRANSFER,2612000.0
T00004077,A0001404,2025-06-02,WITHDRAWAL,760000.0
T00004078,A0000998,2025-01-06,TRANSFER,368000.0
T00004079,A0001443,2025-08-11,WITHDRAWAL,2335000.0
T00004080,A0001568,2025-12-03,DEPOSIT,3148000.0
T00004081,A0001134,2025-01-01,WITHDRAWAL,1398000.0
T00004082,A0001440,2026-06-12,TRANSFER,2551000.0
T00004083,A0001143,2026-03-25,DEPOSIT,2290000.0
T00004084,A0001464,2026-01-24,DEPOSIT,2279000.0
T00004085,A0001424,2025-03-07,DEPOSIT,1728000.0
T00004086,A0000346,2026-08-05,DEPOSIT,3185000.0
T00004087,A0001525,2026-08-14,DEPOSIT,3585000.0
T00004088,A0000219,2025-03-26,TRANSFER,3513000.0
T00004089,A0000036,2026-05-28,TRANSFER,4674000.0
T00004090,A0001634,2025-11-10,WITHDRAWAL,4766000.0
T00004091,A0001323,2026-08-01,DEPOSIT,3548000.0
T00004092,A0000822,2025-06-15,WITHDRAWAL,4048000.0
T00004093,A0001635,2025-07-10,DEPOSIT,3534000.0
T00004094,A0001743,2026-08-27,TRANSFER,251000.0
T00004095,A0000330,2025-05-10,TRANSFER,2804000.0
T00004096,A0000790,2025-01-29,WITHDRAWAL,211000.0
T00004097,A0000975,2025-12-29,WITHDRAWAL,2790000.0
T00004098,A0000018,2026-03-26,DEPOSIT,520000.0
T00004099,A0001644,2025-03-28,TRANSFER,103000.0
T00004100,A0001295,2025-11-11,WITHDRAWAL,1027000.0
T00004101,A0000676,2025-08-28,TRANSFER,3321000.0
T00004102,A0001200,2025-03-25,TRANSFER,1876000.0
T00004103,A0001283,2025-08-11,WITHDRAWAL,341000.0
T00004104,A0000532,2025-12-18,WITHDRAWAL,2125000.0
T00004105,A0001367,2025-04-18,DEPOSIT,1906000.0
T00004106,A0001075,2026-02-24,DEPOSIT,129000.0
T00004107,A0000878,2025-10-09,TRANSFER,174000.0
T00004108,A0000068,2025-04-02,TRANSFER,3660000.0
T00004109,A0001206,2026-08-14,WITHDRAWAL,4452000.0
T00004110,A0000820,2025-06-07,TRANSFER,1878000.0
T00004111,A0001645,2026-01-01,DEPOSIT,3609000.0
T00004112,A0000625,2025-01-08,WITHDRAWAL,4012000.0
T00004113,A0000294,2025-09-04,DEPOSIT,239000.0
T00004114,A0001762,2025-09-05,WITHDRAWAL,1772000.0
T00004115,A0000380,2025-04-06,TRANSFER,4872000.0
T00004116,A0000264,2026-03-07,TRANSFER,72000.0
T00004117,A0001160,2025-11-24,TRANSFER,611000.0
T00004118,A0000166,2026-07-17,TRANSFER,3646000.0
T00004119,A0001096,2026-08-10,DEPOSIT,2478000.0
T00004120,A0000714,2025-11-23,DEPOSIT,2036000.0
T00004121,A0001183,2025-11-18,TRANSFER,4870000.0
T00004122,A0001592,2026-06-24,WITHDRAWAL,1982000.0
T00004123,A0000060,2025-10-29,TRANSFER,3411000.0
T00004124,A0001423,2025-10-27,TRANSFER,3042000.0
T00004125,A0001768,2026-03-15,DEPOSIT,2808000.0
T00004126,A0001115,2025-03-19,WITHDRAWAL,3482000.0
T00004127,A0001420,2025-05-06,TRANSFER,4938000.0
T00004128,A0000492,2025-11-21,TRANSFER,3711000.0
T00004129,A0001209,2025-11-02,TRANSFER,3217000.0
T00004130,A0000456,2025-03-30,DEPOSIT,4245000.0
T00004131,A0000756,2026-04-21,TRANSFER,4612000.0
T00004132,A0001472,2025-12-23,WITHDRAWAL,1639000.0
T00004133,A0000115,2025-09-28,WITHDRAWAL,3031000.0
T00004134,A0000893,2025-08-01,DEPOSIT,2260000.0
T00004135,A0000859,2025-07-30,DEPOSIT,2243000.0
T00004136,A0000863,2025-08-29,TRANSFER,2012000.0
T00004137,A0000178,2026-01-15,DEPOSIT,3705000.0
T00004138,A0001038,2025-08-30,DEPOSIT,4763000.0
T00004139,A0001694,2026-07-15,DEPOSIT,758000.0
T00004140,A0000566,2026-07-18,WITHDRAWAL,4016000.0
T00004141,A0001171,2026-04-27,DEPOSIT,4774000.0
T00004142,A0001372,2026-05-30,TRANSFER,769000.0
T00004143,A0000278,2025-09-20,WITHDRAWAL,2339000.0
T00004144,A0000983,2025-09-24,WITHDRAWAL,1401000.0
T00004145,A0001203,2025-07-27,DEPOSIT,1125000.0
T00004146,A0000558,2025-04-29,WITHDRAWAL,659000.0
T00004147,A0000348,2025-10-02,TRANSFER,739000.0
T00004148,A0000374,2025-09-03,TRANSFER,914000.0
T00004149,A0001148,2025-12-29,DEPOSIT,783000.0
T00004150,A0001415,2025-10-17,WITHDRAWAL,3270000.0
T00004151,A0000705,2026-01-07,TRANSFER,2404000.0
T00004152,A0000871,2025-05-26,WITHDRAWAL,610000.0
T00004153,A0000499,2026-01-08,TRANSFER,836000.0
T00004154,A0001750,2025-05-10,WITHDRAWAL,4271000.0
T00004155,A0001367,2026-05-11,DEPOSIT,505000.0
T00004156,A0000363,2026-05-04,DEPOSIT,1615000.0
T00004157,A0000589,2025-10-06,TRANSFER,1396000.0
T00004158,A0001506,2025-08-22,TRANSFER,2730000.0
T00004159,A0000633,2026-01-01,WITHDRAWAL,2435000.0
T00004160,A0000061,2025-11-03,WITHDRAWAL,2637000.0
T00004161,A0001794,2025-02-17,WITHDRAWAL,4330000.0
T00004162,A0001416,2026-02-20,WITHDRAWAL,2936000.0
T00004163,A0000853,2025-10-27,WITHDRAWAL,4650000.0
T00004164,A0000975,2025-01-08,WITHDRAWAL,3512000.0
T00004165,A0000094,2025-11-20,DEPOSIT,230000.0
T00004166,A0001758,2026-01-20,TRANSFER,3191000.0
T00004167,A0001025,2026-03-04,WITHDRAWAL,3766000.0
T00004168,A0001447,2026-07-25,TRANSFER,2161000.0
T00004169,A0000129,2026-05-13,TRANSFER,985000.0
T00004170,A0001080,2025-02-15,WITHDRAWAL,1284000.0
T00004171,A0000936,2025-04-18,WITHDRAWAL,3003000.0
T00004172,A0000197,2026-01-07,WITHDRAWAL,3967000.0
T00004173,A0001304,2025-02-10,TRANSFER,1368000.0
T00004174,A0001517,2026-07-03,DEPOSIT,261000.0
T00004175,A0001555,2025-03-11,WITHDRAWAL,4023000.0
T00004176,A0001354,2025-04-01,DEPOSIT,3816000.0
T00004177,A0000758,2025-02-12,DEPOSIT,3674000.0
T00004178,A0001460,2026-06-18,TRANSFER,4071000.0
T00004179,A0001730,2026-01-14,WITHDRAWAL,4757000.0
T00004180,A0001228,2025-06-11,TRANSFER,3307000.0
T00004181,A0001032,2026-04-05,TRANSFER,251000.0
T00004182,A0000846,2026-01-20,TRANSFER,3276000.0
T00004183,A0000770,2025-03-13,TRANSFER,3119000.0
T00004184,A0000690,2025-07-16,WITHDRAWAL,4824000.0
T00004185,A0000997,2026-06-20,DEPOSIT,4334000.0
T00004186,A0001685,2025-11-18,TRANSFER,1070000.0
T00004187,A0001119,2026-03-01,DEPOSIT,3739000.0
T00004188,A0000942,2026-03-24,DEPOSIT,1719000.0
T00004189,A0000787,2025-01-26,DEPOSIT,70000.0
T00004190,A0001213,2025-05-27,DEPOSIT,2803000.0
T00004191,A0001148,2025-01-22,WITHDRAWAL,4668000.0
T00004192,A0000850,2025-12-26,TRANSFER,1087000.0
T00004193,A0000421,2025-07-04,WITHDRAWAL,1793000.0
T00004194,A0000864,2025-10-07,DEPOSIT,1815000.0
T00004195,A0001288,2025-07-12,WITHDRAWAL,639000.0
T00004196,A0001553,2026-07-30,WITHDRAWAL,1488000.0
T00004197,A0001743,2025-06-14,DEPOSIT,1117000.0
T00004198,A0000936,2026-06-30,WITHDRAWAL,3821000.0
T00004199,A0001024,2025-08-12,TRANSFER,2104000.0
T00004200,A0001500,2026-04-23,WITHDRAWAL,4674000.0
T00004201,A0000641,2025-10-18,WITHDRAWAL,8000.0
T00004202,A0000084,2025-09-12,DEPOSIT,2095000.0
T00004203,A0001215,2025-10-20,WITHDRAWAL,2857000.0
T00004204,A0001097,2025-03-25,WITHDRAWAL,4811000.0
T00004205,A0001705,2025-11-18,TRANSFER,1996000.0
T00004206,A0001594,2026-07-15,TRANSFER,1789000.0
T00004207,A0000880,2025-12-07,DEPOSIT,3919000.0
T00004208,A0000753,2025-03-10,DEPOSIT,2208000.0
T00004209,A0000501,2025-06-18,DEPOSIT,730000.0
T00004210,A0000177,2025-09-23,DEPOSIT,2805000.0
T00004211,A0001161,2025-02-04,WITHDRAWAL,3631000.0
T00004212,A0001489,2025-01-20,DEPOSIT,1607000.0
T00004213,A0000283,2026-03-23,TRANSFER,1971000.0
T00004214,A0000538,2026-02-06,TRANSFER,1766000.0
T00004215,A0001284,2026-02-03,DEPOSIT,1802000.0
T00004216,A0000012,2026-05-14,WITHDRAWAL,1644000.0
T00004217,A0000635,2026-02-07,DEPOSIT,495000.0
T00004218,A0000600,2026-02-04,WITHDRAWAL,3058000.0
T00004219,A0000466,2025-04-17,WITHDRAWAL,3370000.0
T00004220,A0001795,2025-06-29,TRANSFER,762000.0
T00004221,A0001127,2026-03-30,TRANSFER,948000.0
T00004222,A0001395,2025-11-17,TRANSFER,93000.0
T00004223,A0000907,2026-03-05,WITHDRAWAL,1934000.0
T00004224,A0000418,2025-08-22,DEPOSIT,567000.0
T00004225,A0001747,2025-12-27,WITHDRAWAL,1061000.0
T00004226,A0001263,2025-07-22,DEPOSIT,2563000.0
T00004227,A0000498,2025-06-07,DEPOSIT,574000.0
T00004228,A0001096,2026-07-15,TRANSFER,2364000.0
T00004229,A0000223,2025-01-30,WITHDRAWAL,2808000.0
T00004230,A0000475,2025-09-20,DEPOSIT,2244000.0
T00004231,A0000850,2025-11-04,DEPOSIT,4985000.0
T00004232,A0000967,2025-10-23,TRANSFER,594000.0
T00004233,A0001409,2025-02-04,WITHDRAWAL,985000.0
T00004234,A0001491,2025-02-01,WITHDRAWAL,306000.0
T00004235,A0001183,2026-06-06,WITHDRAWAL,2568000.0
T00004236,A0001294,2025-11-21,TRANSFER,927000.0
T00004237,A0001728,2026-01-04,WITHDRAWAL,2457000.0
T00004238,A0000407,2026-08-23,TRANSFER,1152000.0
T00004239,A0001546,2026-02-15,TRANSFER,3873000.0
T00004240,A0001212,2026-01-01,DEPOSIT,3774000.0
T00004241,A0001064,2025-11-13,TRANSFER,4598000.0
T00004242,A0001268,2025-09-05,TRANSFER,4012000.0
T00004243,A0001683,2025-05-01,TRANSFER,106000.0
T00004244,A0000230,2025-01-18,WITHDRAWAL,3002000.0
T00004245,A0000879,2025-04-10,DEPOSIT,2934000.0
T00004246,A0001639,2025-06-20,DEPOSIT,2949000.0
T00004247,A0001159,2026-02-18,TRANSFER,4491000.0
T00004248,A0000843,2025-06-19,DEPOSIT,2852000.0
T00004249,A0000107,2026-05-01,WITHDRAWAL,4644000.0
T00004250,A0001333,2025-11-15,TRANSFER,1473000.0
T00004251,A0000213,2025-06-19,DEPOSIT,67000.0
T00004252,A0000560,2026-06-01,DEPOSIT,3426000.0
T00004253,A0000160,2025-05-08,DEPOSIT,1273000.0
T00004254,A0001773,2025-08-11,TRANSFER,4142000.0
T00004255,A0000036,2025-06-14,WITHDRAWAL,4761000.0
T00004256,A0000482,2025-03-21,DEPOSIT,2259000.0
T00004257,A0000994,2026-07-07,WITHDRAWAL,454000.0
T00004258,A0001349,2026-02-21,WITHDRAWAL,4651000.0
T00004259,A0001426,2025-03-24,TRANSFER,3945000.0
T00004260,A0000294,2025-01-10,WITHDRAWAL,3911000.0
T00004261,A0000118,2026-05-22,TRANSFER,3905000.0
T00004262,A0000328,2026-04-25,DEPOSIT,2382000.0
T00004263,A0001298,2025-10-11,TRANSFER,599000.0
T00004264,A0001317,2025-06-10,DEPOSIT,4669000.0
T00004265,A0000941,2026-07-03,DEPOSIT,2337000.0
T00004266,A0001242,2025-06-11,WITHDRAWAL,782000.0
T00004267,A0001167,2025-05-06,WITHDRAWAL,4662000.0
T00004268,A0001345,2026-02-05,WITHDRAWAL,237000.0
T00004269,A0001623,2026-01-22,DEPOSIT,4810000.0
T00004270,A0001012,2025-10-26,DEPOSIT,3730000.0
T00004271,A0000107,2025-01-31,DEPOSIT,3339000.0
T00004272,A0000679,2026-01-10,DEPOSIT,182000.0
T00004273,A0000698,2025-01-01,WITHDRAWAL,3863000.0
T00004274,A0000177,2026-07-07,TRANSFER,1329000.0
T00004275,A0001668,2025-01-29,TRANSFER,1452000.0
T00004276,A0001184,2025-05-13,DEPOSIT,1575000.0
T00004277,A0001005,2025-11-22,DEPOSIT,1763000.0
T00004278,A0001660,2025-12-31,TRANSFER,220000.0
T00004279,A0000308,2026-08-02,TRANSFER,2112000.0
T00004280,A0000805,2026-04-30,DEPOSIT,2341000.0
T00004281,A0000944,2026-05-31,DEPOSIT,4646000.0
T00004282,A0001217,2026-05-09,TRANSFER,313000.0
T00004283,A0000734,2025-06-26,DEPOSIT,3433000.0
T00004284,A0001206,2025-04-22,DEPOSIT,2177000.0
T00004285,A0000350,2025-01-15,DEPOSIT,3076000.0
T00004286,A0000977,2025-07-02,DEPOSIT,4334000.0
T00004287,A0000869,2025-06-27,DEPOSIT,1981000.0
T00004288,A0000238,2025-10-21,WITHDRAWAL,357000.0
T00004289,A0001241,2025-01-07,WITHDRAWAL,1734000.0
T00004290,A0001403,2026-01-14,TRANSFER,4231000.0
T00004291,A0001232,2025-10-31,DEPOSIT,4997000.0
T00004292,A0001543,2025-08-13,WITHDRAWAL,788000.0
T00004293,A0000327,2025-02-19,TRANSFER,4098000.0
T00004294,A0000596,2025-05-27,TRANSFER,120000.0
T00004295,A0000660,2025-03-13,TRANSFER,1309000.0
T00004296,A0001191,2026-05-12,DEPOSIT,3854000.0
T00004297,A0001311,2025-05-28,DEPOSIT,3624000.0
T00004298,A0000849,2026-04-05,TRANSFER,4824000.0
T00004299,A0001292,2026-02-02,TRANSFER,2960000.0
T00004300,A0001788,2025-03-04,DEPOSIT,2313000.0
T00004301,A0000897,2025-08-27,WITHDRAWAL,1093000.0
T00004302,A0000100,2026-08-21,DEPOSIT,3553000.0
T00004303,A0001187,2025-08-16,TRANSFER,1659000.0
T00004304,A0001275,2025-03-17,DEPOSIT,383000.0
T00004305,A0000892,2026-03-15,TRANSFER,163000.0
T00004306,A0000216,2025-01-17,DEPOSIT,4370000.0
T00004307,A0000906,2025-03-21,WITHDRAWAL,3578000.0
T00004308,A0001523,2026-01-18,DEPOSIT,2677000.0
T00004309,A0000293,2025-03-20,DEPOSIT,3522000.0
T00004310,A0000898,2025-07-14,WITHDRAWAL,3666000.0
T00004311,A0001007,2026-05-31,WITHDRAWAL,989000.0
T00004312,A0001138,2026-06-07,DEPOSIT,2019000.0
T00004313,A0001486,2026-07-18,DEPOSIT,2604000.0
T00004314,A0000448,2025-01-11,WITHDRAWAL,1658000.0
T00004315,A0000396,2026-01-17,TRANSFER,2299000.0
T00004316,A0000556,2026-03-23,TRANSFER,3440000.0
T00004317,A0000978,2026-07-02,TRANSFER,2891000.0
T00004318,A0000144,2026-02-26,TRANSFER,380000.0
T00004319,A0001145,2026-07-25,WITHDRAWAL,2864000.0
T00004320,A0000088,2026-08-13,DEPOSIT,1082000.0
T00004321,A0000301,2025-05-17,DEPOSIT,4774000.0
T00004322,A0001285,2025-08-16,WITHDRAWAL,3698000.0
T00004323,A0000958,2025-11-24,DEPOSIT,248000.0
T00004324,A0001662,2025-08-23,DEPOSIT,134000.0
T00004325,A0001065,2025-07-21,WITHDRAWAL,4134000.0
T00004326,A0001392,2026-03-30,TRANSFER,1419000.0
T00004327,A0000705,2026-03-20,TRANSFER,3529000.0
T00004328,A0001129,2025-10-01,TRANSFER,4232000.0
T00004329,A0001249,2026-06-13,DEPOSIT,1968000.0
T00004330,A0001726,2025-09-15,DEPOSIT,1204000.0
T00004331,A0000593,2025-04-26,TRANSFER,3782000.0
T00004332,A0000351,2025-08-31,WITHDRAWAL,1192000.0
T00004333,A0000300,2026-02-08,WITHDRAWAL,172000.0
T00004334,A0001661,2026-05-09,WITHDRAWAL,570000.0
T00004335,A0000501,2025-08-27,TRANSFER,1917000.0
T00004336,A0000787,2026-07-03,TRANSFER,3967000.0
T00004337,A0000764,2025-11-08,WITHDRAWAL,230000.0
T00004338,A0000882,2025-11-18,TRANSFER,2081000.0
T00004339,A0001301,2025-06-21,WITHDRAWAL,915000.0
T00004340,A0001434,2025-04-08,WITHDRAWAL,2753000.0
T00004341,A0001695,2025-09-04,DEPOSIT,673000.0
T00004342,A0001368,2025-06-28,WITHDRAWAL,4816000.0
T00004343,A0000706,2025-02-12,TRANSFER,4760000.0
T00004344,A0001710,2025-08-03,TRANSFER,2849000.0
T00004345,A0001315,2026-03-30,TRANSFER,3279000.0
T00004346,A0000269,2026-06-08,DEPOSIT,3225000.0
T00004347,A0001208,2025-07-30,WITHDRAWAL,601000.0
T00004348,A0001315,2025-01-16,WITHDRAWAL,4185000.0
T00004349,A0001115,2026-06-28,WITHDRAWAL,3290000.0
T00004350,A0000365,2026-06-14,DEPOSIT,311000.0
T00004351,A0000242,2025-05-12,WITHDRAWAL,1203000.0
T00004352,A0000290,2025-05-19,WITHDRAWAL,1401000.0
T00004353,A0001634,2025-02-19,TRANSFER,1980000.0
T00004354,A0001312,2026-01-28,TRANSFER,4460000.0
T00004355,A0001675,2025-06-24,DEPOSIT,521000.0
T00004356,A0000496,2025-06-01,WITHDRAWAL,3139000.0
T00004357,A0000332,2026-03-30,TRANSFER,4000.0
T00004358,A0000133,2025-08-27,WITHDRAWAL,4055000.0
T00004359,A0000640,2025-03-07,DEPOSIT,442000.0
T00004360,A0001463,2026-02-12,WITHDRAWAL,2327000.0
T00004361,A0001156,2025-12-20,TRANSFER,4792000.0
T00004362,A0000423,2025-06-23,DEPOSIT,1171000.0
T00004363,A0000159,2025-02-19,TRANSFER,515000.0
T00004364,A0000978,2026-02-02,DEPOSIT,334000.0
T00004365,A0000283,2026-07-03,DEPOSIT,2982000.0
T00004366,A0001001,2025-03-07,WITHDRAWAL,4553000.0
T00004367,A0001697,2025-06-10,DEPOSIT,4695000.0
T00004368,A0000782,2026-04-21,DEPOSIT,1135000.0
T00004369,A0000505,2026-02-17,WITHDRAWAL,1833000.0
T00004370,A0001237,2025-07-28,DEPOSIT,2329000.0
T00004371,A0001242,2026-03-21,DEPOSIT,2542000.0
T00004372,A0001747,2025-12-29,TRANSFER,2093000.0
T00004373,A0001571,2026-03-12,DEPOSIT,2157000.0
T00004374,A0000650,2026-01-10,WITHDRAWAL,3697000.0
T00004375,A0000693,2026-06-21,TRANSFER,75000.0
T00004376,A0001499,2025-04-27,TRANSFER,2928000.0
T00004377,A0001577,2025-03-22,TRANSFER,1247000.0
T00004378,A0000687,2026-04-15,TRANSFER,1429000.0
T00004379,A0000017,2025-05-02,TRANSFER,3895000.0
T00004380,A0001073,2025-05-23,DEPOSIT,214000.0
T00004381,A0001437,2026-03-05,WITHDRAWAL,3060000.0
T00004382,A0000964,2025-11-07,WITHDRAWAL,407000.0
T00004383,A0000691,2025-10-31,DEPOSIT,2032000.0
T00004384,A0000955,2025-03-29,WITHDRAWAL,2935000.0
T00004385,A0001337,2025-07-19,WITHDRAWAL,1610000.0
T00004386,A0001191,2025-04-27,WITHDRAWAL,572000.0
T00004387,A0001444,2025-08-29,TRANSFER,496000.0
T00004388,A0001607,2025-05-09,DEPOSIT,3659000.0
T00004389,A0001199,2025-07-28,TRANSFER,2364000.0
T00004390,A0000210,2025-07-25,TRANSFER,1032000.0
T00004391,A0000862,2025-04-21,WITHDRAWAL,528000.0
T00004392,A0001537,2025-01-26,WITHDRAWAL,986000.0
T00004393,A0000517,2025-02-02,WITHDRAWAL,3793000.0
T00004394,A0001428,2025-09-25,TRANSFER,4924000.0
T00004395,A0001147,2026-06-05,WITHDRAWAL,3624000.0
T00004396,A0001171,2025-01-04,DEPOSIT,2465000.0
T00004397,A0000766,2025-11-13,DEPOSIT,3451000.0
T00004398,A0000342,2025-04-07,DEPOSIT,3722000.0
T00004399,A0000667,2026-02-07,TRANSFER,2198000.0
T00004400,A0000433,2025-06-21,TRANSFER,3198000.0
T00004401,A0000695,2025-11-04,TRANSFER,1006000.0
T00004402,A0000960,2025-04-26,TRANSFER,4056000.0
T00004403,A0000799,2025-08-17,WITHDRAWAL,3897000.0
T00004404,A0001480,2026-06-25,DEPOSIT,4337000.0
T00004405,A0001170,2025-01-15,WITHDRAWAL,3780000.0
T00004406,A0000718,2025-07-03,TRANSFER,156000.0
T00004407,A0000476,2026-02-16,DEPOSIT,685000.0
T00004408,A0001687,2026-05-04,TRANSFER,929000.0
T00004409,A0000287,2025-11-23,TRANSFER,1504000.0
T00004410,A0001423,2026-02-22,DEPOSIT,1978000.0
T00004411,A0001126,2025-03-14,DEPOSIT,3254000.0
T00004412,A0000857,2025-09-29,DEPOSIT,4417000.0
T00004413,A0000691,2026-01-16,WITHDRAWAL,4499000.0
T00004414,A0001376,2025-12-10,TRANSFER,1502000.0
T00004415,A0001660,2025-12-15,WITHDRAWAL,3761000.0
T00004416,A0000642,2025-11-26,TRANSFER,2089000.0
T00004417,A0000066,2026-01-16,TRANSFER,1438000.0
T00004418,A0000365,2025-06-25,WITHDRAWAL,1276000.0
T00004419,A0001111,2025-06-11,WITHDRAWAL,2239000.0
T00004420,A0001091,2025-05-03,DEPOSIT,4640000.0
T00004421,A0000623,2025-07-15,TRANSFER,1953000.0
T00004422,A0001506,2025-10-20,TRANSFER,2683000.0
T00004423,A0000675,2026-01-23,WITHDRAWAL,1612000.0
T00004424,A0001236,2026-02-26,WITHDRAWAL,4991000.0
T00004425,A0000280,2025-06-05,TRANSFER,3694000.0
T00004426,A0001436,2025-11-28,WITHDRAWAL,3633000.0
T00004427,A0000820,2026-01-01,TRANSFER,1086000.0
T00004428,A0000587,2025-09-03,TRANSFER,1277000.0
T00004429,A0000271,2025-10-09,DEPOSIT,4300000.0
T00004430,A0001061,2025-06-07,DEPOSIT,767000.0
T00004431,A0000166,2025-07-06,TRANSFER,804000.0
T00004432,A0000545,2025-03-09,DEPOSIT,403000.0
T00004433,A0000346,2025-05-14,WITHDRAWAL,2796000.0
T00004434,A0000858,2026-02-03,WITHDRAWAL,3542000.0
T00004435,A0000181,2025-10-22,DEPOSIT,3285000.0
T00004436,A0001630,2026-05-14,WITHDRAWAL,696000.0
T00004437,A0001800,2025-12-19,WITHDRAWAL,3256000.0
T00004438,A0001146,2025-09-20,DEPOSIT,1792000.0
T00004439,A0001033,2026-05-14,TRANSFER,190000.0
T00004440,A0001202,2025-06-18,TRANSFER,608000.0
T00004441,A0000952,2025-11-14,WITHDRAWAL,4710000.0
T00004442,A0000966,2025-02-03,DEPOSIT,3259000.0
T00004443,A0000684,2025-06-30,DEPOSIT,1405000.0
T00004444,A0001357,2025-05-03,TRANSFER,2766000.0
T00004445,A0000196,2026-02-08,TRANSFER,4598000.0
T00004446,A0000904,2026-06-01,WITHDRAWAL,2268000.0
T00004447,A0000428,2025-11-19,DEPOSIT,4163000.0
T00004448,A0000472,2025-09-17,WITHDRAWAL,3422000.0
T00004449,A0000486,2025-12-26,TRANSFER,3008000.0
T00004450,A0000367,2025-09-29,TRANSFER,562000.0
T00004451,A0001298,2026-06-10,WITHDRAWAL,3035000.0
T00004452,A0001439,2025-05-03,TRANSFER,2258000.0
T00004453,A0000509,2026-05-10,TRANSFER,4390000.0
T00004454,A0000025,2025-09-22,TRANSFER,1112000.0
T00004455,A0000573,2025-11-03,DEPOSIT,352000.0
T00004456,A0000071,2025-04-25,TRANSFER,2216000.0
T00004457,A0000993,2025-07-25,TRANSFER,1135000.0
T00004458,A0000844,2025-09-24,DEPOSIT,3988000.0
T00004459,A0000221,2025-08-23,WITHDRAWAL,50000.0
T00004460,A0001089,2025-09-27,TRANSFER,754000.0
T00004461,A0000102,2025-12-02,DEPOSIT,4096000.0
T00004462,A0000743,2025-02-19,TRANSFER,4568000.0
T00004463,A0000430,2026-07-23,TRANSFER,4649000.0
T00004464,A0000295,2026-07-11,WITHDRAWAL,1648000.0
T00004465,A0000704,2026-02-09,DEPOSIT,2546000.0
T00004466,A0001776,2025-06-21,DEPOSIT,805000.0
T00004467,A0001714,2026-02-18,WITHDRAWAL,533000.0
T00004468,A0000326,2025-01-12,DEPOSIT,3881000.0
T00004469,A0001138,2025-02-19,WITHDRAWAL,1340000.0
T00004470,A0000351,2025-09-10,TRANSFER,4716000.0
T00004471,A0000152,2026-07-07,TRANSFER,3221000.0
T00004472,A0000632,2025-12-23,WITHDRAWAL,1741000.0
T00004473,A0000463,2026-01-18,WITHDRAWAL,2478000.0
T00004474,A0000492,2025-11-25,TRANSFER,4879000.0
T00004475,A0001512,2025-11-29,WITHDRAWAL,2471000.0
T00004476,A0001317,2025-12-09,TRANSFER,4426000.0
T00004477,A0001048,2025-07-26,TRANSFER,4717000.0
T00004478,A0001760,2025-12-09,DEPOSIT,1007000.0
T00004479,A0000894,2025-01-11,DEPOSIT,2456000.0
T00004480,A0000384,2025-04-23,WITHDRAWAL,2919000.0
T00004481,A0000658,2025-06-10,WITHDRAWAL,602000.0
T00004482,A0001143,2025-01-10,WITHDRAWAL,3716000.0
T00004483,A0000104,2026-06-12,TRANSFER,16000.0
T00004484,A0000110,2025-06-17,WITHDRAWAL,4553000.0
T00004485,A0000386,2026-05-03,TRANSFER,2449000.0
T00004486,A0000322,2026-06-01,WITHDRAWAL,4153000.0
T00004487,A0001032,2025-12-03,TRANSFER,291000.0
T00004488,A0000096,2025-02-08,DEPOSIT,1832000.0
T00004489,A0001325,2025-05-18,DEPOSIT,3885000.0
T00004490,A0001551,2025-04-12,TRANSFER,4869000.0
T00004491,A0001436,2025-12-03,WITHDRAWAL,2445000.0
T00004492,A0001415,2025-02-01,WITHDRAWAL,3590000.0
T00004493,A0000824,2025-03-08,WITHDRAWAL,1098000.0
T00004494,A0000181,2026-08-25,DEPOSIT,1754000.0
T00004495,A0001030,2025-05-26,DEPOSIT,1134000.0
T00004496,A0000553,2026-06-09,WITHDRAWAL,329000.0
T00004497,A0001226,2026-06-13,DEPOSIT,4757000.0
T00004498,A0000704,2025-02-12,TRANSFER,2571000.0
T00004499,A0001440,2025-04-09,WITHDRAWAL,4514000.0
T00004500,A0001525,2025-04-03,WITHDRAWAL,1238000.0
T00004501,A0001005,2026-08-30,TRANSFER,3498000.0
T00004502,A0000092,2025-03-06,TRANSFER,2752000.0
T00004503,A0000598,2026-06-26,TRANSFER,3464000.0
T00004504,A0000035,2025-04-28,WITHDRAWAL,418000.0
T00004505,A0000963,2025-12-20,WITHDRAWAL,2012000.0
T00004506,A0000236,2026-06-21,TRANSFER,4189000.0
T00004507,A0000872,2025-05-13,TRANSFER,3102000.0
T00004508,A0000976,2026-06-04,DEPOSIT,116000.0
T00004509,A0001327,2025-07-09,DEPOSIT,4517000.0
T00004510,A0001327,2025-09-30,DEPOSIT,4970000.0
T00004511,A0000709,2026-01-24,WITHDRAWAL,3309000.0
T00004512,A0001614,2026-03-09,DEPOSIT,1795000.0
T00004513,A0001726,2025-08-25,DEPOSIT,989000.0
T00004514,A0001686,2025-11-30,WITHDRAWAL,4557000.0
T00004515,A0000549,2026-04-16,TRANSFER,559000.0
T00004516,A0000096,2025-03-24,WITHDRAWAL,2826000.0
T00004517,A0000324,2026-01-05,DEPOSIT,4053000.0
T00004518,A0000819,2025-09-30,WITHDRAWAL,1542000.0
T00004519,A0001715,2026-05-22,TRANSFER,2873000.0
T00004520,A0001463,2026-04-03,DEPOSIT,1641000.0
T00004521,A0001375,2025-06-26,TRANSFER,1409000.0
T00004522,A0000358,2026-05-22,DEPOSIT,4371000.0
T00004523,A0001629,2025-03-29,WITHDRAWAL,4276000.0
T00004524,A0001078,2025-05-23,DEPOSIT,1925000.0
T00004525,A0000009,2026-01-29,DEPOSIT,1929000.0
T00004526,A0001135,2025-04-17,DEPOSIT,4243000.0
T00004527,A0001109,2026-02-28,WITHDRAWAL,254000.0
T00004528,A0000506,2025-07-19,TRANSFER,5000000.0
T00004529,A0001478,2026-04-18,TRANSFER,2345000.0
T00004530,A0000677,2026-02-03,TRANSFER,4954000.0
T00004531,A0001157,2025-06-15,DEPOSIT,2020000.0
T00004532,A0000793,2026-07-29,TRANSFER,3169000.0
T00004533,A0000821,2025-12-18,WITHDRAWAL,2023000.0
T00004534,A0001153,2025-05-13,WITHDRAWAL,2190000.0
T00004535,A0000798,2025-12-06,WITHDRAWAL,3024000.0
T00004536,A0000812,2026-08-31,DEPOSIT,1186000.0
T00004537,A0000551,2026-08-19,WITHDRAWAL,3162000.0
T00004538,A0000464,2026-01-30,WITHDRAWAL,4806000.0
T00004539,A0001172,2025-10-28,WITHDRAWAL,770000.0
T00004540,A0000668,2026-03-05,WITHDRAWAL,4159000.0
T00004541,A0001691,2026-05-18,WITHDRAWAL,522000.0
T00004542,A0001435,2025-08-15,TRANSFER,3004000.0
T00004543,A0001140,2026-05-11,DEPOSIT,4089000.0
T00004544,A0001773,2025-08-11,DEPOSIT,63000.0
T00004545,A0000358,2025-09-16,DEPOSIT,3790000.0
T00004546,A0000493,2025-06-08,TRANSFER,3041000.0
T00004547,A0000687,2026-01-24,DEPOSIT,3424000.0
T00004548,A0000190,2025-03-15,WITHDRAWAL,2707000.0
T00004549,A0001438,2025-12-11,DEPOSIT,3156000.0
T00004550,A0001402,2025-07-13,WITHDRAWAL,1520000.0
T00004551,A0000754,2025-11-06,TRANSFER,4989000.0
T00004552,A0000933,2025-05-29,DEPOSIT,4555000.0
T00004553,A0000181,2026-07-07,DEPOSIT,4349000.0
T00004554,A0000118,2026-03-13,TRANSFER,1877000.0
T00004555,A0000945,2025-07-08,DEPOSIT,1896000.0
T00004556,A0001397,2025-07-10,TRANSFER,316000.0
T00004557,A0000153,2026-07-14,DEPOSIT,1889000.0
T00004558,A0001736,2026-03-06,DEPOSIT,3561000.0
T00004559,A0000327,2025-11-05,WITHDRAWAL,4652000.0
T00004560,A0001178,2025-04-29,DEPOSIT,3410000.0
T00004561,A0000334,2025-03-11,TRANSFER,1833000.0
T00004562,A0001420,2025-02-11,WITHDRAWAL,1124000.0
T00004563,A0001151,2025-06-13,WITHDRAWAL,4832000.0
T00004564,A0000672,2026-06-06,DEPOSIT,2264000.0
T00004565,A0001618,2026-06-14,WITHDRAWAL,2306000.0
T00004566,A0000968,2026-01-18,TRANSFER,255000.0
T00004567,A0001383,2025-11-21,DEPOSIT,2193000.0
T00004568,A0000195,2025-05-19,WITHDRAWAL,2564000.0
T00004569,A0000778,2026-02-10,TRANSFER,184000.0
T00004570,A0000619,2025-04-02,WITHDRAWAL,2029000.0
T00004571,A0001007,2026-05-12,TRANSFER,2718000.0
T00004572,A0000628,2025-08-20,TRANSFER,4050000.0
T00004573,A0001749,2025-02-19,WITHDRAWAL,2772000.0
T00004574,A0000305,2026-04-24,TRANSFER,2799000.0
T00004575,A0000218,2025-07-04,WITHDRAWAL,1937000.0
T00004576,A0001407,2026-02-16,TRANSFER,1313000.0
T00004577,A0001487,2025-07-05,DEPOSIT,1284000.0
T00004578,A0000281,2025-07-28,WITHDRAWAL,4293000.0
T00004579,A0000034,2026-01-19,DEPOSIT,3848000.0
T00004580,A0001410,2026-08-30,WITHDRAWAL,3641000.0
T00004581,A0000988,2026-06-17,DEPOSIT,2020000.0
T00004582,A0001794,2025-08-29,TRANSFER,3998000.0
T00004583,A0001052,2026-04-10,TRANSFER,2087000.0
T00004584,A0000266,2026-07-05,DEPOSIT,4767000.0
T00004585,A0001402,2026-05-03,TRANSFER,2349000.0
T00004586,A0000435,2025-07-02,DEPOSIT,4247000.0
T00004587,A0001589,2026-01-31,DEPOSIT,2051000.0
T00004588,A0001435,2025-01-20,DEPOSIT,2875000.0
T00004589,A0000117,2026-04-01,TRANSFER,2262000.0
T00004590,A0000768,2025-03-24,DEPOSIT,2014000.0
T00004591,A0000555,2025-04-18,TRANSFER,2077000.0
T00004592,A0000933,2025-07-17,WITHDRAWAL,95000.0
T00004593,A0000306,2025-12-27,TRANSFER,341000.0
T00004594,A0000518,2025-09-09,DEPOSIT,4609000.0
T00004595,A0001557,2025-04-04,TRANSFER,3119000.0
T00004596,A0000311,2026-08-27,TRANSFER,1691000.0
T00004597,A0001759,2026-07-24,DEPOSIT,3141000.0
T00004598,A0000303,2025-12-11,WITHDRAWAL,439000.0
T00004599,A0000024,2025-11-23,DEPOSIT,74000.0
T00004600,A0000425,2025-02-16,TRANSFER,1025000.0
T00004601,A0000698,2025-12-19,TRANSFER,4000.0
T00004602,A0000036,2026-01-09,WITHDRAWAL,563000.0
T00004603,A0001455,2025-11-01,DEPOSIT,1870000.0
T00004604,A0000506,2025-03-13,WITHDRAWAL,329000.0
T00004605,A0000615,2026-05-17,DEPOSIT,1533000.0
T00004606,A0000526,2026-05-21,WITHDRAWAL,2255000.0
T00004607,A0000673,2026-08-17,TRANSFER,1687000.0
T00004608,A0001459,2025-04-08,TRANSFER,1463000.0
T00004609,A0000922,2026-03-17,WITHDRAWAL,2060000.0
T00004610,A0000766,2026-05-10,TRANSFER,3303000.0
T00004611,A0000476,2026-06-08,WITHDRAWAL,293000.0
T00004612,A0001391,2026-07-06,WITHDRAWAL,1716000.0
T00004613,A0000233,2026-03-11,WITHDRAWAL,4507000.0
T00004614,A0001717,2026-06-22,TRANSFER,3654000.0
T00004615,A0000485,2025-07-13,TRANSFER,4597000.0
T00004616,A0001507,2026-05-11,TRANSFER,1544000.0
T00004617,A0000200,2026-01-16,DEPOSIT,1327000.0
T00004618,A0001336,2025-01-04,DEPOSIT,711000.0
T00004619,A0001322,2025-12-04,TRANSFER,4954000.0
T00004620,A0000506,2025-11-30,DEPOSIT,4947000.0
T00004621,A0001397,2025-03-10,WITHDRAWAL,3532000.0
T00004622,A0000322,2025-07-31,DEPOSIT,2368000.0
T00004623,A0000570,2025-10-03,TRANSFER,3834000.0
T00004624,A0001052,2026-02-01,DEPOSIT,1692000.0
T00004625,A0001308,2025-05-25,DEPOSIT,4938000.0
T00004626,A0001693,2025-12-20,WITHDRAWAL,128000.0
T00004627,A0000676,2025-10-17,WITHDRAWAL,3571000.0
T00004628,A0000660,2026-07-15,DEPOSIT,2867000.0
T00004629,A0001487,2025-11-10,TRANSFER,1037000.0
T00004630,A0001409,2025-02-10,WITHDRAWAL,2168000.0
T00004631,A0000090,2025-12-27,WITHDRAWAL,483000.0
T00004632,A0000166,2026-02-27,DEPOSIT,80000.0
T00004633,A0001535,2025-08-31,TRANSFER,2862000.0
T00004634,A0001049,2025-05-27,TRANSFER,3733000.0
T00004635,A0000668,2025-02-07,TRANSFER,1055000.0
T00004636,A0000996,2025-05-12,WITHDRAWAL,2593000.0
T00004637,A0000963,2026-03-20,DEPOSIT,4901000.0
T00004638,A0001502,2026-06-13,DEPOSIT,3252000.0
T00004639,A0000062,2026-03-09,DEPOSIT,778000.0
T00004640,A0001383,2026-08-27,DEPOSIT,4321000.0
T00004641,A0000711,2025-11-22,WITHDRAWAL,919000.0
T00004642,A0001422,2025-11-06,DEPOSIT,338000.0
T00004643,A0000301,2026-08-21,DEPOSIT,2475000.0
T00004644,A0001311,2025-03-01,WITHDRAWAL,774000.0
T00004645,A0000865,2025-10-18,WITHDRAWAL,369000.0
T00004646,A0001565,2025-11-11,WITHDRAWAL,959000.0
T00004647,A0001465,2025-08-21,DEPOSIT,1615000.0
T00004648,A0000401,2026-05-18,WITHDRAWAL,3144000.0
T00004649,A0001507,2026-07-27,TRANSFER,3203000.0
T00004650,A0001524,2025-01-30,TRANSFER,2031000.0
T00004651,A0000479,2025-06-18,DEPOSIT,4705000.0
T00004652,A0000589,2025-01-19,TRANSFER,1651000.0
T00004653,A0000873,2026-03-31,WITHDRAWAL,3740000.0
T00004654,A0000539,2026-01-22,DEPOSIT,1707000.0
T00004655,A0000397,2026-08-20,DEPOSIT,4851000.0
T00004656,A0001241,2025-08-25,TRANSFER,1692000.0
T00004657,A0001373,2026-05-30,DEPOSIT,1358000.0
T00004658,A0000596,2025-04-02,DEPOSIT,1190000.0
T00004659,A0000762,2025-06-05,DEPOSIT,2767000.0
T00004660,A0000074,2026-07-05,DEPOSIT,3450000.0
T00004661,A0001532,2026-01-22,DEPOSIT,3935000.0
T00004662,A0000547,2025-09-11,TRANSFER,3621000.0
T00004663,A0000716,2026-04-29,TRANSFER,3344000.0
T00004664,A0000304,2025-07-02,DEPOSIT,72000.0
T00004665,A0000780,2025-12-15,TRANSFER,4436000.0
T00004666,A0000893,2025-02-02,TRANSFER,709000.0
T00004667,A0001531,2026-05-04,WITHDRAWAL,4372000.0
T00004668,A0000458,2026-03-09,TRANSFER,3059000.0
T00004669,A0001737,2025-06-04,WITHDRAWAL,3015000.0
T00004670,A0000336,2026-08-17,TRANSFER,258000.0
T00004671,A0000071,2026-06-12,TRANSFER,2561000.0
T00004672,A0001458,2026-06-10,TRANSFER,719000.0
T00004673,A0000736,2025-09-26,WITHDRAWAL,4957000.0
T00004674,A0000130,2026-01-10,DEPOSIT,40000.0
T00004675,A0000203,2026-08-26,TRANSFER,362000.0
T00004676,A0001038,2025-08-14,DEPOSIT,2653000.0
T00004677,A0001373,2025-10-06,TRANSFER,3322000.0
T00004678,A0001457,2025-10-24,WITHDRAWAL,2068000.0
T00004679,A0001693,2026-04-29,DEPOSIT,3900000.0
T00004680,A0001655,2026-08-05,WITHDRAWAL,3413000.0
T00004681,A0001648,2026-06-01,WITHDRAWAL,3543000.0
T00004682,A0001209,2025-01-04,DEPOSIT,2419000.0
T00004683,A0000702,2025-08-15,DEPOSIT,1281000.0
T00004684,A0001059,2025-07-23,WITHDRAWAL,300000.0
T00004685,A0001570,2025-04-10,WITHDRAWAL,4495000.0
T00004686,A0000520,2026-05-03,WITHDRAWAL,1053000.0
T00004687,A0000775,2026-01-06,TRANSFER,2433000.0
T00004688,A0001664,2026-02-10,DEPOSIT,1140000.0
T00004689,A0001103,2025-11-03,TRANSFER,4123000.0
T00004690,A0000970,2025-01-21,TRANSFER,4047000.0
T00004691,A0001291,2026-01-20,DEPOSIT,491000.0
T00004692,A0000735,2026-08-16,TRANSFER,3317000.0
T00004693,A0000719,2025-11-16,DEPOSIT,4056000.0
T00004694,A0000125,2026-04-11,TRANSFER,1883000.0
T00004695,A0000956,2026-07-31,TRANSFER,609000.0
T00004696,A0000428,2025-06-15,DEPOSIT,3600000.0
T00004697,A0000616,2025-03-24,DEPOSIT,3960000.0
T00004698,A0000382,2026-03-26,DEPOSIT,25000.0
T00004699,A0001643,2026-03-25,WITHDRAWAL,4715000.0
T00004700,A0001180,2026-07-08,TRANSFER,3688000.0
T00004701,A0001593,2026-01-18,WITHDRAWAL,3721000.0
T00004702,A0001012,2026-06-01,TRANSFER,2000000.0
T00004703,A0000317,2026-04-18,TRANSFER,3288000.0
T00004704,A0000823,2026-08-08,TRANSFER,2952000.0
T00004705,A0000670,2025-08-11,DEPOSIT,108000.0
T00004706,A0000416,2026-01-30,DEPOSIT,2871000.0
T00004707,A0000012,2025-02-28,TRANSFER,674000.0
T00004708,A0001064,2025-07-29,TRANSFER,4785000.0
T00004709,A0001593,2025-10-05,DEPOSIT,2291000.0
T00004710,A0001759,2025-10-29,WITHDRAWAL,3654000.0
T00004711,A0000609,2026-07-23,WITHDRAWAL,2067000.0
T00004712,A0000965,2026-02-09,DEPOSIT,4877000.0
T00004713,A0001516,2026-05-04,WITHDRAWAL,3558000.0
T00004714,A0000833,2025-06-23,TRANSFER,2489000.0
T00004715,A0000273,2025-12-03,DEPOSIT,3187000.0
T00004716,A0001228,2025-04-14,WITHDRAWAL,4004000.0
T00004717,A0001360,2025-03-18,TRANSFER,3853000.0
T00004718,A0001573,2025-01-11,TRANSFER,2371000.0
T00004719,A0001787,2026-04-01,TRANSFER,523000.0
T00004720,A0000695,2026-06-08,DEPOSIT,4844000.0
T00004721,A0001771,2026-08-07,TRANSFER,2765000.0
T00004722,A0000306,2025-01-21,TRANSFER,2846000.0
T00004723,A0000041,2026-03-01,WITHDRAWAL,4163000.0
T00004724,A0001220,2025-12-11,TRANSFER,3903000.0
T00004725,A0000105,2026-02-25,WITHDRAWAL,577000.0
T00004726,A0000961,2026-05-13,DEPOSIT,4009000.0
T00004727,A0000390,2025-03-08,WITHDRAWAL,2546000.0
T00004728,A0001018,2026-03-20,DEPOSIT,1019000.0
T00004729,A0001483,2026-07-16,WITHDRAWAL,2014000.0
T00004730,A0001414,2025-04-12,TRANSFER,438000.0
T00004731,A0001489,2026-08-08,WITHDRAWAL,89000.0
T00004732,A0001160,2026-08-28,WITHDRAWAL,4044000.0
T00004733,A0000163,2025-03-29,DEPOSIT,1051000.0
T00004734,A0000721,2025-08-25,DEPOSIT,3792000.0
T00004735,A0000628,2026-02-10,WITHDRAWAL,580000.0
T00004736,A0000047,2026-08-15,WITHDRAWAL,1938000.0
T00004737,A0001322,2026-02-07,TRANSFER,2879000.0
T00004738,A0001563,2025-11-10,TRANSFER,3472000.0
T00004739,A0000051,2025-02-07,DEPOSIT,595000.0
T00004740,A0000196,2026-07-14,DEPOSIT,3321000.0
T00004741,A0001628,2026-02-02,TRANSFER,1968000.0
T00004742,A0001322,2026-06-29,DEPOSIT,1995000.0
T00004743,A0001631,2025-07-12,DEPOSIT,498000.0
T00004744,A0000974,2026-02-22,DEPOSIT,2327000.0
T00004745,A0001429,2026-08-22,WITHDRAWAL,3211000.0
T00004746,A0000739,2026-03-01,TRANSFER,4093000.0
T00004747,A0001081,2026-08-20,TRANSFER,701000.0
T00004748,A0001763,2026-05-24,WITHDRAWAL,4528000.0
T00004749,A0000733,2025-03-25,TRANSFER,2827000.0
T00004750,A0000269,2026-02-21,DEPOSIT,4021000.0
T00004751,A0001146,2026-07-29,TRANSFER,3084000.0
T00004752,A0000905,2025-04-27,DEPOSIT,1271000.0
T00004753,A0001563,2026-07-01,DEPOSIT,2351000.0
T00004754,A0000119,2025-04-09,TRANSFER,2680000.0
T00004755,A0000878,2026-08-18,WITHDRAWAL,1614000.0
T00004756,A0001413,2025-05-10,WITHDRAWAL,3091000.0
T00004757,A0001317,2025-05-04,TRANSFER,4848000.0
T00004758,A0000574,2025-09-14,DEPOSIT,2677000.0
T00004759,A0001560,2026-08-06,TRANSFER,4403000.0
T00004760,A0000346,2026-04-16,DEPOSIT,385000.0
T00004761,A0000213,2025-12-30,TRANSFER,436000.0
T00004762,A0000124,2025-07-25,WITHDRAWAL,1166000.0
T00004763,A0000016,2025-09-29,TRANSFER,1513000.0
T00004764,A0000893,2025-06-30,WITHDRAWAL,3824000.0
T00004765,A0001376,2026-04-24,TRANSFER,815000.0
T00004766,A0001621,2025-08-20,DEPOSIT,2060000.0
T00004767,A0001283,2026-06-04,DEPOSIT,3454000.0
T00004768,A0000743,2026-02-04,DEPOSIT,2727000.0
T00004769,A0001739,2025-08-09,DEPOSIT,2382000.0
T00004770,A0001217,2026-03-01,DEPOSIT,2106000.0
T00004771,A0001451,2026-06-16,WITHDRAWAL,4771000.0
T00004772,A0000422,2025-01-17,TRANSFER,2150000.0
T00004773,A0001361,2026-07-09,WITHDRAWAL,4653000.0
T00004774,A0000381,2026-04-13,WITHDRAWAL,1830000.0
T00004775,A0000233,2026-08-19,WITHDRAWAL,1756000.0
T00004776,A0000393,2026-07-07,TRANSFER,2133000.0
T00004777,A0000701,2025-05-12,WITHDRAWAL,4892000.0
T00004778,A0001736,2025-06-15,DEPOSIT,4197000.0
T00004779,A0000358,2025-01-30,WITHDRAWAL,4896000.0
T00004780,A0000688,2026-04-07,WITHDRAWAL,201000.0
T00004781,A0000250,2026-03-12,WITHDRAWAL,1040000.0
T00004782,A0001448,2025-08-21,WITHDRAWAL,3536000.0
T00004783,A0000335,2025-12-26,WITHDRAWAL,1339000.0
T00004784,A0001260,2025-02-19,WITHDRAWAL,3520000.0
T00004785,A0000592,2026-05-24,TRANSFER,66000.0
T00004786,A0001093,2026-04-16,TRANSFER,1906000.0
T00004787,A0000789,2026-04-12,DEPOSIT,4987000.0
T00004788,A0001680,2026-07-21,WITHDRAWAL,1242000.0
T00004789,A0000708,2026-03-21,TRANSFER,4711000.0
T00004790,A0000562,2026-03-19,TRANSFER,4696000.0
T00004791,A0001202,2026-05-25,WITHDRAWAL,3036000.0
T00004792,A0001798,2026-02-22,TRANSFER,14000.0
T00004793,A0000596,2025-09-28,WITHDRAWAL,4629000.0
T00004794,A0000933,2026-03-05,DEPOSIT,618000.0
T00004795,A0001043,2025-08-29,WITHDRAWAL,3837000.0
T00004796,A0000008,2026-08-17,WITHDRAWAL,15000.0
T00004797,A0000433,2026-06-26,WITHDRAWAL,2975000.0
T00004798,A0001038,2026-08-11,DEPOSIT,4952000.0
T00004799,A0000132,2026-03-19,WITHDRAWAL,2892000.0
T00004800,A0001012,2025-02-07,TRANSFER,3607000.0
T00004801,A0001789,2025-06-28,WITHDRAWAL,4956000.0
T00004802,A0001732,2025-12-24,WITHDRAWAL,959000.0
T00004803,A0001479,2026-03-03,TRANSFER,4232000.0
T00004804,A0001116,2026-01-20,DEPOSIT,4817000.0
T00004805,A0000038,2025-05-25,WITHDRAWAL,4751000.0
T00004806,A0000646,2025-04-06,TRANSFER,2607000.0
T00004807,A0001536,2025-02-15,WITHDRAWAL,82000.0
T00004808,A0001364,2025-03-02,WITHDRAWAL,2658000.0
T00004809,A0001390,2026-06-23,WITHDRAWAL,3867000.0
T00004810,A0000920,2025-12-04,DEPOSIT,2311000.0
T00004811,A0000145,2025-03-05,DEPOSIT,1954000.0
T00004812,A0000250,2026-03-17,DEPOSIT,3185000.0
T00004813,A0001417,2025-08-09,WITHDRAWAL,3920000.0
T00004814,A0000977,2025-11-20,TRANSFER,2335000.0
T00004815,A0001079,2025-08-18,WITHDRAWAL,4181000.0
T00004816,A0000801,2025-02-02,WITHDRAWAL,1954000.0
T00004817,A0001398,2025-07-04,DEPOSIT,402000.0
T00004818,A0001318,2025-11-01,TRANSFER,4067000.0
T00004819,A0001481,2025-05-05,TRANSFER,3779000.0
T00004820,A0000180,2025-12-22,WITHDRAWAL,164000.0
T00004821,A0000720,2025-01-29,WITHDRAWAL,2294000.0
T00004822,A0001677,2025-08-10,WITHDRAWAL,4764000.0
T00004823,A0000499,2025-02-18,TRANSFER,3623000.0
T00004824,A0000397,2025-01-07,DEPOSIT,2284000.0
T00004825,A0001730,2026-03-05,WITHDRAWAL,4201000.0
T00004826,A0000843,2026-07-17,DEPOSIT,3615000.0
T00004827,A0001433,2026-04-28,WITHDRAWAL,1918000.0
T00004828,A0000275,2025-10-24,DEPOSIT,4289000.0
T00004829,A0000530,2026-08-18,TRANSFER,3963000.0
T00004830,A0001454,2025-01-07,DEPOSIT,2599000.0
T00004831,A0000552,2025-02-24,DEPOSIT,412000.0
T00004832,A0000977,2026-08-10,WITHDRAWAL,4597000.0
T00004833,A0000356,2025-12-30,DEPOSIT,216000.0
T00004834,A0000521,2025-01-25,TRANSFER,1910000.0
T00004835,A0000918,2025-10-12,WITHDRAWAL,2116000.0
T00004836,A0000365,2026-05-04,TRANSFER,2948000.0
T00004837,A0000254,2026-04-18,TRANSFER,3594000.0
T00004838,A0000537,2026-07-13,DEPOSIT,4867000.0
T00004839,A0000059,2025-09-01,WITHDRAWAL,2150000.0
T00004840,A0001698,2025-08-17,DEPOSIT,2896000.0
T00004841,A0001523,2025-09-16,WITHDRAWAL,2027000.0
T00004842,A0000542,2025-09-25,DEPOSIT,4916000.0
T00004843,A0001542,2026-07-08,WITHDRAWAL,4010000.0
T00004844,A0001438,2026-05-16,DEPOSIT,2004000.0
T00004845,A0001186,2025-03-18,WITHDRAWAL,4256000.0
T00004846,A0001094,2026-04-16,TRANSFER,3745000.0
T00004847,A0000632,2026-08-23,WITHDRAWAL,2055000.0
T00004848,A0000953,2025-03-14,WITHDRAWAL,4562000.0
T00004849,A0000797,2025-11-23,DEPOSIT,629000.0
T00004850,A0000541,2025-07-31,WITHDRAWAL,4714000.0
T00004851,A0000810,2025-06-14,WITHDRAWAL,3340000.0
T00004852,A0001250,2025-09-15,WITHDRAWAL,2361000.0
T00004853,A0001465,2026-01-03,DEPOSIT,3892000.0
T00004854,A0000621,2026-03-27,DEPOSIT,461000.0
T00004855,A0001066,2025-04-05,TRANSFER,766000.0
T00004856,A0001354,2025-02-15,DEPOSIT,3798000.0
T00004857,A0000847,2025-06-12,WITHDRAWAL,93000.0
T00004858,A0000915,2026-08-01,DEPOSIT,2714000.0
T00004859,A0000958,2026-04-01,DEPOSIT,656000.0
T00004860,A0001658,2025-02-24,WITHDRAWAL,1308000.0
T00004861,A0001002,2025-11-30,TRANSFER,2901000.0
T00004862,A0001731,2025-07-24,WITHDRAWAL,4155000.0
T00004863,A0001791,2025-11-29,WITHDRAWAL,4821000.0
T00004864,A0001386,2025-01-09,DEPOSIT,4122000.0
T00004865,A0000521,2025-07-17,DEPOSIT,2914000.0
T00004866,A0000645,2025-12-20,TRANSFER,3694000.0
T00004867,A0000004,2026-02-27,WITHDRAWAL,1945000.0
T00004868,A0001217,2025-07-22,TRANSFER,3658000.0
T00004869,A0000444,2025-11-27,TRANSFER,458000.0
T00004870,A0000766,2025-01-02,TRANSFER,2707000.0
T00004871,A0000468,2025-04-15,DEPOSIT,3603000.0
T00004872,A0000769,2026-04-09,DEPOSIT,1877000.0
T00004873,A0001180,2026-08-06,TRANSFER,851000.0
T00004874,A0000554,2026-06-27,WITHDRAWAL,4494000.0
T00004875,A0000502,2026-07-07,TRANSFER,4572000.0
T00004876,A0000537,2025-01-16,DEPOSIT,1335000.0
T00004877,A0000777,2025-12-15,WITHDRAWAL,4513000.0
T00004878,A0000144,2025-05-15,WITHDRAWAL,323000.0
T00004879,A0000216,2026-08-20,DEPOSIT,753000.0
T00004880,A0000583,2025-10-01,TRANSFER,4034000.0
T00004881,A0000501,2025-11-06,DEPOSIT,2197000.0
T00004882,A0000197,2025-08-02,TRANSFER,262000.0
T00004883,A0001155,2026-02-01,WITHDRAWAL,4399000.0
T00004884,A0000109,2026-04-28,TRANSFER,2630000.0
T00004885,A0001469,2026-02-07,WITHDRAWAL,577000.0
T00004886,A0001048,2025-12-09,TRANSFER,4746000.0
T00004887,A0000974,2025-05-30,DEPOSIT,1863000.0
T00004888,A0001795,2025-10-30,WITHDRAWAL,1204000.0
T00004889,A0001137,2026-02-14,WITHDRAWAL,170000.0
T00004890,A0001126,2026-08-05,TRANSFER,2658000.0
T00004891,A0000545,2025-05-23,DEPOSIT,3636000.0
T00004892,A0000857,2026-03-13,WITHDRAWAL,2778000.0
T00004893,A0001111,2025-04-19,WITHDRAWAL,4373000.0
T00004894,A0001190,2025-07-27,TRANSFER,4388000.0
T00004895,A0000527,2025-06-29,WITHDRAWAL,3664000.0
T00004896,A0000449,2025-06-07,WITHDRAWAL,2299000.0
T00004897,A0001278,2025-12-30,DEPOSIT,4707000.0
T00004898,A0001566,2026-05-24,DEPOSIT,3076000.0
T00004899,A0000553,2026-03-16,WITHDRAWAL,76000.0
T00004900,A0000947,2026-02-09,TRANSFER,3522000.0
T00004901,A0001414,2025-12-13,DEPOSIT,1497000.0
T00004902,A0001644,2025-06-20,TRANSFER,3835000.0
T00004903,A0000302,2025-11-20,DEPOSIT,3820000.0
T00004904,A0001527,2025-01-26,WITHDRAWAL,4551000.0
T00004905,A0000833,2026-06-21,DEPOSIT,2800000.0
T00004906,A0000654,2025-04-15,DEPOSIT,3360000.0
T00004907,A0000096,2025-01-06,TRANSFER,3479000.0
T00004908,A0000761,2025-11-18,WITHDRAWAL,1756000.0
T00004909,A0000999,2026-08-08,DEPOSIT,529000.0
T00004910,A0001079,2025-09-09,DEPOSIT,4817000.0
T00004911,A0001274,2026-02-01,DEPOSIT,4426000.0
T00004912,A0000704,2026-05-25,TRANSFER,504000.0
T00004913,A0001403,2025-11-05,DEPOSIT,1854000.0
T00004914,A0000128,2026-07-11,WITHDRAWAL,3497000.0
T00004915,A0001177,2026-08-25,TRANSFER,980000.0
T00004916,A0001691,2026-01-02,TRANSFER,3644000.0
T00004917,A0001200,2025-12-08,TRANSFER,3493000.0
T00004918,A0001591,2025-04-01,TRANSFER,1186000.0
T00004919,A0000316,2025-09-22,WITHDRAWAL,4894000.0
T00004920,A0000948,2025-12-31,WITHDRAWAL,311000.0
T00004921,A0001714,2025-11-06,WITHDRAWAL,4307000.0
T00004922,A0000326,2026-07-23,TRANSFER,1431000.0
T00004923,A0000574,2026-07-19,WITHDRAWAL,1612000.0
T00004924,A0000591,2025-10-22,DEPOSIT,685000.0
T00004925,A0001124,2025-06-05,WITHDRAWAL,70000.0
T00004926,A0000241,2025-02-16,TRANSFER,3726000.0
T00004927,A0000839,2025-02-13,DEPOSIT,4520000.0
T00004928,A0001142,2025-07-20,DEPOSIT,322000.0
T00004929,A0001458,2026-05-04,TRANSFER,3248000.0
T00004930,A0001621,2025-09-02,DEPOSIT,4854000.0
T00004931,A0000493,2026-07-03,TRANSFER,4105000.0
T00004932,A0001667,2025-07-03,TRANSFER,2775000.0
T00004933,A0001712,2025-08-26,WITHDRAWAL,1068000.0
T00004934,A0001132,2025-07-14,WITHDRAWAL,4668000.0
T00004935,A0001305,2026-03-12,TRANSFER,3581000.0
T00004936,A0001133,2025-03-21,WITHDRAWAL,2797000.0
T00004937,A0001198,2026-04-08,DEPOSIT,4144000.0
T00004938,A0001003,2025-05-09,TRANSFER,3770000.0
T00004939,A0000667,2025-08-28,DEPOSIT,4410000.0
T00004940,A0000032,2025-12-08,TRANSFER,1395000.0
T00004941,A0001294,2025-11-09,DEPOSIT,338000.0
T00004942,A0000198,2026-03-23,WITHDRAWAL,1932000.0
T00004943,A0000287,2025-01-02,DEPOSIT,3587000.0
T00004944,A0000729,2026-05-06,DEPOSIT,2863000.0
T00004945,A0000995,2025-08-08,DEPOSIT,3864000.0
T00004946,A0001311,2025-03-06,WITHDRAWAL,1314000.0
T00004947,A0001422,2025-01-13,WITHDRAWAL,2753000.0
T00004948,A0001039,2025-09-10,DEPOSIT,2955000.0
T00004949,A0000376,2026-05-17,WITHDRAWAL,90000.0
T00004950,A0000946,2025-08-14,TRANSFER,3260000.0
T00004951,A0000189,2025-08-02,DEPOSIT,2143000.0
T00004952,A0000650,2025-09-30,TRANSFER,863000.0
T00004953,A0000402,2025-05-25,WITHDRAWAL,263000.0
T00004954,A0000247,2026-08-15,DEPOSIT,3889000.0
T00004955,A0000454,2026-02-04,DEPOSIT,2049000.0
T00004956,A0000401,2025-09-03,WITHDRAWAL,2034000.0
T00004957,A0001610,2025-09-29,DEPOSIT,2953000.0
T00004958,A0000321,2026-06-18,DEPOSIT,1520000.0
T00004959,A0001009,2025-05-03,TRANSFER,4718000.0
T00004960,A0001288,2025-11-10,DEPOSIT,96000.0
T00004961,A0001539,2025-10-17,DEPOSIT,3622000.0
T00004962,A0000003,2026-04-27,WITHDRAWAL,4076000.0
T00004963,A0001637,2026-03-16,TRANSFER,776000.0
T00004964,A0001556,2025-07-22,TRANSFER,1589000.0
T00004965,A0001029,2025-09-06,WITHDRAWAL,3612000.0
T00004966,A0000619,2025-12-22,DEPOSIT,3153000.0
T00004967,A0000555,2026-04-29,WITHDRAWAL,2612000.0
T00004968,A0000271,2026-07-19,TRANSFER,1204000.0
T00004969,A0001367,2025-03-22,DEPOSIT,2154000.0
T00004970,A0001651,2025-02-28,TRANSFER,3409000.0
T00004971,A0001612,2026-06-21,WITHDRAWAL,1217000.0
T00004972,A0000902,2026-06-13,TRANSFER,494000.0
T00004973,A0000680,2026-03-04,TRANSFER,2044000.0
T00004974,A0001478,2025-04-18,DEPOSIT,897000.0
T00004975,A0001496,2025-03-26,TRANSFER,806000.0
T00004976,A0000332,2025-05-11,DEPOSIT,4406000.0
T00004977,A0001059,2026-08-19,TRANSFER,4497000.0
T00004978,A0001754,2025-07-19,TRANSFER,120000.0
T00004979,A0000249,2026-07-19,DEPOSIT,448000.0
T00004980,A0000538,2025-10-13,DEPOSIT,1652000.0
T00004981,A0000157,2025-10-01,DEPOSIT,3920000.0
T00004982,A0000268,2025-07-09,DEPOSIT,2796000.0
T00004983,A0001692,2026-06-10,WITHDRAWAL,2924000.0
T00004984,A0000731,2026-05-02,TRANSFER,4589000.0
T00004985,A0001155,2025-12-17,DEPOSIT,4415000.0
T00004986,A0000574,2025-09-05,WITHDRAWAL,2909000.0
T00004987,A0000332,2025-08-06,WITHDRAWAL,2421000.0
T00004988,A0001773,2025-09-26,WITHDRAWAL,4909000.0
T00004989,A0000778,2026-03-12,DEPOSIT,4237000.0
T00004990,A0000115,2026-02-14,DEPOSIT,4406000.0
T00004991,A0000502,2026-03-31,WITHDRAWAL,223000.0
T00004992,A0000565,2026-08-28,TRANSFER,2081000.0
T00004993,A0000420,2025-02-27,TRANSFER,3539000.0
T00004994,A0001653,2025-11-18,WITHDRAWAL,1196000.0
T00004995,A0000460,2025-12-19,DEPOSIT,3591000.0
T00004996,A0001233,2025-07-08,TRANSFER,4060000.0
T00004997,A0000744,2026-01-14,TRANSFER,3768000.0
T00004998,A0001496,2026-06-28,DEPOSIT,1898000.0
T00004999,A0000288,2025-06-19,TRANSFER,2985000.0
T00005000,A0000663,2025-07-08,TRANSFER,327000.0
T00005001,A0000534,2025-07-15,WITHDRAWAL,3194000.0
T00005002,A0001172,2025-10-15,TRANSFER,3221000.0
T00005003,A0001588,2025-07-24,WITHDRAWAL,4070000.0
T00005004,A0001759,2026-02-23,TRANSFER,1012000.0
T00005005,A0000035,2025-05-10,TRANSFER,194000.0
T00005006,A0000639,2025-05-06,WITHDRAWAL,3216000.0
T00005007,A0001125,2025-04-27,DEPOSIT,2653000.0
T00005008,A0001649,2025-10-25,TRANSFER,4968000.0
T00005009,A0001499,2025-09-01,DEPOSIT,3415000.0
T00005010,A0000143,2026-01-11,DEPOSIT,4215000.0
T00005011,A0001246,2025-08-14,TRANSFER,148000.0
T00005012,A0000975,2026-06-04,TRANSFER,2884000.0
T00005013,A0000408,2025-01-12,WITHDRAWAL,3398000.0
T00005014,A0001113,2025-08-16,WITHDRAWAL,888000.0
T00005015,A0001752,2026-07-25,WITHDRAWAL,4901000.0
T00005016,A0001320,2025-04-03,DEPOSIT,4711000.0
T00005017,A0001171,2026-07-02,WITHDRAWAL,3785000.0
T00005018,A0000811,2025-02-06,DEPOSIT,3931000.0
T00005019,A0001782,2026-02-06,WITHDRAWAL,1418000.0
T00005020,A0001640,2026-05-23,TRANSFER,3249000.0
T00005021,A0001620,2026-07-05,TRANSFER,4677000.0
T00005022,A0001566,2025-04-16,WITHDRAWAL,2747000.0
T00005023,A0000312,2026-06-18,DEPOSIT,818000.0
T00005024,A0001086,2026-04-29,WITHDRAWAL,3598000.0
T00005025,A0001488,2025-04-06,TRANSFER,861000.0
T00005026,A0000350,2025-07-29,DEPOSIT,1256000.0
T00005027,A0000589,2025-04-25,TRANSFER,2485000.0
T00005028,A0000256,2025-05-13,TRANSFER,1601000.0
T00005029,A0000857,2025-01-10,WITHDRAWAL,3261000.0
T00005030,A0000729,2025-05-18,TRANSFER,2619000.0
T00005031,A0000191,2026-07-22,TRANSFER,4759000.0
T00005032,A0000437,2025-10-03,DEPOSIT,3291000.0
T00005033,A0000914,2025-10-24,DEPOSIT,2831000.0
T00005034,A0000223,2026-08-31,WITHDRAWAL,3588000.0
T00005035,A0000722,2025-04-03,WITHDRAWAL,1094000.0
T00005036,A0000012,2025-11-17,TRANSFER,2622000.0
T00005037,A0001450,2025-03-27,TRANSFER,3278000.0
T00005038,A0000713,2025-05-16,DEPOSIT,1795000.0
T00005039,A0000254,2025-09-17,WITHDRAWAL,3511000.0
T00005040,A0000991,2025-08-22,DEPOSIT,3594000.0
T00005041,A0001470,2026-05-22,DEPOSIT,2014000.0
T00005042,A0001040,2025-01-05,TRANSFER,1954000.0
T00005043,A0001718,2026-01-16,WITHDRAWAL,23000.0
T00005044,A0000086,2025-04-01,TRANSFER,412000.0
T00005045,A0000456,2025-05-21,DEPOSIT,356000.0
T00005046,A0000126,2025-11-23,DEPOSIT,1417000.0
T00005047,A0000380,2026-03-20,DEPOSIT,313000.0
T00005048,A0000968,2026-06-16,TRANSFER,2181000.0
T00005049,A0000702,2026-02-22,DEPOSIT,528000.0
T00005050,A0001738,2026-08-05,TRANSFER,4564000.0
T00005051,A0001071,2025-12-31,TRANSFER,3654000.0
T00005052,A0000981,2025-03-04,TRANSFER,4903000.0
T00005053,A0001728,2025-04-01,WITHDRAWAL,4421000.0
T00005054,A0001646,2026-03-12,DEPOSIT,1039000.0
T00005055,A0000953,2025-03-04,DEPOSIT,3892000.0
T00005056,A0001710,2025-07-01,DEPOSIT,4283000.0
T00005057,A0001063,2026-07-08,DEPOSIT,4689000.0
T00005058,A0001723,2025-08-25,WITHDRAWAL,3963000.0
T00005059,A0001388,2025-10-19,WITHDRAWAL,4603000.0
T00005060,A0001013,2025-05-30,WITHDRAWAL,2874000.0
T00005061,A0001199,2025-10-31,DEPOSIT,1312000.0
T00005062,A0001222,2026-02-17,TRANSFER,4176000.0
T00005063,A0000499,2025-07-07,TRANSFER,3334000.0
T00005064,A0000973,2025-07-14,WITHDRAWAL,4840000.0
T00005065,A0001275,2025-12-07,WITHDRAWAL,3081000.0
T00005066,A0000479,2026-08-04,DEPOSIT,3608000.0
T00005067,A0001084,2026-05-14,TRANSFER,1762000.0
T00005068,A0000891,2026-07-22,TRANSFER,4574000.0
T00005069,A0001052,2025-07-28,TRANSFER,1221000.0
T00005070,A0000847,2026-06-02,WITHDRAWAL,1265000.0
T00005071,A0001787,2026-03-26,WITHDRAWAL,99000.0
T00005072,A0000610,2025-08-13,WITHDRAWAL,571000.0
T00005073,A0000801,2026-01-01,WITHDRAWAL,1570000.0
T00005074,A0000133,2025-04-17,DEPOSIT,4031000.0
T00005075,A0000534,2026-08-21,DEPOSIT,2764000.0
T00005076,A0001489,2026-06-07,DEPOSIT,361000.0
T00005077,A0001495,2026-02-23,TRANSFER,3450000.0
T00005078,A0001722,2026-07-20,TRANSFER,2167000.0
T00005079,A0001150,2025-04-26,WITHDRAWAL,4153000.0
T00005080,A0001153,2026-04-03,TRANSFER,4831000.0
T00005081,A0000295,2026-08-28,TRANSFER,3657000.0
T00005082,A0000723,2026-06-27,DEPOSIT,3213000.0
T00005083,A0000533,2026-05-06,DEPOSIT,1889000.0
T00005084,A0001468,2025-02-02,DEPOSIT,1789000.0
T00005085,A0001521,2025-09-11,DEPOSIT,379000.0
T00005086,A0001493,2025-03-19,TRANSFER,3073000.0
T00005087,A0000411,2025-07-20,DEPOSIT,1086000.0
T00005088,A0000024,2026-04-10,TRANSFER,1930000.0
T00005089,A0000433,2026-02-20,TRANSFER,3980000.0
T00005090,A0001615,2025-02-04,TRANSFER,131000.0
T00005091,A0000609,2025-12-11,TRANSFER,350000.0
T00005092,A0000017,2026-07-30,DEPOSIT,1888000.0
T00005093,A0000026,2025-10-30,TRANSFER,436000.0
T00005094,A0000051,2026-02-10,DEPOSIT,201000.0
T00005095,A0001671,2025-10-06,WITHDRAWAL,4049000.0
T00005096,A0000952,2025-07-23,WITHDRAWAL,3978000.0
T00005097,A0000060,2025-11-30,WITHDRAWAL,3650000.0
T00005098,A0001324,2025-12-26,TRANSFER,2529000.0
T00005099,A0000410,2026-02-17,TRANSFER,815000.0
T00005100,A0000131,2026-06-18,DEPOSIT,3851000.0
T00005101,A0000192,2026-07-29,WITHDRAWAL,1171000.0
T00005102,A0001207,2025-12-29,DEPOSIT,4301000.0
T00005103,A0000777,2026-08-15,DEPOSIT,557000.0
T00005104,A0000949,2025-01-13,WITHDRAWAL,2097000.0
T00005105,A0001266,2025-06-06,TRANSFER,4790000.0
T00005106,A0000835,2025-05-22,WITHDRAWAL,4951000.0
T00005107,A0001268,2025-10-07,DEPOSIT,2536000.0
T00005108,A0001482,2025-12-11,WITHDRAWAL,1058000.0
T00005109,A0001219,2026-03-24,WITHDRAWAL,4105000.0
T00005110,A0000886,2026-03-12,TRANSFER,3241000.0
T00005111,A0001355,2025-10-16,TRANSFER,2741000.0
T00005112,A0000976,2025-04-27,TRANSFER,4928000.0
T00005113,A0001760,2026-08-17,WITHDRAWAL,3053000.0
T00005114,A0001655,2025-12-05,WITHDRAWAL,3407000.0
T00005115,A0000646,2026-03-20,TRANSFER,4934000.0
T00005116,A0001173,2026-05-20,DEPOSIT,4534000.0
T00005117,A0000545,2025-10-20,WITHDRAWAL,1653000.0
T00005118,A0000339,2025-02-23,TRANSFER,160000.0
T00005119,A0000390,2025-05-19,TRANSFER,3518000.0
T00005120,A0001449,2026-07-25,DEPOSIT,4024000.0
T00005121,A0000866,2026-07-20,TRANSFER,1385000.0
T00005122,A0001007,2025-02-17,DEPOSIT,674000.0
T00005123,A0001172,2026-04-27,TRANSFER,3633000.0
T00005124,A0000498,2025-10-05,DEPOSIT,1290000.0
T00005125,A0000771,2025-09-17,WITHDRAWAL,586000.0
T00005126,A0001770,2026-08-27,WITHDRAWAL,3693000.0
T00005127,A0000715,2025-11-08,WITHDRAWAL,1856000.0
T00005128,A0000446,2026-02-25,WITHDRAWAL,2638000.0
T00005129,A0001000,2025-11-22,TRANSFER,568000.0
T00005130,A0000763,2025-10-31,DEPOSIT,3503000.0
T00005131,A0001284,2025-03-10,WITHDRAWAL,4914000.0
T00005132,A0000863,2025-01-05,DEPOSIT,1494000.0
T00005133,A0001346,2025-11-25,DEPOSIT,1598000.0
T00005134,A0001220,2025-05-26,WITHDRAWAL,2377000.0
T00005135,A0001667,2025-04-18,TRANSFER,4197000.0
T00005136,A0000715,2025-07-10,DEPOSIT,3998000.0
T00005137,A0000584,2026-03-30,WITHDRAWAL,4300000.0
T00005138,A0001174,2026-03-26,DEPOSIT,3702000.0
T00005139,A0000670,2025-08-20,DEPOSIT,4751000.0
T00005140,A0000717,2025-09-03,WITHDRAWAL,2394000.0
T00005141,A0000838,2025-10-14,WITHDRAWAL,718000.0
T00005142,A0001457,2025-10-19,WITHDRAWAL,1278000.0
T00005143,A0000548,2026-07-16,TRANSFER,2262000.0
T00005144,A0001325,2025-01-12,TRANSFER,2489000.0
T00005145,A0001300,2026-04-14,WITHDRAWAL,2189000.0
T00005146,A0000401,2025-10-09,TRANSFER,43000.0
T00005147,A0000388,2026-08-01,WITHDRAWAL,4840000.0
T00005148,A0000366,2026-02-03,WITHDRAWAL,154000.0
T00005149,A0000687,2026-07-09,DEPOSIT,3817000.0
T00005150,A0000957,2025-12-20,DEPOSIT,2414000.0
T00005151,A0001668,2025-07-27,WITHDRAWAL,3123000.0
T00005152,A0001504,2025-03-25,DEPOSIT,3411000.0
T00005153,A0000036,2025-09-24,TRANSFER,359000.0
T00005154,A0001421,2025-03-16,WITHDRAWAL,3853000.0
T00005155,A0001778,2025-11-23,DEPOSIT,2264000.0
T00005156,A0000514,2026-08-15,WITHDRAWAL,1987000.0
T00005157,A0000712,2025-04-11,DEPOSIT,1908000.0
T00005158,A0000229,2025-12-20,TRANSFER,288000.0
T00005159,A0001416,2026-01-21,WITHDRAWAL,2425000.0
T00005160,A0000736,2026-05-12,DEPOSIT,4480000.0
T00005161,A0000663,2026-03-08,WITHDRAWAL,3975000.0
T00005162,A0001500,2025-05-13,TRANSFER,4065000.0
T00005163,A0000600,2026-08-15,DEPOSIT,133000.0
T00005164,A0000010,2025-02-02,DEPOSIT,4417000.0
T00005165,A0000890,2025-08-11,TRANSFER,4640000.0
T00005166,A0001468,2025-07-17,WITHDRAWAL,912000.0
T00005167,A0000612,2026-06-28,WITHDRAWAL,1655000.0
T00005168,A0001672,2026-06-20,TRANSFER,2562000.0
T00005169,A0001151,2025-12-24,WITHDRAWAL,3928000.0
T00005170,A0000490,2025-04-10,WITHDRAWAL,2870000.0
T00005171,A0000362,2025-03-18,WITHDRAWAL,2897000.0
T00005172,A0001738,2025-12-19,DEPOSIT,573000.0
T00005173,A0000432,2025-08-23,DEPOSIT,3999000.0
T00005174,A0000099,2025-04-08,TRANSFER,524000.0
T00005175,A0001098,2025-12-13,TRANSFER,2801000.0
T00005176,A0000329,2025-05-27,TRANSFER,847000.0
T00005177,A0000013,2026-08-24,TRANSFER,4351000.0
T00005178,A0001717,2025-09-28,WITHDRAWAL,2069000.0
T00005179,A0001583,2025-04-15,WITHDRAWAL,688000.0
T00005180,A0000214,2025-01-26,TRANSFER,4409000.0
T00005181,A0000632,2026-01-14,WITHDRAWAL,3942000.0
T00005182,A0000111,2025-01-01,DEPOSIT,4491000.0
T00005183,A0001084,2025-01-29,WITHDRAWAL,985000.0
T00005184,A0000044,2026-07-01,TRANSFER,2630000.0
T00005185,A0000885,2025-04-29,TRANSFER,1059000.0
T00005186,A0000233,2025-07-17,DEPOSIT,888000.0
T00005187,A0000906,2025-03-23,WITHDRAWAL,4444000.0
T00005188,A0000803,2025-11-01,DEPOSIT,627000.0
T00005189,A0001603,2026-06-27,TRANSFER,2961000.0
T00005190,A0001367,2025-01-03,WITHDRAWAL,1270000.0
T00005191,A0001530,2026-06-04,DEPOSIT,1513000.0
T00005192,A0000989,2025-04-23,DEPOSIT,4132000.0
T00005193,A0000350,2025-03-18,WITHDRAWAL,1117000.0
T00005194,A0000262,2026-04-05,TRANSFER,4176000.0
T00005195,A0000802,2026-01-21,DEPOSIT,1348000.0
T00005196,A0000754,2025-02-27,TRANSFER,2168000.0
T00005197,A0000736,2025-08-05,WITHDRAWAL,4524000.0
T00005198,A0000626,2025-06-10,WITHDRAWAL,4514000.0
T00005199,A0000039,2026-08-11,WITHDRAWAL,3596000.0
T00005200,A0000921,2025-01-15,WITHDRAWAL,1233000.0
T00005201,A0001766,2025-10-24,DEPOSIT,409000.0
T00005202,A0001560,2025-12-08,WITHDRAWAL,3339000.0
T00005203,A0001262,2026-02-16,TRANSFER,3532000.0
T00005204,A0000127,2025-12-24,TRANSFER,2738000.0
T00005205,A0001319,2025-05-01,DEPOSIT,4062000.0
T00005206,A0000240,2026-06-08,TRANSFER,3981000.0
T00005207,A0000349,2025-05-11,WITHDRAWAL,1455000.0
T00005208,A0001754,2026-05-19,DEPOSIT,2606000.0
T00005209,A0001529,2026-01-17,DEPOSIT,1292000.0
T00005210,A0000968,2025-01-05,DEPOSIT,602000.0
T00005211,A0000769,2025-06-30,TRANSFER,2969000.0
T00005212,A0000451,2025-11-28,TRANSFER,4154000.0
T00005213,A0000717,2026-05-29,DEPOSIT,4472000.0
T00005214,A0001605,2025-02-04,TRANSFER,67000.0
T00005215,A0000225,2025-06-20,TRANSFER,2358000.0
T00005216,A0001418,2025-02-09,DEPOSIT,4725000.0
T00005217,A0000337,2025-06-18,DEPOSIT,4811000.0
T00005218,A0001281,2026-05-07,WITHDRAWAL,2258000.0
T00005219,A0001042,2026-01-04,DEPOSIT,4070000.0
T00005220,A0000244,2026-08-17,TRANSFER,2959000.0
T00005221,A0001112,2025-09-12,WITHDRAWAL,3043000.0
T00005222,A0000089,2025-05-20,WITHDRAWAL,1712000.0
T00005223,A0001478,2026-03-06,DEPOSIT,3841000.0
T00005224,A0000543,2025-07-22,WITHDRAWAL,3454000.0
T00005225,A0001001,2025-02-27,TRANSFER,3589000.0
T00005226,A0000212,2025-09-22,DEPOSIT,1347000.0
T00005227,A0000727,2025-04-01,DEPOSIT,4774000.0
T00005228,A0001248,2025-08-28,DEPOSIT,1118000.0
T00005229,A0001364,2026-06-10,DEPOSIT,4797000.0
T00005230,A0000489,2025-09-30,TRANSFER,566000.0
T00005231,A0001276,2025-11-15,WITHDRAWAL,4966000.0
T00005232,A0001572,2025-12-31,TRANSFER,1184000.0
T00005233,A0001187,2026-06-29,WITHDRAWAL,2841000.0
T00005234,A0001092,2026-08-15,WITHDRAWAL,1668000.0
T00005235,A0000940,2025-06-18,DEPOSIT,2422000.0
T00005236,A0000344,2025-05-23,WITHDRAWAL,1237000.0
T00005237,A0000308,2025-03-16,DEPOSIT,4778000.0
T00005238,A0000457,2025-08-18,WITHDRAWAL,4725000.0
T00005239,A0001685,2025-03-03,WITHDRAWAL,2064000.0
T00005240,A0001193,2025-02-24,DEPOSIT,4586000.0
T00005241,A0000709,2025-05-02,TRANSFER,1235000.0
T00005242,A0000961,2025-03-12,TRANSFER,2235000.0
T00005243,A0000851,2025-11-03,TRANSFER,175000.0
T00005244,A0000123,2025-09-25,TRANSFER,636000.0
T00005245,A0001418,2025-10-27,WITHDRAWAL,3635000.0
T00005246,A0000803,2025-02-25,TRANSFER,1657000.0
T00005247,A0000839,2025-01-16,WITHDRAWAL,4404000.0
T00005248,A0000251,2025-10-05,WITHDRAWAL,3077000.0
T00005249,A0000053,2025-11-02,TRANSFER,3516000.0
T00005250,A0001048,2025-12-08,WITHDRAWAL,2386000.0
T00005251,A0001055,2026-01-13,WITHDRAWAL,2959000.0
T00005252,A0000047,2025-08-09,TRANSFER,1259000.0
T00005253,A0001066,2025-03-27,WITHDRAWAL,987000.0
T00005254,A0000594,2025-07-18,DEPOSIT,2314000.0
T00005255,A0001604,2025-05-19,TRANSFER,4813000.0
T00005256,A0000150,2025-02-28,WITHDRAWAL,1513000.0
T00005257,A0000290,2025-08-20,WITHDRAWAL,2785000.0
T00005258,A0000640,2025-12-30,WITHDRAWAL,562000.0
T00005259,A0000861,2026-05-14,WITHDRAWAL,1930000.0
T00005260,A0000145,2026-01-26,WITHDRAWAL,1956000.0
T00005261,A0001434,2025-07-04,DEPOSIT,3447000.0
T00005262,A0000772,2025-09-13,TRANSFER,676000.0
T00005263,A0000638,2025-07-01,TRANSFER,1512000.0
T00005264,A0000676,2025-12-04,TRANSFER,4257000.0
T00005265,A0000423,2025-11-23,DEPOSIT,3209000.0
T00005266,A0001730,2025-09-01,DEPOSIT,3229000.0
T00005267,A0001670,2026-08-10,TRANSFER,4231000.0
T00005268,A0001759,2026-06-30,DEPOSIT,3845000.0
T00005269,A0000150,2026-07-31,TRANSFER,1740000.0
T00005270,A0000869,2025-09-20,TRANSFER,4261000.0
T00005271,A0000611,2025-05-03,DEPOSIT,236000.0
T00005272,A0001473,2026-06-25,TRANSFER,1270000.0
T00005273,A0001140,2025-05-02,WITHDRAWAL,922000.0
T00005274,A0001767,2025-02-17,DEPOSIT,2618000.0
T00005275,A0001235,2025-01-09,TRANSFER,3148000.0
T00005276,A0000249,2025-09-01,DEPOSIT,4884000.0
T00005277,A0001638,2025-04-16,TRANSFER,2389000.0
T00005278,A0000870,2025-05-17,DEPOSIT,3340000.0
T00005279,A0001390,2026-07-25,WITHDRAWAL,289000.0
T00005280,A0001737,2025-12-10,TRANSFER,2218000.0
T00005281,A0000647,2026-03-31,DEPOSIT,3212000.0
T00005282,A0001285,2025-12-09,DEPOSIT,3361000.0
T00005283,A0001403,2025-11-06,DEPOSIT,3106000.0
T00005284,A0001700,2025-10-15,TRANSFER,4628000.0
T00005285,A0001639,2026-03-31,TRANSFER,60000.0
T00005286,A0000693,2026-01-12,WITHDRAWAL,2457000.0
T00005287,A0000246,2025-08-15,TRANSFER,3912000.0
T00005288,A0000275,2025-08-12,TRANSFER,1968000.0
T00005289,A0001336,2026-05-05,WITHDRAWAL,1531000.0
T00005290,A0001326,2026-05-09,WITHDRAWAL,4194000.0
T00005291,A0000795,2025-03-10,TRANSFER,2917000.0
T00005292,A0000722,2026-03-10,TRANSFER,4258000.0
T00005293,A0001646,2025-07-27,WITHDRAWAL,3086000.0
T00005294,A0001711,2026-03-30,TRANSFER,4458000.0
T00005295,A0000538,2025-03-30,TRANSFER,2729000.0
T00005296,A0000170,2025-10-16,WITHDRAWAL,158000.0
T00005297,A0001049,2026-06-05,TRANSFER,1955000.0
T00005298,A0001764,2026-07-18,DEPOSIT,3723000.0
T00005299,A0001421,2026-04-20,TRANSFER,4853000.0
T00005300,A0001675,2025-01-15,TRANSFER,1489000.0
T00005301,A0001075,2026-02-28,WITHDRAWAL,3216000.0
T00005302,A0000569,2026-01-27,DEPOSIT,2872000.0
T00005303,A0000322,2025-06-06,TRANSFER,413000.0
T00005304,A0000817,2025-10-20,TRANSFER,4351000.0
T00005305,A0000096,2026-08-11,DEPOSIT,4933000.0
T00005306,A0001159,2025-04-11,TRANSFER,2761000.0
T00005307,A0001246,2025-12-30,WITHDRAWAL,4417000.0
T00005308,A0001371,2026-06-21,TRANSFER,670000.0
T00005309,A0000815,2026-03-07,WITHDRAWAL,26000.0
T00005310,A0001075,2025-11-25,WITHDRAWAL,3469000.0
T00005311,A0001191,2025-03-05,DEPOSIT,3851000.0
T00005312,A0000225,2026-08-02,TRANSFER,227000.0
T00005313,A0001162,2025-09-23,DEPOSIT,1687000.0
T00005314,A0001662,2025-02-17,TRANSFER,3720000.0
T00005315,A0001530,2026-02-05,DEPOSIT,3039000.0
T00005316,A0001776,2026-02-02,TRANSFER,779000.0
T00005317,A0000310,2025-01-25,DEPOSIT,391000.0
T00005318,A0000950,2026-04-28,DEPOSIT,691000.0
T00005319,A0000211,2025-07-27,TRANSFER,3533000.0
T00005320,A0000815,2026-07-27,TRANSFER,2844000.0
T00005321,A0000009,2025-10-29,TRANSFER,4345000.0
T00005322,A0001588,2026-06-27,DEPOSIT,4848000.0
T00005323,A0000609,2025-04-10,DEPOSIT,3630000.0
T00005324,A0000566,2025-01-02,TRANSFER,2425000.0
T00005325,A0001440,2025-08-09,DEPOSIT,4258000.0
T00005326,A0001126,2025-07-28,WITHDRAWAL,4874000.0
T00005327,A0000497,2026-08-11,DEPOSIT,3624000.0
T00005328,A0000365,2026-06-17,WITHDRAWAL,1479000.0
T00005329,A0001325,2025-01-13,DEPOSIT,1988000.0
T00005330,A0001699,2025-12-07,TRANSFER,2927000.0
T00005331,A0000957,2026-03-08,TRANSFER,1544000.0
T00005332,A0001534,2026-01-11,TRANSFER,1576000.0
T00005333,A0001396,2026-07-26,TRANSFER,4076000.0
T00005334,A0000363,2025-04-25,TRANSFER,179000.0
T00005335,A0001373,2025-06-28,TRANSFER,4982000.0
T00005336,A0001186,2025-08-20,TRANSFER,3759000.0
T00005337,A0001704,2025-09-01,TRANSFER,3043000.0
T00005338,A0001392,2026-03-20,WITHDRAWAL,418000.0
T00005339,A0000914,2026-01-28,DEPOSIT,609000.0
T00005340,A0000392,2026-03-02,WITHDRAWAL,178000.0
T00005341,A0001265,2026-01-21,WITHDRAWAL,1450000.0
T00005342,A0001555,2025-12-07,WITHDRAWAL,1699000.0
T00005343,A0001482,2025-05-07,WITHDRAWAL,1581000.0
T00005344,A0001434,2025-08-26,WITHDRAWAL,446000.0
T00005345,A0000711,2026-03-18,TRANSFER,2054000.0
T00005346,A0000514,2025-06-15,TRANSFER,4710000.0
T00005347,A0001390,2025-04-20,TRANSFER,796000.0
T00005348,A0001716,2025-04-13,DEPOSIT,1072000.0
T00005349,A0000189,2025-12-06,WITHDRAWAL,2870000.0
T00005350,A0000256,2025-02-02,DEPOSIT,1716000.0
T00005351,A0000033,2026-03-07,WITHDRAWAL,3539000.0
T00005352,A0001051,2025-11-23,DEPOSIT,4801000.0
T00005353,A0000075,2026-04-08,TRANSFER,878000.0
T00005354,A0001671,2025-01-22,DEPOSIT,1147000.0
T00005355,A0001301,2025-04-08,TRANSFER,4342000.0
T00005356,A0000426,2025-05-14,DEPOSIT,1231000.0
T00005357,A0000439,2026-01-24,TRANSFER,4080000.0
T00005358,A0000118,2025-08-31,TRANSFER,3125000.0
T00005359,A0000947,2026-06-28,DEPOSIT,4344000.0
T00005360,A0000263,2025-10-08,DEPOSIT,1467000.0
T00005361,A0000080,2025-01-18,WITHDRAWAL,2632000.0
T00005362,A0001244,2025-10-28,TRANSFER,3148000.0
T00005363,A0000943,2025-01-19,TRANSFER,2734000.0
T00005364,A0001325,2025-08-28,DEPOSIT,4169000.0
T00005365,A0000518,2025-09-13,TRANSFER,3324000.0
T00005366,A0001765,2026-02-12,WITHDRAWAL,615000.0
T00005367,A0001196,2026-08-21,DEPOSIT,4760000.0
T00005368,A0000257,2025-09-04,TRANSFER,4388000.0
T00005369,A0000681,2026-07-01,TRANSFER,1216000.0
T00005370,A0000514,2026-08-24,WITHDRAWAL,4195000.0
T00005371,A0000600,2025-08-20,WITHDRAWAL,374000.0
T00005372,A0000274,2025-06-18,WITHDRAWAL,3086000.0
T00005373,A0000718,2025-02-27,WITHDRAWAL,955000.0
T00005374,A0001173,2026-04-16,DEPOSIT,4911000.0
T00005375,A0000772,2025-04-13,WITHDRAWAL,2902000.0
T00005376,A0001037,2026-08-31,TRANSFER,3910000.0
T00005377,A0001625,2025-02-18,DEPOSIT,878000.0
T00005378,A0000368,2025-08-31,WITHDRAWAL,2585000.0
T00005379,A0000225,2025-10-07,DEPOSIT,3547000.0
T00005380,A0000380,2026-06-08,WITHDRAWAL,2392000.0
T00005381,A0000485,2026-01-25,WITHDRAWAL,3722000.0
T00005382,A0001046,2025-09-05,DEPOSIT,519000.0
T00005383,A0001689,2026-07-07,TRANSFER,3089000.0
T00005384,A0001372,2025-05-05,WITHDRAWAL,3698000.0
T00005385,A0001241,2025-08-31,DEPOSIT,848000.0
T00005386,A0000400,2025-07-03,WITHDRAWAL,57000.0
T00005387,A0000239,2025-04-16,TRANSFER,4345000.0
T00005388,A0000553,2026-06-10,WITHDRAWAL,3787000.0
T00005389,A0000636,2025-02-02,TRANSFER,1160000.0
T00005390,A0000910,2025-07-07,DEPOSIT,3028000.0
T00005391,A0000602,2025-12-26,WITHDRAWAL,2841000.0
T00005392,A0000129,2026-01-22,TRANSFER,1377000.0
T00005393,A0001149,2025-11-06,DEPOSIT,187000.0
T00005394,A0000806,2026-02-15,TRANSFER,798000.0
T00005395,A0000594,2026-08-16,WITHDRAWAL,2527000.0
T00005396,A0001075,2026-05-29,TRANSFER,106000.0
T00005397,A0001745,2026-02-06,WITHDRAWAL,183000.0
T00005398,A0001269,2025-12-18,TRANSFER,1145000.0
T00005399,A0000603,2025-01-17,WITHDRAWAL,327000.0
T00005400,A0000191,2025-07-10,WITHDRAWAL,1955000.0
T00005401,A0001736,2025-01-14,WITHDRAWAL,2082000.0
T00005402,A0001348,2026-02-10,WITHDRAWAL,1939000.0
T00005403,A0000769,2025-01-05,DEPOSIT,2286000.0
T00005404,A0000879,2026-05-30,TRANSFER,4400000.0
T00005405,A0000286,2026-03-16,WITHDRAWAL,2023000.0
T00005406,A0001358,2025-11-09,WITHDRAWAL,2292000.0
T00005407,A0001349,2025-12-07,DEPOSIT,3170000.0
T00005408,A0001287,2026-08-01,TRANSFER,3152000.0
T00005409,A0001713,2025-02-09,DEPOSIT,4280000.0
T00005410,A0001787,2026-02-10,DEPOSIT,3371000.0
T00005411,A0000813,2025-10-28,TRANSFER,4793000.0
T00005412,A0000759,2025-06-26,DEPOSIT,270000.0
T00005413,A0001378,2026-08-14,TRANSFER,2966000.0
T00005414,A0001176,2025-06-26,DEPOSIT,4947000.0
T00005415,A0000366,2025-05-26,WITHDRAWAL,4799000.0
T00005416,A0001552,2026-08-29,TRANSFER,1498000.0
T00005417,A0000536,2026-01-16,TRANSFER,4602000.0
T00005418,A0000783,2026-08-03,DEPOSIT,3396000.0
T00005419,A0001247,2026-01-03,TRANSFER,3316000.0
T00005420,A0001420,2025-07-13,WITHDRAWAL,2696000.0
T00005421,A0000370,2025-05-26,DEPOSIT,4548000.0
T00005422,A0000450,2026-06-28,WITHDRAWAL,211000.0
T00005423,A0001652,2026-01-06,WITHDRAWAL,3513000.0
T00005424,A0000290,2025-03-13,WITHDRAWAL,1153000.0
T00005425,A0000582,2025-06-07,DEPOSIT,2545000.0
T00005426,A0000608,2026-07-21,TRANSFER,3566000.0
T00005427,A0000582,2026-06-12,DEPOSIT,1499000.0
T00005428,A0001582,2025-09-23,TRANSFER,742000.0
T00005429,A0001644,2025-12-03,WITHDRAWAL,1869000.0
T00005430,A0000372,2026-05-31,WITHDRAWAL,3671000.0
T00005431,A0001270,2025-08-30,DEPOSIT,3922000.0
T00005432,A0000918,2025-07-24,DEPOSIT,2888000.0
T00005433,A0000004,2026-06-08,DEPOSIT,4305000.0
T00005434,A0000566,2025-01-04,WITHDRAWAL,4947000.0
T00005435,A0000021,2025-06-17,TRANSFER,1406000.0
T00005436,A0000025,2026-07-04,TRANSFER,3692000.0
T00005437,A0000678,2026-07-29,TRANSFER,848000.0
T00005438,A0001140,2025-11-29,TRANSFER,3059000.0
T00005439,A0000030,2025-02-28,DEPOSIT,1690000.0
T00005440,A0001051,2025-12-05,DEPOSIT,1149000.0
T00005441,A0000805,2026-06-27,WITHDRAWAL,4834000.0
T00005442,A0001268,2025-03-08,TRANSFER,975000.0
T00005443,A0000794,2025-07-13,DEPOSIT,4374000.0
T00005444,A0001146,2026-02-28,WITHDRAWAL,1111000.0
T00005445,A0001231,2026-04-19,WITHDRAWAL,1855000.0
T00005446,A0000368,2026-08-24,WITHDRAWAL,3672000.0
T00005447,A0001317,2026-07-15,WITHDRAWAL,2128000.0
T00005448,A0000165,2025-08-30,TRANSFER,2186000.0
T00005449,A0000913,2025-08-17,TRANSFER,264000.0
T00005450,A0000222,2026-04-09,DEPOSIT,3058000.0
T00005451,A0000311,2025-07-07,TRANSFER,2152000.0
T00005452,A0000169,2025-02-08,TRANSFER,3892000.0
T00005453,A0001051,2025-06-23,DEPOSIT,282000.0
T00005454,A0000887,2025-11-08,DEPOSIT,4613000.0
T00005455,A0000562,2025-11-30,DEPOSIT,4012000.0
T00005456,A0000575,2026-07-19,DEPOSIT,682000.0
T00005457,A0000375,2025-09-12,TRANSFER,386000.0
T00005458,A0001005,2026-06-22,TRANSFER,4237000.0
T00005459,A0001341,2025-12-29,DEPOSIT,834000.0
T00005460,A0001034,2025-11-14,WITHDRAWAL,1211000.0
T00005461,A0000116,2025-04-12,WITHDRAWAL,1666000.0
T00005462,A0000042,2025-12-29,TRANSFER,3561000.0
T00005463,A0001418,2026-04-07,DEPOSIT,2118000.0
T00005464,A0000435,2025-02-20,TRANSFER,1796000.0
T00005465,A0000735,2025-05-31,WITHDRAWAL,3423000.0
T00005466,A0001609,2025-09-21,TRANSFER,2695000.0
T00005467,A0001556,2026-08-28,WITHDRAWAL,4389000.0
T00005468,A0000742,2026-05-25,WITHDRAWAL,4680000.0
T00005469,A0001176,2025-07-27,TRANSFER,340000.0
T00005470,A0000344,2026-06-16,DEPOSIT,4735000.0
T00005471,A0000610,2026-04-01,WITHDRAWAL,3004000.0
T00005472,A0000327,2025-10-25,DEPOSIT,1513000.0
T00005473,A0001085,2026-03-14,DEPOSIT,2465000.0
T00005474,A0001160,2025-06-10,WITHDRAWAL,1704000.0
T00005475,A0001621,2026-06-14,DEPOSIT,156000.0
T00005476,A0001654,2026-05-11,TRANSFER,1744000.0
T00005477,A0001343,2026-02-27,TRANSFER,3347000.0
T00005478,A0001086,2026-07-13,TRANSFER,2990000.0
T00005479,A0001700,2026-04-13,DEPOSIT,563000.0
T00005480,A0001467,2025-03-02,TRANSFER,3077000.0
T00005481,A0001185,2025-06-20,DEPOSIT,1939000.0
T00005482,A0001662,2025-12-08,WITHDRAWAL,2313000.0
T00005483,A0001475,2025-04-14,TRANSFER,4776000.0
T00005484,A0000682,2026-01-18,TRANSFER,4475000.0
T00005485,A0001504,2026-06-08,TRANSFER,3029000.0
T00005486,A0001519,2025-04-27,WITHDRAWAL,1197000.0
T00005487,A0000179,2026-03-31,TRANSFER,640000.0
T00005488,A0000195,2026-04-06,DEPOSIT,2263000.0
T00005489,A0000972,2026-04-05,TRANSFER,1393000.0
T00005490,A0000875,2026-03-14,WITHDRAWAL,2527000.0
T00005491,A0001709,2025-04-06,DEPOSIT,3961000.0
T00005492,A0000586,2025-02-26,WITHDRAWAL,98000.0
T00005493,A0000087,2026-06-10,DEPOSIT,1656000.0
T00005494,A0001111,2025-09-07,WITHDRAWAL,3727000.0
T00005495,A0001065,2026-05-29,DEPOSIT,4354000.0
T00005496,A0001002,2025-05-22,TRANSFER,585000.0
T00005497,A0001737,2025-03-30,WITHDRAWAL,5000000.0
T00005498,A0000560,2025-09-26,DEPOSIT,733000.0
T00005499,A0001121,2026-06-17,TRANSFER,3221000.0
T00005500,A0000495,2026-06-26,WITHDRAWAL,740000.0
T00005501,A0000086,2025-03-02,DEPOSIT,4908000.0
T00005502,A0001774,2026-05-20,WITHDRAWAL,4589000.0
T00005503,A0000463,2026-02-03,DEPOSIT,3154000.0
T00005504,A0000435,2026-01-18,WITHDRAWAL,2529000.0
T00005505,A0000360,2026-08-22,TRANSFER,2299000.0
T00005506,A0001738,2025-09-16,DEPOSIT,2942000.0
T00005507,A0000398,2025-10-27,DEPOSIT,967000.0
T00005508,A0001530,2025-12-05,DEPOSIT,1666000.0
T00005509,A0001396,2026-07-30,DEPOSIT,2561000.0
T00005510,A0001699,2025-12-02,WITHDRAWAL,3517000.0
T00005511,A0000680,2025-04-28,TRANSFER,2493000.0
T00005512,A0000879,2025-03-30,WITHDRAWAL,4641000.0
T00005513,A0000726,2025-04-15,WITHDRAWAL,3782000.0
T00005514,A0000509,2026-01-05,TRANSFER,854000.0
T00005515,A0000160,2025-12-29,WITHDRAWAL,4215000.0
T00005516,A0000555,2025-02-20,TRANSFER,869000.0
T00005517,A0000439,2026-01-26,TRANSFER,4475000.0
T00005518,A0000545,2026-02-20,DEPOSIT,1936000.0
T00005519,A0000610,2025-07-17,TRANSFER,644000.0
T00005520,A0000051,2025-03-09,TRANSFER,2212000.0
T00005521,A0001577,2026-08-24,DEPOSIT,2209000.0
T00005522,A0001038,2025-03-20,DEPOSIT,4904000.0
T00005523,A0001634,2025-09-12,DEPOSIT,2859000.0
T00005524,A0001545,2026-08-06,DEPOSIT,4486000.0
T00005525,A0001141,2025-02-01,DEPOSIT,2496000.0
T00005526,A0001749,2026-01-31,TRANSFER,3309000.0
T00005527,A0001513,2025-12-19,WITHDRAWAL,2307000.0
T00005528,A0001622,2025-01-08,DEPOSIT,3887000.0
T00005529,A0001328,2025-12-04,WITHDRAWAL,4213000.0
T00005530,A0001559,2026-05-12,DEPOSIT,2268000.0
T00005531,A0001177,2026-07-03,WITHDRAWAL,4081000.0
T00005532,A0000753,2025-08-18,TRANSFER,4426000.0
T00005533,A0001013,2025-01-11,TRANSFER,2705000.0
T00005534,A0000426,2026-08-02,WITHDRAWAL,1385000.0
T00005535,A0001621,2025-01-10,WITHDRAWAL,4812000.0
T00005536,A0001009,2026-01-16,DEPOSIT,1360000.0
T00005537,A0001615,2025-09-19,TRANSFER,830000.0
T00005538,A0001549,2025-05-19,DEPOSIT,1191000.0
T00005539,A0000280,2025-12-12,WITHDRAWAL,2134000.0
T00005540,A0001134,2025-05-21,DEPOSIT,3095000.0
T00005541,A0001172,2026-01-31,DEPOSIT,1984000.0
T00005542,A0001664,2025-07-31,DEPOSIT,2971000.0
T00005543,A0001546,2026-07-30,WITHDRAWAL,3654000.0
T00005544,A0000783,2025-07-11,DEPOSIT,45000.0
T00005545,A0001459,2025-10-13,DEPOSIT,32000.0
T00005546,A0001408,2026-01-29,TRANSFER,4813000.0
T00005547,A0001643,2025-11-13,TRANSFER,120000.0
T00005548,A0000230,2025-06-03,DEPOSIT,2445000.0
T00005549,A0000771,2025-12-31,WITHDRAWAL,2891000.0
T00005550,A0001559,2026-02-07,TRANSFER,1789000.0
T00005551,A0000387,2025-08-26,WITHDRAWAL,4017000.0
T00005552,A0000934,2025-11-05,TRANSFER,4330000.0
T00005553,A0001529,2026-08-12,WITHDRAWAL,2701000.0
T00005554,A0000050,2025-09-23,DEPOSIT,2380000.0
T00005555,A0000368,2025-08-13,DEPOSIT,3726000.0
T00005556,A0000495,2026-06-15,DEPOSIT,4963000.0
T00005557,A0000182,2026-02-12,TRANSFER,2737000.0
T00005558,A0000990,2026-04-30,TRANSFER,755000.0
T00005559,A0000768,2025-09-25,DEPOSIT,2501000.0
T00005560,A0000927,2025-03-13,WITHDRAWAL,2551000.0
T00005561,A0000203,2026-01-12,TRANSFER,2698000.0
T00005562,A0000553,2025-04-02,WITHDRAWAL,921000.0
T00005563,A0000826,2026-02-25,DEPOSIT,4722000.0
T00005564,A0000754,2026-01-07,WITHDRAWAL,4563000.0
T00005565,A0000461,2025-03-21,TRANSFER,3984000.0
T00005566,A0001141,2026-03-28,DEPOSIT,1854000.0
T00005567,A0001034,2026-07-05,TRANSFER,2026000.0
T00005568,A0000098,2025-06-19,WITHDRAWAL,3015000.0
T00005569,A0000570,2026-02-21,DEPOSIT,214000.0
T00005570,A0000732,2025-11-02,DEPOSIT,1419000.0
T00005571,A0000505,2025-07-13,TRANSFER,4899000.0
T00005572,A0001722,2025-08-26,TRANSFER,1266000.0
T00005573,A0000191,2025-02-15,TRANSFER,4865000.0
T00005574,A0000782,2025-09-03,WITHDRAWAL,2426000.0
T00005575,A0001549,2025-08-23,WITHDRAWAL,2194000.0
T00005576,A0001477,2025-11-13,TRANSFER,1349000.0
T00005577,A0000856,2025-09-18,DEPOSIT,3895000.0
T00005578,A0001250,2025-01-01,DEPOSIT,1392000.0
T00005579,A0000301,2025-06-24,WITHDRAWAL,1341000.0
T00005580,A0000398,2025-09-30,TRANSFER,3221000.0
T00005581,A0001372,2025-02-27,DEPOSIT,1844000.0
T00005582,A0000449,2025-06-15,WITHDRAWAL,1796000.0
T00005583,A0000109,2026-04-12,WITHDRAWAL,4872000.0
T00005584,A0000869,2025-08-01,DEPOSIT,2414000.0
T00005585,A0000914,2025-03-03,TRANSFER,707000.0
T00005586,A0000065,2026-07-29,WITHDRAWAL,4221000.0
T00005587,A0001778,2025-05-30,WITHDRAWAL,1504000.0
T00005588,A0000011,2026-01-20,WITHDRAWAL,1290000.0
T00005589,A0000940,2025-10-06,TRANSFER,1901000.0
T00005590,A0000593,2026-01-09,WITHDRAWAL,4599000.0
T00005591,A0001694,2026-05-30,DEPOSIT,4682000.0
T00005592,A0000923,2026-03-13,DEPOSIT,3496000.0
T00005593,A0000256,2025-02-08,TRANSFER,3042000.0
T00005594,A0000931,2026-07-12,WITHDRAWAL,1692000.0
T00005595,A0000798,2026-06-06,DEPOSIT,3437000.0
T00005596,A0000017,2025-09-20,WITHDRAWAL,2448000.0
T00005597,A0000685,2026-05-16,TRANSFER,4420000.0
T00005598,A0001523,2025-01-12,TRANSFER,1434000.0
T00005599,A0001112,2025-12-14,DEPOSIT,2090000.0
T00005600,A0001114,2025-01-06,WITHDRAWAL,3984000.0
T00005601,A0000856,2026-04-26,TRANSFER,358000.0
T00005602,A0000343,2026-05-07,WITHDRAWAL,3402000.0
T00005603,A0001646,2026-08-07,WITHDRAWAL,4737000.0
T00005604,A0001285,2025-05-31,DEPOSIT,1648000.0
T00005605,A0000056,2026-04-25,WITHDRAWAL,4135000.0
T00005606,A0001106,2025-09-23,WITHDRAWAL,1637000.0
T00005607,A0000356,2025-02-04,DEPOSIT,101000.0
T00005608,A0001766,2026-04-14,WITHDRAWAL,4197000.0
T00005609,A0001371,2025-09-18,DEPOSIT,1092000.0
T00005610,A0000166,2025-07-14,DEPOSIT,1778000.0
T00005611,A0000553,2025-12-13,TRANSFER,2991000.0
T00005612,A0000965,2025-05-13,DEPOSIT,4811000.0
T00005613,A0001567,2025-10-01,WITHDRAWAL,1690000.0
T00005614,A0001258,2025-02-15,TRANSFER,1366000.0
T00005615,A0001456,2026-04-17,DEPOSIT,2635000.0
T00005616,A0000279,2025-04-22,WITHDRAWAL,3104000.0
T00005617,A0000384,2026-04-10,WITHDRAWAL,3627000.0
T00005618,A0001610,2025-01-16,TRANSFER,4631000.0
T00005619,A0001211,2026-04-03,TRANSFER,4021000.0
T00005620,A0001413,2026-07-18,DEPOSIT,4754000.0
T00005621,A0000538,2026-02-11,DEPOSIT,2374000.0
T00005622,A0000200,2025-05-24,TRANSFER,31000.0
T00005623,A0001474,2025-07-22,TRANSFER,3786000.0
T00005624,A0001334,2025-08-21,WITHDRAWAL,2237000.0
T00005625,A0001580,2025-06-11,WITHDRAWAL,981000.0
T00005626,A0000394,2025-10-23,TRANSFER,1119000.0
T00005627,A0000794,2026-02-06,WITHDRAWAL,2562000.0
T00005628,A0000933,2026-01-29,WITHDRAWAL,3078000.0
T00005629,A0000664,2026-02-03,WITHDRAWAL,3620000.0
T00005630,A0001321,2026-06-17,WITHDRAWAL,3310000.0
T00005631,A0001261,2026-03-17,TRANSFER,464000.0
T00005632,A0000517,2025-08-23,WITHDRAWAL,357000.0
T00005633,A0000068,2026-06-25,DEPOSIT,1747000.0
T00005634,A0001494,2026-06-14,TRANSFER,4633000.0
T00005635,A0001305,2026-03-11,WITHDRAWAL,2812000.0
T00005636,A0000209,2026-05-15,WITHDRAWAL,1071000.0
T00005637,A0000194,2025-11-14,TRANSFER,4112000.0
T00005638,A0001416,2026-04-30,WITHDRAWAL,2019000.0
T00005639,A0001218,2025-12-14,TRANSFER,2894000.0
T00005640,A0000720,2026-01-18,WITHDRAWAL,4648000.0
T00005641,A0001689,2026-05-20,TRANSFER,3268000.0
T00005642,A0000326,2025-11-04,WITHDRAWAL,463000.0
T00005643,A0000428,2025-10-14,DEPOSIT,827000.0
T00005644,A0000523,2025-01-01,WITHDRAWAL,942000.0
T00005645,A0001377,2025-02-26,DEPOSIT,2164000.0
T00005646,A0000695,2026-08-08,TRANSFER,2105000.0
T00005647,A0000753,2025-07-28,TRANSFER,2636000.0
T00005648,A0001122,2025-10-23,DEPOSIT,4700000.0
T00005649,A0000372,2026-02-28,WITHDRAWAL,2093000.0
T00005650,A0001150,2025-01-04,TRANSFER,3484000.0
T00005651,A0001392,2026-02-04,TRANSFER,627000.0
T00005652,A0000548,2025-07-22,DEPOSIT,4710000.0
T00005653,A0000542,2025-11-13,DEPOSIT,4716000.0
T00005654,A0000491,2025-03-14,WITHDRAWAL,4098000.0
T00005655,A0000143,2025-01-27,TRANSFER,3251000.0
T00005656,A0001617,2025-11-03,TRANSFER,2139000.0
T00005657,A0001217,2025-04-05,WITHDRAWAL,2671000.0
T00005658,A0001710,2026-06-30,DEPOSIT,2770000.0
T00005659,A0001673,2026-05-19,WITHDRAWAL,242000.0
T00005660,A0001111,2025-05-26,DEPOSIT,4584000.0
T00005661,A0000466,2026-06-26,DEPOSIT,4642000.0
T00005662,A0001681,2025-09-02,TRANSFER,160000.0
T00005663,A0000414,2026-07-14,WITHDRAWAL,1245000.0
T00005664,A0000311,2025-05-18,TRANSFER,607000.0
T00005665,A0001538,2026-03-12,WITHDRAWAL,2093000.0
T00005666,A0001651,2025-01-07,WITHDRAWAL,3400000.0
T00005667,A0000052,2025-07-20,DEPOSIT,1986000.0
T00005668,A0001680,2025-05-10,WITHDRAWAL,315000.0
T00005669,A0000441,2026-06-18,DEPOSIT,3183000.0
T00005670,A0000387,2025-12-03,DEPOSIT,2717000.0
T00005671,A0001318,2025-06-03,WITHDRAWAL,3834000.0
T00005672,A0000205,2025-10-12,TRANSFER,4372000.0
T00005673,A0000595,2026-05-05,TRANSFER,2626000.0
T00005674,A0001603,2026-03-14,WITHDRAWAL,536000.0
T00005675,A0001716,2025-11-25,WITHDRAWAL,2453000.0
T00005676,A0000311,2025-10-04,WITHDRAWAL,417000.0
T00005677,A0000129,2025-03-14,TRANSFER,4986000.0
T00005678,A0000132,2025-09-14,DEPOSIT,3508000.0
T00005679,A0000170,2025-02-19,TRANSFER,505000.0
T00005680,A0001187,2026-08-03,WITHDRAWAL,770000.0
T00005681,A0001356,2025-03-17,WITHDRAWAL,3890000.0
T00005682,A0000310,2026-03-11,DEPOSIT,4952000.0
T00005683,A0000031,2025-09-05,DEPOSIT,178000.0
T00005684,A0000877,2025-05-04,TRANSFER,4742000.0
T00005685,A0001297,2025-08-22,DEPOSIT,294000.0
T00005686,A0000847,2026-04-27,TRANSFER,258000.0
T00005687,A0001396,2025-04-02,DEPOSIT,109000.0
T00005688,A0001055,2025-01-04,TRANSFER,3100000.0
T00005689,A0000373,2025-07-03,WITHDRAWAL,3230000.0
T00005690,A0001798,2025-02-19,TRANSFER,3541000.0
T00005691,A0000899,2026-04-21,DEPOSIT,51000.0
T00005692,A0001219,2025-09-16,WITHDRAWAL,1372000.0
T00005693,A0000589,2025-02-03,TRANSFER,3146000.0
T00005694,A0000609,2026-05-25,WITHDRAWAL,2519000.0
T00005695,A0000369,2026-06-22,DEPOSIT,3706000.0
T00005696,A0001161,2025-11-10,DEPOSIT,1299000.0
T00005697,A0001206,2025-05-13,DEPOSIT,3270000.0
T00005698,A0001754,2026-03-05,WITHDRAWAL,2339000.0
T00005699,A0000501,2026-07-27,WITHDRAWAL,858000.0
T00005700,A0000937,2025-02-13,TRANSFER,1867000.0
T00005701,A0001059,2025-02-18,DEPOSIT,2905000.0
T00005702,A0000404,2025-06-10,WITHDRAWAL,2010000.0
T00005703,A0001156,2026-03-04,DEPOSIT,3379000.0
T00005704,A0000992,2026-06-29,TRANSFER,891000.0
T00005705,A0001492,2025-09-08,WITHDRAWAL,3381000.0
T00005706,A0001236,2025-01-15,TRANSFER,3488000.0
T00005707,A0001356,2025-05-06,TRANSFER,1157000.0
T00005708,A0001170,2025-11-24,TRANSFER,3139000.0
T00005709,A0001177,2025-01-30,TRANSFER,1248000.0
T00005710,A0001736,2026-08-23,TRANSFER,4375000.0
T00005711,A0001498,2025-03-13,TRANSFER,742000.0
T00005712,A0001677,2026-06-08,TRANSFER,4106000.0
T00005713,A0001330,2026-07-24,WITHDRAWAL,971000.0
T00005714,A0000083,2025-12-20,WITHDRAWAL,2136000.0
T00005715,A0001191,2025-06-13,TRANSFER,3030000.0
T00005716,A0000846,2025-11-12,TRANSFER,2067000.0
T00005717,A0001705,2026-06-13,DEPOSIT,3665000.0
T00005718,A0001382,2026-04-05,DEPOSIT,1565000.0
T00005719,A0001219,2025-09-25,TRANSFER,3993000.0
T00005720,A0000528,2025-08-27,TRANSFER,3659000.0
T00005721,A0001101,2025-12-11,WITHDRAWAL,2024000.0
T00005722,A0000520,2025-04-16,TRANSFER,1259000.0
T00005723,A0001058,2025-10-11,WITHDRAWAL,2283000.0
T00005724,A0000164,2026-08-16,WITHDRAWAL,2694000.0
T00005725,A0001730,2025-04-03,WITHDRAWAL,2122000.0
T00005726,A0000381,2026-03-20,DEPOSIT,3878000.0
T00005727,A0000069,2025-11-13,TRANSFER,629000.0
T00005728,A0001509,2025-04-27,TRANSFER,2736000.0
T00005729,A0001159,2025-10-29,WITHDRAWAL,1436000.0
T00005730,A0000958,2025-09-21,WITHDRAWAL,1433000.0
T00005731,A0000201,2025-10-06,DEPOSIT,2316000.0
T00005732,A0000332,2026-03-09,DEPOSIT,2344000.0
T00005733,A0001241,2025-12-26,TRANSFER,2512000.0
T00005734,A0001270,2026-08-03,DEPOSIT,1260000.0
T00005735,A0001483,2026-05-12,DEPOSIT,2374000.0
T00005736,A0001407,2026-04-29,DEPOSIT,3594000.0
T00005737,A0001587,2026-04-03,WITHDRAWAL,4954000.0
T00005738,A0000724,2025-03-04,DEPOSIT,4087000.0
T00005739,A0000299,2025-05-24,TRANSFER,4904000.0
T00005740,A0001652,2026-04-25,TRANSFER,4435000.0
T00005741,A0001762,2025-07-31,TRANSFER,1700000.0
T00005742,A0001134,2025-11-04,TRANSFER,2980000.0
T00005743,A0000735,2025-12-09,WITHDRAWAL,432000.0
T00005744,A0000971,2025-01-14,DEPOSIT,675000.0
T00005745,A0001348,2025-02-26,TRANSFER,2004000.0
T00005746,A0001579,2025-10-09,DEPOSIT,2321000.0
T00005747,A0001032,2026-02-07,WITHDRAWAL,958000.0
T00005748,A0000537,2025-04-17,DEPOSIT,1712000.0
T00005749,A0001229,2026-07-29,DEPOSIT,1949000.0
T00005750,A0001645,2025-09-26,DEPOSIT,3655000.0
T00005751,A0000669,2025-03-12,WITHDRAWAL,3326000.0
T00005752,A0001129,2026-05-12,DEPOSIT,1834000.0
T00005753,A0001762,2026-06-22,TRANSFER,2951000.0
T00005754,A0000923,2025-06-20,TRANSFER,4864000.0
T00005755,A0000667,2026-05-19,TRANSFER,3733000.0
T00005756,A0000196,2025-12-08,DEPOSIT,811000.0
T00005757,A0000593,2025-01-11,TRANSFER,766000.0
T00005758,A0000144,2026-01-16,WITHDRAWAL,1875000.0
T00005759,A0001761,2025-04-11,DEPOSIT,4011000.0
T00005760,A0000073,2026-08-19,TRANSFER,3579000.0
T00005761,A0001001,2025-12-19,DEPOSIT,2332000.0
T00005762,A0001760,2025-04-07,WITHDRAWAL,4751000.0
T00005763,A0001460,2025-10-02,WITHDRAWAL,1640000.0
T00005764,A0000854,2026-07-18,TRANSFER,2308000.0
T00005765,A0001406,2025-02-25,WITHDRAWAL,4418000.0
T00005766,A0000048,2026-03-24,DEPOSIT,469000.0
T00005767,A0001291,2025-07-11,DEPOSIT,2130000.0
T00005768,A0001019,2025-01-25,DEPOSIT,1541000.0
T00005769,A0001573,2026-06-30,WITHDRAWAL,4342000.0
T00005770,A0000603,2026-04-14,TRANSFER,4719000.0
T00005771,A0000281,2025-01-01,DEPOSIT,1399000.0
T00005772,A0000138,2025-01-07,TRANSFER,4594000.0
T00005773,A0000483,2025-10-08,TRANSFER,3717000.0
T00005774,A0000185,2025-09-07,DEPOSIT,4500000.0
T00005775,A0000655,2025-06-22,DEPOSIT,1612000.0
T00005776,A0001376,2026-01-03,WITHDRAWAL,2483000.0
T00005777,A0000185,2025-10-27,WITHDRAWAL,603000.0
T00005778,A0001071,2025-05-21,TRANSFER,1355000.0
T00005779,A0001574,2026-06-28,WITHDRAWAL,574000.0
T00005780,A0000724,2026-06-21,WITHDRAWAL,2624000.0
T00005781,A0000710,2025-06-21,WITHDRAWAL,58000.0
T00005782,A0000670,2025-05-13,DEPOSIT,271000.0
T00005783,A0001446,2025-01-19,DEPOSIT,3683000.0
T00005784,A0001301,2025-06-20,TRANSFER,3363000.0
T00005785,A0000524,2025-07-05,WITHDRAWAL,4401000.0
T00005786,A0001729,2025-12-16,TRANSFER,4115000.0
T00005787,A0000762,2025-04-07,TRANSFER,1125000.0
T00005788,A0001719,2026-08-05,TRANSFER,764000.0
T00005789,A0001318,2025-10-08,WITHDRAWAL,294000.0
T00005790,A0001446,2025-11-23,WITHDRAWAL,4499000.0
T00005791,A0000015,2025-02-04,DEPOSIT,4438000.0
T00005792,A0000522,2025-10-21,TRANSFER,4712000.0
T00005793,A0001642,2026-05-30,DEPOSIT,3046000.0
T00005794,A0001750,2025-01-18,DEPOSIT,999000.0
T00005795,A0000371,2026-03-07,TRANSFER,2311000.0
T00005796,A0000297,2026-06-21,DEPOSIT,3001000.0
T00005797,A0001557,2025-02-05,TRANSFER,3458000.0
T00005798,A0001724,2025-02-06,WITHDRAWAL,698000.0
T00005799,A0000336,2026-06-23,WITHDRAWAL,659000.0
T00005800,A0000761,2026-03-18,WITHDRAWAL,1527000.0
T00005801,A0000005,2025-09-23,DEPOSIT,279000.0
T00005802,A0000964,2025-05-07,TRANSFER,2391000.0
T00005803,A0000342,2025-12-15,WITHDRAWAL,4775000.0
T00005804,A0000279,2026-08-19,WITHDRAWAL,3847000.0
T00005805,A0000169,2026-01-10,WITHDRAWAL,3389000.0
T00005806,A0000738,2025-12-18,DEPOSIT,4680000.0
T00005807,A0000229,2026-05-03,DEPOSIT,1904000.0
T00005808,A0001719,2025-01-09,DEPOSIT,2235000.0
T00005809,A0000083,2026-03-20,DEPOSIT,2762000.0
T00005810,A0000460,2026-03-24,DEPOSIT,156000.0
T00005811,A0000708,2026-08-07,TRANSFER,3550000.0
T00005812,A0001193,2025-09-24,DEPOSIT,272000.0
T00005813,A0001706,2025-12-29,TRANSFER,39000.0
T00005814,A0001097,2026-01-26,WITHDRAWAL,3740000.0
T00005815,A0000995,2025-08-02,WITHDRAWAL,4553000.0
T00005816,A0000867,2025-02-03,WITHDRAWAL,2400000.0
T00005817,A0000308,2026-01-13,TRANSFER,383000.0
T00005818,A0001235,2026-08-15,DEPOSIT,1919000.0
T00005819,A0000342,2026-03-01,WITHDRAWAL,3725000.0
T00005820,A0000851,2026-05-17,TRANSFER,2798000.0
T00005821,A0000344,2026-06-12,DEPOSIT,1581000.0
T00005822,A0000801,2026-06-12,DEPOSIT,881000.0
T00005823,A0001369,2026-08-28,TRANSFER,3768000.0
T00005824,A0001177,2026-07-28,DEPOSIT,2891000.0
T00005825,A0000555,2025-05-30,TRANSFER,3101000.0
T00005826,A0000530,2025-01-03,TRANSFER,4317000.0
T00005827,A0000543,2026-05-07,DEPOSIT,4983000.0
T00005828,A0000381,2025-06-14,TRANSFER,3575000.0
T00005829,A0001495,2026-03-19,TRANSFER,4021000.0
T00005830,A0001528,2025-09-12,WITHDRAWAL,2344000.0
T00005831,A0001012,2025-07-06,WITHDRAWAL,2940000.0
T00005832,A0001061,2026-05-21,TRANSFER,4886000.0
T00005833,A0000592,2026-05-05,TRANSFER,2228000.0
T00005834,A0001334,2025-02-17,TRANSFER,3892000.0
T00005835,A0001538,2025-04-14,DEPOSIT,1637000.0
T00005836,A0001195,2026-04-02,WITHDRAWAL,150000.0
T00005837,A0000106,2025-01-10,WITHDRAWAL,2343000.0
T00005838,A0001429,2025-09-26,TRANSFER,1915000.0
T00005839,A0000399,2025-12-26,DEPOSIT,615000.0
T00005840,A0001272,2025-05-29,TRANSFER,185000.0
T00005841,A0000643,2026-04-14,TRANSFER,4223000.0
T00005842,A0000397,2026-06-28,TRANSFER,798000.0
T00005843,A0000128,2026-06-21,DEPOSIT,4800000.0
T00005844,A0000300,2026-03-31,WITHDRAWAL,2439000.0
T00005845,A0001100,2026-07-03,WITHDRAWAL,4826000.0
T00005846,A0001550,2025-09-13,TRANSFER,4953000.0
T00005847,A0000219,2026-06-01,WITHDRAWAL,2305000.0
T00005848,A0000243,2025-02-23,TRANSFER,2412000.0
T00005849,A0000764,2026-03-02,TRANSFER,504000.0
T00005850,A0001456,2025-04-22,WITHDRAWAL,2422000.0
T00005851,A0000059,2026-06-27,TRANSFER,2498000.0
T00005852,A0000659,2025-12-06,DEPOSIT,2703000.0
T00005853,A0001747,2025-04-27,WITHDRAWAL,2161000.0
T00005854,A0001342,2025-07-06,DEPOSIT,2164000.0
T00005855,A0000675,2025-02-09,WITHDRAWAL,4658000.0
T00005856,A0001503,2026-01-22,WITHDRAWAL,4295000.0
T00005857,A0001540,2025-03-19,DEPOSIT,836000.0
T00005858,A0000501,2025-03-18,DEPOSIT,477000.0
T00005859,A0000344,2026-01-19,TRANSFER,2916000.0
T00005860,A0000005,2025-05-14,DEPOSIT,2540000.0
T00005861,A0001418,2026-02-27,WITHDRAWAL,2520000.0
T00005862,A0000899,2025-04-21,TRANSFER,4178000.0
T00005863,A0001180,2026-08-25,DEPOSIT,2858000.0
T00005864,A0000490,2026-05-28,TRANSFER,836000.0
T00005865,A0001656,2025-07-23,TRANSFER,1902000.0
T00005866,A0000108,2025-09-03,TRANSFER,3074000.0
T00005867,A0001682,2025-08-01,TRANSFER,1212000.0
T00005868,A0000653,2025-03-14,WITHDRAWAL,3347000.0
T00005869,A0000424,2025-01-05,TRANSFER,569000.0
T00005870,A0000425,2026-08-18,TRANSFER,2417000.0
T00005871,A0000831,2025-03-24,WITHDRAWAL,4105000.0
T00005872,A0001652,2026-01-09,WITHDRAWAL,3261000.0
T00005873,A0001144,2025-04-14,WITHDRAWAL,1391000.0
T00005874,A0000712,2025-06-12,TRANSFER,3030000.0
T00005875,A0001407,2026-05-06,DEPOSIT,4171000.0
T00005876,A0001650,2025-07-11,TRANSFER,557000.0
T00005877,A0000916,2025-04-29,DEPOSIT,253000.0
T00005878,A0000137,2025-12-24,TRANSFER,3746000.0
T00005879,A0000890,2025-12-01,WITHDRAWAL,4334000.0
T00005880,A0000313,2025-12-02,WITHDRAWAL,3278000.0
T00005881,A0001236,2026-01-08,WITHDRAWAL,585000.0
T00005882,A0001194,2025-05-06,TRANSFER,3242000.0
T00005883,A0000747,2026-05-01,DEPOSIT,4904000.0
T00005884,A0001756,2025-05-02,WITHDRAWAL,895000.0
T00005885,A0000937,2025-02-27,TRANSFER,1152000.0
T00005886,A0000701,2025-02-06,DEPOSIT,2278000.0
T00005887,A0001094,2025-05-17,DEPOSIT,308000.0
T00005888,A0001203,2026-07-05,WITHDRAWAL,3462000.0
T00005889,A0000292,2026-05-29,TRANSFER,3491000.0
T00005890,A0000256,2025-09-16,WITHDRAWAL,1141000.0
T00005891,A0000413,2026-03-06,DEPOSIT,2749000.0
T00005892,A0001703,2025-08-12,TRANSFER,1922000.0
T00005893,A0000703,2025-11-26,DEPOSIT,865000.0
T00005894,A0000755,2025-07-17,WITHDRAWAL,2116000.0
T00005895,A0001682,2025-12-31,TRANSFER,4866000.0
T00005896,A0000626,2025-11-28,WITHDRAWAL,4764000.0
T00005897,A0001495,2026-06-05,DEPOSIT,2748000.0
T00005898,A0001235,2025-06-24,TRANSFER,549000.0
T00005899,A0000233,2025-01-25,DEPOSIT,517000.0
T00005900,A0001254,2025-11-08,WITHDRAWAL,3174000.0
T00005901,A0000469,2025-11-24,TRANSFER,1927000.0
T00005902,A0000193,2025-04-16,DEPOSIT,1482000.0
T00005903,A0001794,2025-08-22,DEPOSIT,2734000.0
T00005904,A0001385,2025-08-17,DEPOSIT,1700000.0
T00005905,A0001715,2026-08-30,DEPOSIT,3086000.0
T00005906,A0001584,2026-06-20,WITHDRAWAL,3797000.0
T00005907,A0001018,2026-06-15,DEPOSIT,1723000.0
T00005908,A0001753,2025-06-24,DEPOSIT,4755000.0
T00005909,A0000943,2025-08-31,DEPOSIT,1618000.0
T00005910,A0000541,2025-05-09,WITHDRAWAL,556000.0
T00005911,A0000098,2026-01-08,TRANSFER,1872000.0
T00005912,A0000095,2025-06-16,TRANSFER,1989000.0
T00005913,A0000826,2025-04-02,DEPOSIT,1695000.0
T00005914,A0001000,2026-02-13,DEPOSIT,204000.0
T00005915,A0001360,2026-05-12,DEPOSIT,3140000.0
T00005916,A0000002,2026-01-23,DEPOSIT,4786000.0
T00005917,A0000738,2025-08-22,TRANSFER,2261000.0
T00005918,A0001551,2025-05-30,DEPOSIT,4611000.0
T00005919,A0000939,2026-01-18,TRANSFER,1051000.0
T00005920,A0001414,2026-05-10,TRANSFER,401000.0
T00005921,A0001461,2025-08-12,DEPOSIT,2581000.0
T00005922,A0001032,2026-02-17,WITHDRAWAL,1153000.0
T00005923,A0000807,2026-02-08,WITHDRAWAL,2906000.0
T00005924,A0001784,2026-02-27,WITHDRAWAL,4974000.0
T00005925,A0001249,2025-11-20,DEPOSIT,2090000.0
T00005926,A0000588,2025-07-08,WITHDRAWAL,3555000.0
T00005927,A0000163,2025-08-18,TRANSFER,2814000.0
T00005928,A0001667,2025-09-29,WITHDRAWAL,4884000.0
T00005929,A0001183,2025-01-14,WITHDRAWAL,1316000.0
T00005930,A0000235,2025-09-19,TRANSFER,2523000.0
T00005931,A0001652,2025-10-08,DEPOSIT,993000.0
T00005932,A0001435,2025-05-26,DEPOSIT,2289000.0
T00005933,A0001049,2025-03-29,TRANSFER,2485000.0
T00005934,A0000105,2025-06-06,DEPOSIT,4871000.0
T00005935,A0000960,2026-03-25,DEPOSIT,574000.0
T00005936,A0000696,2025-09-17,WITHDRAWAL,1485000.0
T00005937,A0000161,2026-08-12,TRANSFER,2813000.0
T00005938,A0001339,2026-05-01,WITHDRAWAL,4066000.0
T00005939,A0001141,2025-10-31,WITHDRAWAL,4216000.0
T00005940,A0000387,2026-06-16,WITHDRAWAL,1018000.0
T00005941,A0000782,2025-12-30,DEPOSIT,422000.0
T00005942,A0001427,2025-02-27,TRANSFER,2851000.0
T00005943,A0001784,2026-03-27,DEPOSIT,764000.0
T00005944,A0001609,2026-07-18,TRANSFER,167000.0
T00005945,A0000372,2025-02-13,WITHDRAWAL,3665000.0
T00005946,A0001098,2025-04-16,WITHDRAWAL,2816000.0
T00005947,A0000139,2025-10-12,DEPOSIT,2219000.0
T00005948,A0000697,2025-12-13,WITHDRAWAL,2345000.0
T00005949,A0001046,2025-02-22,WITHDRAWAL,1652000.0
T00005950,A0000002,2026-02-17,WITHDRAWAL,2084000.0
T00005951,A0000413,2025-12-16,DEPOSIT,4986000.0
T00005952,A0000522,2025-02-11,TRANSFER,3645000.0
T00005953,A0001384,2025-08-02,WITHDRAWAL,3660000.0
T00005954,A0000098,2025-02-12,TRANSFER,380000.0
T00005955,A0000138,2025-09-30,DEPOSIT,1415000.0
T00005956,A0000032,2026-01-23,WITHDRAWAL,747000.0
T00005957,A0000371,2025-06-09,WITHDRAWAL,1163000.0
T00005958,A0001610,2026-03-23,WITHDRAWAL,4379000.0
T00005959,A0000518,2025-01-20,TRANSFER,4838000.0
T00005960,A0000484,2025-09-02,DEPOSIT,3092000.0
T00005961,A0000938,2025-06-01,WITHDRAWAL,3360000.0
T00005962,A0000746,2025-09-13,TRANSFER,4356000.0
T00005963,A0000023,2025-11-02,WITHDRAWAL,3528000.0
T00005964,A0000340,2025-10-07,WITHDRAWAL,994000.0
T00005965,A0001789,2025-03-01,TRANSFER,3846000.0
T00005966,A0000605,2025-07-31,DEPOSIT,861000.0
T00005967,A0000499,2025-02-06,DEPOSIT,4144000.0
T00005968,A0001031,2025-04-19,DEPOSIT,4182000.0
T00005969,A0000659,2025-07-14,DEPOSIT,3073000.0
T00005970,A0001261,2026-04-22,DEPOSIT,1191000.0
T00005971,A0001442,2025-09-09,TRANSFER,2279000.0
T00005972,A0000906,2026-06-18,DEPOSIT,3088000.0
T00005973,A0000239,2025-04-14,DEPOSIT,2813000.0
T00005974,A0001756,2025-06-07,TRANSFER,279000.0
T00005975,A0000351,2025-08-08,TRANSFER,3280000.0
T00005976,A0000795,2025-09-10,DEPOSIT,1827000.0
T00005977,A0001243,2026-04-18,TRANSFER,3262000.0
T00005978,A0000978,2025-11-27,WITHDRAWAL,1683000.0
T00005979,A0000758,2025-11-01,WITHDRAWAL,3212000.0
T00005980,A0001218,2026-08-27,WITHDRAWAL,675000.0
T00005981,A0000368,2025-11-16,DEPOSIT,743000.0
T00005982,A0001477,2026-08-31,TRANSFER,2245000.0
T00005983,A0000652,2025-10-09,WITHDRAWAL,1448000.0
T00005984,A0000862,2026-05-06,TRANSFER,959000.0
T00005985,A0000099,2025-10-30,WITHDRAWAL,4315000.0
T00005986,A0001320,2025-05-16,TRANSFER,2103000.0
T00005987,A0000327,2025-03-19,TRANSFER,2258000.0
T00005988,A0000437,2026-03-07,TRANSFER,2471000.0
T00005989,A0000869,2026-08-18,TRANSFER,4373000.0
T00005990,A0001450,2026-08-31,DEPOSIT,3070000.0
T00005991,A0000139,2025-11-23,TRANSFER,1128000.0
T00005992,A0001654,2025-01-21,DEPOSIT,2837000.0
T00005993,A0001030,2025-01-08,WITHDRAWAL,2004000.0
T00005994,A0000563,2025-03-03,WITHDRAWAL,2573000.0
T00005995,A0000013,2025-12-18,TRANSFER,2587000.0
T00005996,A0001190,2025-08-14,DEPOSIT,1678000.0
T00005997,A0000874,2026-06-30,TRANSFER,3696000.0
T00005998,A0000891,2025-07-10,WITHDRAWAL,3292000.0
T00005999,A0001183,2026-05-31,TRANSFER,343000.0
T00006000,A0000321,2025-06-28,DEPOSIT,1631000.0
T00006001,A0001314,2025-12-13,DEPOSIT,3968000.0
T00006002,A0000964,2025-02-17,DEPOSIT,637000.0
T00006003,A0001251,2026-01-28,DEPOSIT,4475000.0
T00006004,A0000781,2026-05-03,DEPOSIT,1613000.0
T00006005,A0001038,2025-07-28,DEPOSIT,3082000.0
T00006006,A0000873,2025-03-28,TRANSFER,1225000.0
T00006007,A0001367,2025-09-19,TRANSFER,3196000.0
T00006008,A0001344,2025-09-22,DEPOSIT,3016000.0
T00006009,A0001594,2025-03-26,TRANSFER,1199000.0
T00006010,A0000017,2025-04-14,WITHDRAWAL,2840000.0
T00006011,A0001638,2025-02-19,TRANSFER,2224000.0
T00006012,A0000972,2025-05-02,TRANSFER,2461000.0
T00006013,A0001361,2025-04-14,DEPOSIT,4405000.0
T00006014,A0001005,2025-10-13,DEPOSIT,3831000.0
T00006015,A0000627,2025-10-19,WITHDRAWAL,217000.0
T00006016,A0001773,2026-08-24,TRANSFER,2350000.0
T00006017,A0000209,2025-07-10,DEPOSIT,908000.0
T00006018,A0000923,2025-07-10,TRANSFER,4818000.0
T00006019,A0001404,2025-12-23,TRANSFER,3215000.0
T00006020,A0000378,2025-02-07,TRANSFER,216000.0
T00006021,A0001781,2025-03-29,TRANSFER,2719000.0
T00006022,A0000154,2025-04-04,TRANSFER,1337000.0
T00006023,A0000456,2025-09-01,WITHDRAWAL,3069000.0
T00006024,A0000792,2025-10-06,TRANSFER,1544000.0
T00006025,A0001022,2025-11-07,TRANSFER,3129000.0
T00006026,A0001382,2025-06-03,TRANSFER,414000.0
T00006027,A0000570,2026-07-08,DEPOSIT,3982000.0
T00006028,A0000666,2026-04-26,WITHDRAWAL,346000.0
T00006029,A0001651,2026-08-08,DEPOSIT,3972000.0
T00006030,A0001686,2025-02-17,TRANSFER,2229000.0
T00006031,A0001181,2026-08-29,WITHDRAWAL,3917000.0
T00006032,A0000332,2025-04-29,TRANSFER,1158000.0
T00006033,A0000187,2025-06-21,WITHDRAWAL,277000.0
T00006034,A0000653,2025-03-18,WITHDRAWAL,558000.0
T00006035,A0001139,2026-03-22,WITHDRAWAL,3982000.0
T00006036,A0000995,2025-07-22,WITHDRAWAL,2120000.0
T00006037,A0001099,2026-08-28,WITHDRAWAL,3756000.0
T00006038,A0000457,2026-07-20,DEPOSIT,2420000.0
T00006039,A0000827,2026-05-10,TRANSFER,1379000.0
T00006040,A0001122,2025-04-09,DEPOSIT,4218000.0
T00006041,A0000874,2025-03-07,WITHDRAWAL,4287000.0
T00006042,A0001367,2025-09-21,TRANSFER,2414000.0
T00006043,A0000121,2025-03-24,DEPOSIT,1235000.0
T00006044,A0000329,2026-01-11,WITHDRAWAL,1915000.0
T00006045,A0000896,2026-05-03,TRANSFER,3133000.0
T00006046,A0001308,2026-03-03,DEPOSIT,4019000.0
T00006047,A0000515,2025-09-09,TRANSFER,2566000.0
T00006048,A0001136,2025-03-12,DEPOSIT,1965000.0
T00006049,A0001785,2025-04-27,DEPOSIT,4297000.0
T00006050,A0000911,2025-11-26,TRANSFER,4398000.0
T00006051,A0000832,2026-04-30,TRANSFER,1125000.0
T00006052,A0001549,2025-02-13,WITHDRAWAL,667000.0
T00006053,A0001022,2026-05-12,DEPOSIT,3881000.0
T00006054,A0001438,2026-07-16,WITHDRAWAL,3258000.0
T00006055,A0000004,2025-09-26,DEPOSIT,4392000.0
T00006056,A0000344,2026-06-15,TRANSFER,4136000.0
T00006057,A0000214,2025-04-05,WITHDRAWAL,922000.0
T00006058,A0001309,2026-07-01,WITHDRAWAL,4994000.0
T00006059,A0000264,2025-12-28,DEPOSIT,4398000.0
T00006060,A0001285,2025-01-25,TRANSFER,4115000.0
T00006061,A0001534,2025-01-12,TRANSFER,1959000.0
T00006062,A0000629,2026-01-19,DEPOSIT,3202000.0
T00006063,A0000305,2025-05-13,DEPOSIT,739000.0
T00006064,A0001163,2025-04-07,DEPOSIT,3913000.0
T00006065,A0000878,2025-04-05,DEPOSIT,4327000.0
T00006066,A0000386,2026-05-16,DEPOSIT,3356000.0
T00006067,A0001522,2025-12-30,DEPOSIT,3294000.0
T00006068,A0001725,2025-06-15,TRANSFER,1670000.0
T00006069,A0001421,2026-08-19,DEPOSIT,2244000.0
T00006070,A0001253,2025-04-04,WITHDRAWAL,4763000.0
T00006071,A0001666,2026-01-06,TRANSFER,3304000.0
T00006072,A0000188,2026-05-07,DEPOSIT,925000.0
T00006073,A0001608,2025-04-29,DEPOSIT,3390000.0
T00006074,A0000854,2025-06-22,WITHDRAWAL,3969000.0
T00006075,A0000807,2025-02-18,WITHDRAWAL,2608000.0
T00006076,A0000489,2026-02-13,DEPOSIT,2454000.0
T00006077,A0000582,2025-07-17,WITHDRAWAL,2454000.0
T00006078,A0001212,2025-04-11,DEPOSIT,4402000.0
T00006079,A0001060,2026-07-01,WITHDRAWAL,936000.0
T00006080,A0001545,2025-11-06,DEPOSIT,438000.0
T00006081,A0001264,2026-02-07,DEPOSIT,1175000.0
T00006082,A0001684,2026-01-08,TRANSFER,3468000.0
T00006083,A0000825,2025-12-12,TRANSFER,2103000.0
T00006084,A0000087,2025-04-28,WITHDRAWAL,628000.0
T00006085,A0000122,2025-01-05,DEPOSIT,3020000.0
T00006086,A0000934,2025-05-07,DEPOSIT,1586000.0
T00006087,A0001538,2026-03-23,TRANSFER,739000.0
T00006088,A0000082,2025-05-27,TRANSFER,4848000.0
T00006089,A0000301,2025-04-29,DEPOSIT,2810000.0
T00006090,A0000708,2025-09-20,TRANSFER,554000.0
T00006091,A0000951,2025-11-27,DEPOSIT,695000.0
T00006092,A0001771,2026-08-31,TRANSFER,2052000.0
T00006093,A0000347,2026-01-27,WITHDRAWAL,2948000.0
T00006094,A0000465,2026-07-10,DEPOSIT,1293000.0
T00006095,A0001682,2026-06-23,TRANSFER,1374000.0
T00006096,A0000572,2026-02-08,WITHDRAWAL,1003000.0
T00006097,A0001024,2025-10-06,TRANSFER,3099000.0
T00006098,A0000399,2026-04-29,DEPOSIT,3470000.0
T00006099,A0001772,2025-10-22,DEPOSIT,2513000.0
T00006100,A0001424,2026-04-26,DEPOSIT,694000.0
T00006101,A0001093,2025-01-30,DEPOSIT,585000.0
T00006102,A0001591,2026-04-12,WITHDRAWAL,2295000.0
T00006103,A0001268,2025-07-08,DEPOSIT,2822000.0
T00006104,A0001123,2025-04-30,DEPOSIT,3719000.0
T00006105,A0001428,2025-03-02,TRANSFER,3011000.0
T00006106,A0001508,2026-02-19,WITHDRAWAL,3265000.0
T00006107,A0001668,2026-05-25,WITHDRAWAL,1425000.0
T00006108,A0001454,2026-02-10,TRANSFER,1304000.0
T00006109,A0000259,2026-02-22,DEPOSIT,3587000.0
T00006110,A0001294,2025-06-13,TRANSFER,2000.0
T00006111,A0000526,2025-03-16,DEPOSIT,3695000.0
T00006112,A0000242,2026-01-04,DEPOSIT,4389000.0
T00006113,A0000557,2025-08-10,WITHDRAWAL,4886000.0
T00006114,A0001477,2025-01-23,DEPOSIT,3724000.0
T00006115,A0000082,2025-11-02,DEPOSIT,3446000.0
T00006116,A0001627,2025-01-30,TRANSFER,1091000.0
T00006117,A0000378,2025-10-01,WITHDRAWAL,3383000.0
T00006118,A0000357,2025-06-02,WITHDRAWAL,269000.0
T00006119,A0000779,2026-01-15,DEPOSIT,3393000.0
T00006120,A0000681,2025-06-12,TRANSFER,4916000.0
T00006121,A0000443,2025-05-09,DEPOSIT,3321000.0
T00006122,A0001132,2025-12-01,WITHDRAWAL,4182000.0
T00006123,A0000687,2026-01-04,DEPOSIT,1961000.0
T00006124,A0001355,2026-01-31,DEPOSIT,4843000.0
T00006125,A0001155,2026-06-07,DEPOSIT,3880000.0
T00006126,A0000309,2025-03-11,DEPOSIT,1391000.0
T00006127,A0000133,2025-05-07,DEPOSIT,1060000.0
T00006128,A0001599,2025-06-27,WITHDRAWAL,2211000.0
T00006129,A0001283,2026-03-16,WITHDRAWAL,4010000.0
T00006130,A0000334,2025-05-19,WITHDRAWAL,4345000.0
T00006131,A0000760,2026-02-11,TRANSFER,374000.0
T00006132,A0000418,2026-02-19,WITHDRAWAL,1597000.0
T00006133,A0001058,2025-02-17,DEPOSIT,502000.0
T00006134,A0001513,2026-07-18,TRANSFER,488000.0
T00006135,A0000829,2026-05-06,WITHDRAWAL,2722000.0
T00006136,A0001782,2025-01-30,DEPOSIT,366000.0
T00006137,A0000684,2025-08-09,DEPOSIT,3369000.0
T00006138,A0000426,2026-04-16,DEPOSIT,1401000.0
T00006139,A0000428,2026-03-13,TRANSFER,3537000.0
T00006140,A0000016,2026-02-04,TRANSFER,2601000.0
T00006141,A0001298,2026-03-27,DEPOSIT,2041000.0
T00006142,A0000126,2025-03-18,WITHDRAWAL,4334000.0
T00006143,A0000297,2026-03-11,TRANSFER,4740000.0
T00006144,A0001349,2026-01-14,DEPOSIT,4519000.0
T00006145,A0000479,2025-08-08,TRANSFER,3825000.0
T00006146,A0000288,2025-05-02,DEPOSIT,2388000.0
T00006147,A0001748,2026-08-19,WITHDRAWAL,2651000.0
T00006148,A0001090,2026-05-25,WITHDRAWAL,4859000.0
T00006149,A0000009,2025-07-28,WITHDRAWAL,2339000.0
T00006150,A0001041,2026-08-28,WITHDRAWAL,385000.0
T00006151,A0000045,2026-08-03,WITHDRAWAL,2286000.0
T00006152,A0000916,2026-07-01,TRANSFER,3687000.0
T00006153,A0001733,2025-08-11,WITHDRAWAL,2835000.0
T00006154,A0001058,2026-03-17,TRANSFER,878000.0
T00006155,A0000822,2025-07-03,DEPOSIT,1250000.0
T00006156,A0000907,2026-07-19,DEPOSIT,4719000.0
T00006157,A0000879,2026-04-29,DEPOSIT,4916000.0
T00006158,A0000165,2026-01-30,TRANSFER,4161000.0
T00006159,A0001479,2025-12-27,WITHDRAWAL,1288000.0
T00006160,A0000982,2025-08-03,DEPOSIT,4525000.0
T00006161,A0001476,2025-12-16,DEPOSIT,4816000.0
T00006162,A0001583,2026-06-15,TRANSFER,1533000.0
T00006163,A0000882,2025-10-09,DEPOSIT,1631000.0
T00006164,A0001409,2025-06-12,DEPOSIT,4852000.0
T00006165,A0000566,2026-02-17,DEPOSIT,2255000.0
T00006166,A0001646,2026-01-12,TRANSFER,3145000.0
T00006167,A0000208,2026-05-06,TRANSFER,2173000.0
T00006168,A0000900,2025-01-23,TRANSFER,1990000.0
T00006169,A0000629,2026-03-11,TRANSFER,1150000.0
T00006170,A0001046,2025-03-08,TRANSFER,3181000.0
T00006171,A0001787,2026-04-10,WITHDRAWAL,2138000.0
T00006172,A0000226,2026-05-31,TRANSFER,2407000.0
T00006173,A0000064,2025-03-16,TRANSFER,2277000.0
T00006174,A0000551,2025-04-05,DEPOSIT,4337000.0
T00006175,A0000256,2025-04-08,TRANSFER,1137000.0
T00006176,A0001196,2026-08-18,TRANSFER,1050000.0
T00006177,A0000724,2026-07-11,TRANSFER,4901000.0
T00006178,A0001530,2025-08-09,DEPOSIT,3489000.0
T00006179,A0001404,2026-04-06,DEPOSIT,1993000.0
T00006180,A0001275,2026-05-20,DEPOSIT,4531000.0
T00006181,A0000612,2025-05-31,WITHDRAWAL,4267000.0
T00006182,A0001093,2025-06-27,WITHDRAWAL,2801000.0
T00006183,A0000289,2025-04-15,WITHDRAWAL,3829000.0
T00006184,A0000970,2025-11-26,WITHDRAWAL,1377000.0
T00006185,A0000391,2026-05-19,TRANSFER,3437000.0
T00006186,A0000250,2026-07-06,WITHDRAWAL,4844000.0
T00006187,A0001472,2026-03-01,WITHDRAWAL,3215000.0
T00006188,A0000895,2025-11-29,WITHDRAWAL,231000.0
T00006189,A0000028,2026-05-06,WITHDRAWAL,1457000.0
T00006190,A0000226,2025-07-01,DEPOSIT,1367000.0
T00006191,A0000331,2026-07-27,WITHDRAWAL,431000.0
T00006192,A0001443,2025-08-21,DEPOSIT,4129000.0
T00006193,A0001622,2025-10-10,WITHDRAWAL,1275000.0
T00006194,A0001088,2025-03-03,WITHDRAWAL,4189000.0
T00006195,A0000110,2025-11-19,WITHDRAWAL,2486000.0
T00006196,A0000763,2025-06-30,DEPOSIT,4249000.0
T00006197,A0001272,2026-06-04,TRANSFER,159000.0
T00006198,A0000051,2026-04-02,TRANSFER,3691000.0
T00006199,A0000532,2025-07-30,WITHDRAWAL,4473000.0
T00006200,A0000372,2025-09-26,DEPOSIT,4791000.0
T00006201,A0001035,2026-05-11,TRANSFER,1432000.0
T00006202,A0001186,2026-03-20,TRANSFER,997000.0
T00006203,A0000825,2026-08-12,WITHDRAWAL,313000.0
T00006204,A0001614,2025-02-28,TRANSFER,2163000.0
T00006205,A0000478,2025-02-27,TRANSFER,264000.0
T00006206,A0000165,2025-01-10,WITHDRAWAL,4870000.0
T00006207,A0000728,2026-05-22,WITHDRAWAL,2178000.0
T00006208,A0000884,2026-04-26,DEPOSIT,2908000.0
T00006209,A0001237,2025-10-12,DEPOSIT,584000.0
T00006210,A0000612,2025-01-18,TRANSFER,3776000.0
T00006211,A0001582,2026-03-24,DEPOSIT,3835000.0
T00006212,A0001597,2026-05-28,WITHDRAWAL,4253000.0
T00006213,A0000056,2025-06-18,DEPOSIT,2582000.0
T00006214,A0001215,2026-03-09,DEPOSIT,2024000.0
T00006215,A0000694,2026-03-21,WITHDRAWAL,753000.0
T00006216,A0001301,2025-10-09,WITHDRAWAL,3799000.0
T00006217,A0000461,2025-06-20,WITHDRAWAL,2464000.0
T00006218,A0000091,2025-06-07,TRANSFER,3230000.0
T00006219,A0001401,2025-04-26,DEPOSIT,2405000.0
T00006220,A0000486,2026-06-11,DEPOSIT,2842000.0
T00006221,A0001133,2025-05-03,TRANSFER,3573000.0
T00006222,A0001037,2026-05-04,DEPOSIT,86000.0
T00006223,A0000067,2025-06-09,DEPOSIT,4918000.0
T00006224,A0000123,2025-08-19,TRANSFER,1512000.0
T00006225,A0000365,2025-02-18,TRANSFER,3001000.0
T00006226,A0000080,2026-05-11,DEPOSIT,2219000.0
T00006227,A0001702,2026-05-31,WITHDRAWAL,3543000.0
T00006228,A0000761,2026-07-09,WITHDRAWAL,140000.0
T00006229,A0000744,2025-06-11,DEPOSIT,1042000.0
T00006230,A0001539,2026-05-15,TRANSFER,4205000.0
T00006231,A0001294,2026-07-15,WITHDRAWAL,908000.0
T00006232,A0001367,2025-05-05,DEPOSIT,1886000.0
T00006233,A0001236,2025-04-20,WITHDRAWAL,3353000.0
T00006234,A0000813,2025-09-30,TRANSFER,3044000.0
T00006235,A0000673,2026-02-25,TRANSFER,3105000.0
T00006236,A0001354,2025-08-20,DEPOSIT,4705000.0
T00006237,A0001743,2025-08-28,DEPOSIT,1806000.0
T00006238,A0001672,2025-12-03,WITHDRAWAL,2415000.0
T00006239,A0000560,2026-04-28,TRANSFER,3505000.0
T00006240,A0001542,2025-12-24,DEPOSIT,4789000.0
T00006241,A0000540,2026-05-27,DEPOSIT,4097000.0
T00006242,A0001721,2025-07-02,DEPOSIT,2176000.0
T00006243,A0001323,2026-01-04,WITHDRAWAL,3373000.0
T00006244,A0000258,2025-02-20,DEPOSIT,53000.0
T00006245,A0001483,2026-05-07,WITHDRAWAL,1293000.0
T00006246,A0001703,2025-10-04,DEPOSIT,2637000.0
T00006247,A0000799,2026-03-29,WITHDRAWAL,2747000.0
T00006248,A0001657,2026-02-09,TRANSFER,3525000.0
T00006249,A0001031,2026-06-06,TRANSFER,4231000.0
T00006250,A0000458,2025-02-15,WITHDRAWAL,240000.0
T00006251,A0000283,2026-01-03,DEPOSIT,3690000.0
T00006252,A0001283,2026-03-04,WITHDRAWAL,3262000.0
T00006253,A0001086,2026-01-08,TRANSFER,2738000.0
T00006254,A0000836,2026-05-14,TRANSFER,2909000.0
T00006255,A0000747,2025-03-21,DEPOSIT,3958000.0
T00006256,A0001654,2026-04-16,TRANSFER,560000.0
T00006257,A0000515,2026-08-05,DEPOSIT,3094000.0
T00006258,A0001684,2025-11-22,TRANSFER,2771000.0
T00006259,A0001063,2025-12-06,WITHDRAWAL,83000.0
T00006260,A0000839,2026-05-18,WITHDRAWAL,790000.0
T00006261,A0001168,2026-01-07,TRANSFER,3724000.0
T00006262,A0000011,2025-01-07,TRANSFER,2797000.0
T00006263,A0001720,2025-12-01,TRANSFER,2095000.0
T00006264,A0000579,2026-08-03,TRANSFER,4957000.0
T00006265,A0000681,2025-10-11,WITHDRAWAL,903000.0
T00006266,A0000763,2026-07-15,TRANSFER,4244000.0
T00006267,A0000289,2026-06-30,DEPOSIT,1346000.0
T00006268,A0001291,2025-01-03,WITHDRAWAL,318000.0
T00006269,A0000667,2026-06-22,TRANSFER,3463000.0
T00006270,A0000310,2025-12-20,DEPOSIT,2869000.0
T00006271,A0000251,2026-06-22,TRANSFER,2585000.0
T00006272,A0000008,2025-09-26,TRANSFER,1977000.0
T00006273,A0001422,2026-03-28,DEPOSIT,2978000.0
T00006274,A0001764,2026-05-20,WITHDRAWAL,3190000.0
T00006275,A0001010,2025-10-20,TRANSFER,1375000.0
T00006276,A0001295,2025-10-11,DEPOSIT,4902000.0
T00006277,A0000631,2026-08-29,WITHDRAWAL,3103000.0
T00006278,A0000896,2026-08-02,TRANSFER,2211000.0
T00006279,A0001347,2025-09-23,WITHDRAWAL,4120000.0
T00006280,A0000390,2025-03-05,WITHDRAWAL,30000.0
T00006281,A0000047,2025-08-13,TRANSFER,3779000.0
T00006282,A0001142,2026-02-17,WITHDRAWAL,4401000.0
T00006283,A0000414,2026-04-30,TRANSFER,752000.0
T00006284,A0001681,2026-04-22,TRANSFER,300000.0
T00006285,A0000059,2025-05-16,WITHDRAWAL,2356000.0
T00006286,A0000018,2026-07-20,WITHDRAWAL,2130000.0
T00006287,A0001474,2026-04-08,TRANSFER,1168000.0
T00006288,A0000770,2025-08-21,TRANSFER,4425000.0
T00006289,A0001462,2025-05-19,DEPOSIT,4769000.0
T00006290,A0000837,2025-08-24,DEPOSIT,2950000.0
T00006291,A0001690,2026-01-31,DEPOSIT,597000.0
T00006292,A0000017,2026-01-21,TRANSFER,904000.0
T00006293,A0000158,2025-05-04,TRANSFER,4917000.0
T00006294,A0001662,2025-07-03,DEPOSIT,4721000.0
T00006295,A0000508,2025-06-09,DEPOSIT,4374000.0
T00006296,A0000805,2025-11-03,WITHDRAWAL,4206000.0
T00006297,A0000898,2025-05-08,DEPOSIT,4630000.0
T00006298,A0001570,2025-07-18,DEPOSIT,2576000.0
T00006299,A0000465,2026-03-19,WITHDRAWAL,231000.0
T00006300,A0000830,2025-07-15,TRANSFER,4527000.0
T00006301,A0000768,2026-07-24,DEPOSIT,1332000.0
T00006302,A0000620,2025-09-06,TRANSFER,3474000.0
T00006303,A0000322,2026-01-23,TRANSFER,2029000.0
T00006304,A0001407,2026-08-16,WITHDRAWAL,734000.0
T00006305,A0000312,2026-02-11,WITHDRAWAL,85000.0
T00006306,A0001209,2025-03-25,DEPOSIT,3713000.0
T00006307,A0000796,2026-05-29,DEPOSIT,2613000.0
T00006308,A0001458,2025-03-30,WITHDRAWAL,1706000.0
T00006309,A0001138,2025-05-31,DEPOSIT,824000.0
T00006310,A0001299,2025-08-03,DEPOSIT,955000.0
T00006311,A0000914,2026-05-31,DEPOSIT,2605000.0
T00006312,A0001367,2025-02-26,WITHDRAWAL,1247000.0
T00006313,A0000250,2025-03-31,TRANSFER,4637000.0
T00006314,A0000951,2025-10-20,DEPOSIT,1743000.0
T00006315,A0001030,2026-03-08,WITHDRAWAL,4220000.0
T00006316,A0001301,2025-09-02,WITHDRAWAL,4956000.0
T00006317,A0001192,2025-04-11,TRANSFER,723000.0
T00006318,A0000333,2026-03-22,WITHDRAWAL,44000.0
T00006319,A0001800,2025-11-15,DEPOSIT,2185000.0
T00006320,A0001708,2026-05-12,DEPOSIT,4863000.0
T00006321,A0000025,2025-03-23,TRANSFER,3232000.0
T00006322,A0000729,2026-08-07,DEPOSIT,3462000.0
T00006323,A0000615,2025-02-03,TRANSFER,1928000.0
T00006324,A0001347,2026-04-11,TRANSFER,2909000.0
T00006325,A0000750,2025-10-24,DEPOSIT,735000.0
T00006326,A0000945,2025-08-29,TRANSFER,1460000.0
T00006327,A0001733,2026-05-21,DEPOSIT,1658000.0
T00006328,A0000524,2025-01-14,DEPOSIT,3729000.0
T00006329,A0001251,2025-06-05,WITHDRAWAL,4723000.0
T00006330,A0000960,2025-12-15,DEPOSIT,2688000.0
T00006331,A0001389,2025-09-18,TRANSFER,2305000.0
T00006332,A0000748,2026-02-20,DEPOSIT,1004000.0
T00006333,A0000706,2026-02-28,TRANSFER,1156000.0
T00006334,A0000117,2025-12-14,TRANSFER,878000.0
T00006335,A0000209,2026-02-15,WITHDRAWAL,3178000.0
T00006336,A0000564,2026-08-15,WITHDRAWAL,4513000.0
T00006337,A0000707,2026-06-04,DEPOSIT,1056000.0
T00006338,A0000497,2025-01-02,DEPOSIT,4714000.0
T00006339,A0000334,2026-04-15,DEPOSIT,2686000.0
T00006340,A0001784,2026-07-18,DEPOSIT,1683000.0
T00006341,A0000494,2025-10-01,DEPOSIT,3675000.0
T00006342,A0000904,2025-01-07,TRANSFER,1356000.0
T00006343,A0000152,2026-01-21,WITHDRAWAL,4972000.0
T00006344,A0000617,2025-09-16,DEPOSIT,2850000.0
T00006345,A0001004,2025-10-12,DEPOSIT,2817000.0
T00006346,A0001082,2025-04-01,TRANSFER,1850000.0
T00006347,A0001759,2025-10-30,TRANSFER,3708000.0
T00006348,A0001412,2025-06-30,WITHDRAWAL,1179000.0
T00006349,A0001693,2025-12-01,WITHDRAWAL,2714000.0
T00006350,A0000110,2025-05-17,DEPOSIT,2518000.0
T00006351,A0000017,2025-03-07,DEPOSIT,4291000.0
T00006352,A0000068,2025-05-02,WITHDRAWAL,3301000.0
T00006353,A0001236,2026-08-04,DEPOSIT,3983000.0
T00006354,A0000735,2025-10-11,TRANSFER,541000.0
T00006355,A0001781,2025-02-25,WITHDRAWAL,150000.0
T00006356,A0001313,2026-07-15,DEPOSIT,1122000.0
T00006357,A0000310,2025-04-14,TRANSFER,2572000.0
T00006358,A0000628,2025-06-29,WITHDRAWAL,956000.0
T00006359,A0001676,2025-03-31,TRANSFER,4899000.0
T00006360,A0001728,2025-10-03,DEPOSIT,245000.0
T00006361,A0000652,2025-01-31,DEPOSIT,4871000.0
T00006362,A0000602,2026-02-08,WITHDRAWAL,4033000.0
T00006363,A0001225,2025-05-13,WITHDRAWAL,3151000.0
T00006364,A0000875,2026-03-20,DEPOSIT,3483000.0
T00006365,A0000219,2025-02-27,DEPOSIT,177000.0
T00006366,A0000368,2025-03-05,WITHDRAWAL,3412000.0
T00006367,A0000617,2026-08-27,DEPOSIT,3459000.0
T00006368,A0001534,2025-12-22,TRANSFER,3009000.0
T00006369,A0001312,2025-02-17,DEPOSIT,12000.0
T00006370,A0001014,2025-07-08,WITHDRAWAL,117000.0
T00006371,A0000944,2025-07-18,DEPOSIT,346000.0
T00006372,A0000370,2026-03-17,TRANSFER,3471000.0
T00006373,A0000085,2025-08-13,TRANSFER,1212000.0
T00006374,A0000135,2025-03-14,WITHDRAWAL,4874000.0
T00006375,A0000147,2026-08-12,TRANSFER,3282000.0
T00006376,A0001356,2025-03-26,TRANSFER,3212000.0
T00006377,A0000425,2026-03-18,WITHDRAWAL,2586000.0
T00006378,A0001745,2026-07-12,DEPOSIT,3565000.0
T00006379,A0001500,2025-08-04,WITHDRAWAL,2714000.0
T00006380,A0001606,2026-03-22,DEPOSIT,2469000.0
T00006381,A0001082,2025-09-15,DEPOSIT,3808000.0
T00006382,A0000652,2026-03-11,TRANSFER,2244000.0
T00006383,A0001152,2026-03-05,WITHDRAWAL,4988000.0
T00006384,A0000885,2025-01-22,DEPOSIT,3704000.0
T00006385,A0001345,2025-12-11,DEPOSIT,2572000.0
T00006386,A0000936,2025-11-12,TRANSFER,1780000.0
T00006387,A0001113,2026-03-21,DEPOSIT,1238000.0
T00006388,A0000082,2026-02-06,DEPOSIT,4102000.0
T00006389,A0000149,2025-12-30,WITHDRAWAL,605000.0
T00006390,A0000455,2026-01-04,DEPOSIT,657000.0
T00006391,A0000693,2025-05-31,WITHDRAWAL,3655000.0
T00006392,A0001661,2025-12-30,WITHDRAWAL,4208000.0
T00006393,A0001288,2026-03-29,WITHDRAWAL,2017000.0
T00006394,A0000882,2026-08-12,WITHDRAWAL,3885000.0
T00006395,A0000159,2026-06-28,WITHDRAWAL,843000.0
T00006396,A0000412,2025-07-14,DEPOSIT,3181000.0
T00006397,A0001295,2025-01-14,TRANSFER,3727000.0
T00006398,A0001596,2025-05-21,DEPOSIT,484000.0
T00006399,A0000076,2025-03-06,TRANSFER,1741000.0
T00006400,A0001300,2025-10-13,DEPOSIT,2196000.0
T00006401,A0001441,2026-05-07,DEPOSIT,1752000.0
T00006402,A0000344,2025-01-03,WITHDRAWAL,3358000.0
T00006403,A0000174,2026-06-08,DEPOSIT,2342000.0
T00006404,A0000723,2026-06-17,WITHDRAWAL,372000.0
T00006405,A0000768,2025-09-18,WITHDRAWAL,340000.0
T00006406,A0001306,2026-08-13,TRANSFER,576000.0
T00006407,A0000325,2026-04-09,WITHDRAWAL,3699000.0
T00006408,A0000352,2026-06-03,WITHDRAWAL,1405000.0
T00006409,A0000518,2025-12-26,TRANSFER,77000.0
T00006410,A0001640,2025-08-23,TRANSFER,3977000.0
T00006411,A0001453,2026-06-29,WITHDRAWAL,4072000.0
T00006412,A0000273,2025-01-07,TRANSFER,378000.0
T00006413,A0000644,2025-04-01,TRANSFER,395000.0
T00006414,A0001701,2026-02-10,TRANSFER,2325000.0
T00006415,A0001758,2025-07-08,DEPOSIT,4425000.0
T00006416,A0000446,2025-12-04,WITHDRAWAL,1220000.0
T00006417,A0001649,2025-10-26,DEPOSIT,763000.0
T00006418,A0001281,2025-02-02,WITHDRAWAL,2083000.0
T00006419,A0000777,2026-02-26,WITHDRAWAL,1114000.0
T00006420,A0001049,2026-04-26,TRANSFER,4241000.0
T00006421,A0000970,2026-01-21,DEPOSIT,1765000.0
T00006422,A0001229,2025-06-22,TRANSFER,1232000.0
T00006423,A0001646,2025-11-19,TRANSFER,4204000.0
T00006424,A0000332,2026-06-01,DEPOSIT,2757000.0
T00006425,A0001437,2025-09-26,TRANSFER,413000.0
T00006426,A0001314,2026-03-15,WITHDRAWAL,3782000.0
T00006427,A0000425,2025-04-19,TRANSFER,4556000.0
T00006428,A0000150,2025-08-05,DEPOSIT,2558000.0
T00006429,A0000046,2026-04-09,WITHDRAWAL,1869000.0
T00006430,A0000738,2026-01-08,TRANSFER,1516000.0
T00006431,A0001260,2026-08-11,TRANSFER,2701000.0
T00006432,A0001058,2026-04-27,DEPOSIT,1877000.0
T00006433,A0000550,2025-01-22,DEPOSIT,2872000.0
T00006434,A0001206,2025-06-30,TRANSFER,3622000.0
T00006435,A0000538,2025-05-24,TRANSFER,4890000.0
T00006436,A0001281,2026-06-30,TRANSFER,578000.0
T00006437,A0001049,2026-02-15,DEPOSIT,586000.0
T00006438,A0000433,2025-05-11,WITHDRAWAL,763000.0
T00006439,A0001156,2025-02-28,WITHDRAWAL,3725000.0
T00006440,A0000801,2025-04-19,WITHDRAWAL,3459000.0
T00006441,A0000360,2025-03-23,TRANSFER,2023000.0
T00006442,A0001056,2025-10-30,WITHDRAWAL,4585000.0
T00006443,A0000596,2025-05-24,WITHDRAWAL,1305000.0
T00006444,A0000122,2025-06-23,DEPOSIT,197000.0
T00006445,A0001784,2025-01-06,DEPOSIT,279000.0
T00006446,A0001039,2026-03-19,DEPOSIT,4764000.0
T00006447,A0000250,2025-03-18,TRANSFER,4455000.0
T00006448,A0000653,2025-05-20,DEPOSIT,2255000.0
T00006449,A0000252,2026-04-05,TRANSFER,4556000.0
T00006450,A0001751,2026-05-31,WITHDRAWAL,866000.0
T00006451,A0000262,2025-09-22,WITHDRAWAL,958000.0
T00006452,A0000728,2025-10-15,TRANSFER,3865000.0
T00006453,A0001367,2025-05-17,WITHDRAWAL,4805000.0
T00006454,A0000075,2025-02-13,TRANSFER,2338000.0
T00006455,A0001618,2025-03-16,WITHDRAWAL,2992000.0
T00006456,A0000566,2025-02-22,TRANSFER,2446000.0
T00006457,A0001242,2025-08-09,TRANSFER,4699000.0
T00006458,A0001497,2025-01-01,DEPOSIT,1144000.0
T00006459,A0000599,2026-02-18,TRANSFER,2340000.0
T00006460,A0001529,2026-03-16,DEPOSIT,4424000.0
T00006461,A0000224,2025-11-14,WITHDRAWAL,1486000.0
T00006462,A0001325,2025-09-19,WITHDRAWAL,1028000.0
T00006463,A0000448,2026-07-06,TRANSFER,2483000.0
T00006464,A0000418,2025-07-19,DEPOSIT,1951000.0
T00006465,A0000136,2025-11-26,WITHDRAWAL,4831000.0
T00006466,A0000896,2025-08-16,TRANSFER,4611000.0
T00006467,A0001054,2025-01-31,WITHDRAWAL,450000.0
T00006468,A0001614,2026-02-18,DEPOSIT,1271000.0
T00006469,A0001717,2026-07-11,TRANSFER,2352000.0
T00006470,A0001506,2025-04-04,WITHDRAWAL,644000.0
T00006471,A0000116,2026-08-04,TRANSFER,2139000.0
T00006472,A0000166,2026-03-28,WITHDRAWAL,3695000.0
T00006473,A0000781,2026-01-13,DEPOSIT,4486000.0
T00006474,A0000302,2026-03-16,WITHDRAWAL,4009000.0
T00006475,A0001069,2025-10-16,TRANSFER,2785000.0
T00006476,A0001308,2026-01-08,TRANSFER,3214000.0
T00006477,A0000684,2025-12-11,TRANSFER,1605000.0
T00006478,A0000591,2025-03-30,WITHDRAWAL,896000.0
T00006479,A0001339,2026-04-08,TRANSFER,3155000.0
T00006480,A0000729,2025-01-04,DEPOSIT,1181000.0
T00006481,A0001188,2026-03-12,TRANSFER,7000.0
T00006482,A0001553,2025-09-18,WITHDRAWAL,347000.0
T00006483,A0000572,2025-08-03,DEPOSIT,3018000.0
T00006484,A0001156,2025-08-03,DEPOSIT,1874000.0
T00006485,A0001100,2025-05-31,DEPOSIT,2071000.0
T00006486,A0001161,2026-03-19,DEPOSIT,2041000.0
T00006487,A0001514,2025-11-26,TRANSFER,2031000.0
T00006488,A0001456,2025-06-22,DEPOSIT,621000.0
T00006489,A0001383,2025-08-24,WITHDRAWAL,3020000.0
T00006490,A0001404,2025-12-02,DEPOSIT,1155000.0
T00006491,A0000147,2026-05-22,TRANSFER,608000.0
T00006492,A0000574,2026-03-31,WITHDRAWAL,268000.0
T00006493,A0000776,2025-03-04,WITHDRAWAL,172000.0
T00006494,A0001363,2025-02-14,TRANSFER,1183000.0
T00006495,A0001159,2026-07-24,DEPOSIT,1742000.0
T00006496,A0000048,2026-05-27,DEPOSIT,721000.0
T00006497,A0000461,2025-03-14,TRANSFER,4170000.0
T00006498,A0000419,2026-03-09,DEPOSIT,3387000.0
T00006499,A0000573,2025-07-11,DEPOSIT,769000.0
T00006500,A0000483,2026-01-31,TRANSFER,768000.0
T00006501,A0000440,2025-12-28,TRANSFER,335000.0
T00006502,A0001672,2026-07-07,DEPOSIT,1962000.0
T00006503,A0001636,2025-08-14,TRANSFER,2104000.0
T00006504,A0001208,2026-06-17,DEPOSIT,2953000.0
T00006505,A0001366,2026-05-04,TRANSFER,2395000.0
T00006506,A0000445,2026-02-26,TRANSFER,3196000.0
T00006507,A0000740,2026-06-13,DEPOSIT,1847000.0
T00006508,A0000191,2026-08-11,WITHDRAWAL,436000.0
T00006509,A0001329,2025-08-11,TRANSFER,4937000.0
T00006510,A0001006,2025-08-15,DEPOSIT,1828000.0
T00006511,A0001212,2025-03-12,DEPOSIT,2379000.0
T00006512,A0000073,2025-04-04,WITHDRAWAL,692000.0
T00006513,A0001246,2026-01-11,DEPOSIT,1193000.0
T00006514,A0000551,2025-08-02,TRANSFER,4533000.0
T00006515,A0000177,2025-12-10,WITHDRAWAL,4579000.0
T00006516,A0001266,2025-08-05,WITHDRAWAL,1254000.0
T00006517,A0000585,2025-06-15,TRANSFER,3536000.0
T00006518,A0000111,2025-08-23,TRANSFER,3242000.0
T00006519,A0000794,2025-02-02,DEPOSIT,612000.0
T00006520,A0000236,2025-01-22,WITHDRAWAL,4384000.0
T00006521,A0001479,2026-03-26,DEPOSIT,3089000.0
T00006522,A0000664,2025-04-21,TRANSFER,443000.0
T00006523,A0000268,2026-01-05,DEPOSIT,4803000.0
T00006524,A0000609,2025-07-10,TRANSFER,1126000.0
T00006525,A0000896,2025-07-08,DEPOSIT,2353000.0
T00006526,A0001166,2025-10-13,TRANSFER,665000.0
T00006527,A0000598,2026-07-25,WITHDRAWAL,945000.0
T00006528,A0001150,2025-06-02,WITHDRAWAL,409000.0
T00006529,A0000982,2026-08-08,WITHDRAWAL,1956000.0
T00006530,A0000863,2025-07-25,TRANSFER,1668000.0
T00006531,A0001105,2026-03-17,DEPOSIT,3522000.0
T00006532,A0000319,2026-04-13,TRANSFER,4724000.0
T00006533,A0000997,2025-05-24,WITHDRAWAL,2746000.0
T00006534,A0001376,2025-11-27,DEPOSIT,1611000.0
T00006535,A0001153,2026-06-13,DEPOSIT,1337000.0
T00006536,A0001699,2025-07-15,DEPOSIT,1484000.0
T00006537,A0001768,2026-03-25,DEPOSIT,4141000.0
T00006538,A0000456,2025-09-09,DEPOSIT,1950000.0
T00006539,A0000198,2026-01-10,DEPOSIT,1795000.0
T00006540,A0000591,2026-06-12,WITHDRAWAL,3637000.0
T00006541,A0001187,2026-07-07,TRANSFER,418000.0
T00006542,A0001164,2026-02-01,TRANSFER,3711000.0
T00006543,A0000644,2026-05-07,DEPOSIT,4836000.0
T00006544,A0001462,2025-06-09,DEPOSIT,1505000.0
T00006545,A0000767,2025-02-01,TRANSFER,878000.0
T00006546,A0000262,2025-08-28,TRANSFER,4307000.0
T00006547,A0000593,2025-03-13,WITHDRAWAL,3644000.0
T00006548,A0001688,2025-04-12,DEPOSIT,1303000.0
T00006549,A0001174,2025-04-03,TRANSFER,1020000.0
T00006550,A0000131,2025-03-27,DEPOSIT,103000.0
T00006551,A0001382,2025-12-20,TRANSFER,2063000.0
T00006552,A0001608,2026-01-31,DEPOSIT,3109000.0
T00006553,A0001786,2026-05-06,WITHDRAWAL,3806000.0
T00006554,A0001536,2025-11-17,TRANSFER,2980000.0
T00006555,A0000782,2025-04-12,TRANSFER,2755000.0
T00006556,A0000349,2026-01-15,DEPOSIT,1033000.0
T00006557,A0000495,2025-11-07,WITHDRAWAL,1814000.0
T00006558,A0000740,2026-02-14,TRANSFER,263000.0
T00006559,A0000770,2025-01-21,TRANSFER,851000.0
T00006560,A0001178,2025-07-21,TRANSFER,2503000.0
T00006561,A0000556,2026-05-24,DEPOSIT,2164000.0
T00006562,A0000418,2025-01-06,TRANSFER,947000.0
T00006563,A0001628,2026-03-09,DEPOSIT,1837000.0
T00006564,A0000529,2025-01-16,DEPOSIT,4196000.0
T00006565,A0000742,2025-11-25,WITHDRAWAL,4002000.0
T00006566,A0000444,2025-05-19,WITHDRAWAL,2004000.0
T00006567,A0000124,2025-11-25,TRANSFER,168000.0
T00006568,A0000926,2026-03-07,WITHDRAWAL,1959000.0
T00006569,A0000989,2025-09-26,WITHDRAWAL,3059000.0
T00006570,A0001016,2025-02-06,WITHDRAWAL,1856000.0
T00006571,A0000308,2025-12-09,DEPOSIT,4121000.0
T00006572,A0000604,2026-06-12,TRANSFER,1984000.0
T00006573,A0000545,2025-01-31,TRANSFER,4492000.0
T00006574,A0001770,2026-08-19,WITHDRAWAL,161000.0
T00006575,A0001742,2026-04-01,DEPOSIT,1051000.0
T00006576,A0000937,2026-08-01,WITHDRAWAL,3736000.0
T00006577,A0000055,2025-12-08,DEPOSIT,1184000.0
T00006578,A0001439,2025-12-29,TRANSFER,262000.0
T00006579,A0001374,2026-08-13,WITHDRAWAL,1077000.0
T00006580,A0000836,2025-05-11,WITHDRAWAL,3645000.0
T00006581,A0000818,2025-04-14,TRANSFER,510000.0
T00006582,A0000623,2025-10-17,TRANSFER,3867000.0
T00006583,A0000296,2025-02-05,WITHDRAWAL,2236000.0
T00006584,A0001297,2025-10-03,WITHDRAWAL,4442000.0
T00006585,A0000165,2026-08-03,TRANSFER,3956000.0
T00006586,A0000014,2025-07-13,DEPOSIT,3746000.0
T00006587,A0001620,2025-10-21,WITHDRAWAL,1766000.0
T00006588,A0001102,2026-05-07,TRANSFER,4063000.0
T00006589,A0001141,2025-06-29,DEPOSIT,2543000.0
T00006590,A0001135,2025-02-28,DEPOSIT,2507000.0
T00006591,A0000040,2026-06-28,TRANSFER,941000.0
T00006592,A0000156,2025-11-05,WITHDRAWAL,4689000.0
T00006593,A0000702,2025-09-04,WITHDRAWAL,543000.0
T00006594,A0000699,2025-03-25,DEPOSIT,3996000.0
T00006595,A0000793,2025-03-13,DEPOSIT,592000.0
T00006596,A0001549,2026-06-27,WITHDRAWAL,4911000.0
T00006597,A0000142,2025-04-13,TRANSFER,3957000.0
T00006598,A0000845,2025-06-30,WITHDRAWAL,4261000.0
T00006599,A0000689,2025-02-03,DEPOSIT,695000.0
T00006600,A0001131,2025-06-20,DEPOSIT,1272000.0
T00006601,A0000375,2026-02-03,WITHDRAWAL,3418000.0
T00006602,A0001402,2025-08-04,DEPOSIT,808000.0
T00006603,A0001648,2025-06-13,WITHDRAWAL,1402000.0
T00006604,A0000309,2025-04-26,DEPOSIT,3541000.0
T00006605,A0001710,2025-01-10,TRANSFER,1341000.0
T00006606,A0001321,2025-03-03,TRANSFER,3123000.0
T00006607,A0001720,2025-08-14,DEPOSIT,3482000.0
T00006608,A0000439,2025-11-02,WITHDRAWAL,4211000.0
T00006609,A0000546,2025-01-24,TRANSFER,2899000.0
T00006610,A0000307,2026-05-14,TRANSFER,1420000.0
T00006611,A0000011,2025-09-24,TRANSFER,870000.0
T00006612,A0000075,2025-02-06,TRANSFER,1798000.0
T00006613,A0001044,2025-04-08,WITHDRAWAL,4905000.0
T00006614,A0000654,2025-03-04,WITHDRAWAL,1266000.0
T00006615,A0001269,2025-03-05,TRANSFER,4704000.0
T00006616,A0001708,2025-12-11,WITHDRAWAL,1828000.0
T00006617,A0000768,2026-08-14,WITHDRAWAL,310000.0
T00006618,A0000863,2025-06-26,WITHDRAWAL,3378000.0
T00006619,A0000049,2026-01-12,WITHDRAWAL,4667000.0
T00006620,A0000445,2026-03-27,DEPOSIT,1459000.0
T00006621,A0000548,2026-01-10,WITHDRAWAL,796000.0
T00006622,A0000187,2026-02-04,DEPOSIT,3806000.0
T00006623,A0001458,2025-05-08,TRANSFER,3748000.0
T00006624,A0001252,2025-02-07,DEPOSIT,1142000.0
T00006625,A0001243,2026-01-23,TRANSFER,1861000.0
T00006626,A0000575,2025-10-13,DEPOSIT,739000.0
T00006627,A0001295,2025-08-13,WITHDRAWAL,2390000.0
T00006628,A0000785,2025-11-23,WITHDRAWAL,357000.0
T00006629,A0000859,2025-01-23,DEPOSIT,1040000.0
T00006630,A0000740,2026-02-23,WITHDRAWAL,451000.0
T00006631,A0001228,2026-02-18,TRANSFER,2507000.0
T00006632,A0001228,2025-12-17,DEPOSIT,1889000.0
T00006633,A0001598,2025-10-01,DEPOSIT,2618000.0
T00006634,A0001292,2026-01-25,TRANSFER,2589000.0
T00006635,A0000243,2025-06-02,DEPOSIT,2615000.0
T00006636,A0000416,2025-11-18,TRANSFER,2313000.0
T00006637,A0000301,2025-04-17,WITHDRAWAL,4964000.0
T00006638,A0000653,2026-04-12,WITHDRAWAL,4490000.0
T00006639,A0001314,2026-08-17,DEPOSIT,2592000.0
T00006640,A0000346,2025-03-08,DEPOSIT,3492000.0
T00006641,A0000807,2025-06-24,DEPOSIT,896000.0
T00006642,A0001600,2026-02-13,TRANSFER,1027000.0
T00006643,A0000605,2025-01-26,DEPOSIT,1959000.0
T00006644,A0000715,2025-06-14,DEPOSIT,4009000.0
T00006645,A0000371,2025-02-20,WITHDRAWAL,1939000.0
T00006646,A0000420,2026-03-05,DEPOSIT,2079000.0
T00006647,A0000168,2026-03-22,TRANSFER,424000.0
T00006648,A0001793,2025-11-24,WITHDRAWAL,1439000.0
T00006649,A0000614,2026-06-10,TRANSFER,1899000.0
T00006650,A0001195,2025-02-16,TRANSFER,3929000.0
T00006651,A0000349,2025-12-03,DEPOSIT,2158000.0
T00006652,A0000233,2025-08-31,TRANSFER,4030000.0
T00006653,A0000201,2026-05-19,TRANSFER,214000.0
T00006654,A0000148,2026-08-15,TRANSFER,879000.0
T00006655,A0000472,2025-01-29,WITHDRAWAL,3644000.0
T00006656,A0001179,2025-11-22,TRANSFER,2912000.0
T00006657,A0001124,2026-01-12,TRANSFER,859000.0
T00006658,A0000985,2025-03-26,WITHDRAWAL,4378000.0
T00006659,A0000844,2025-12-09,DEPOSIT,4387000.0
T00006660,A0001636,2026-05-03,WITHDRAWAL,1109000.0
T00006661,A0000855,2026-01-04,TRANSFER,1680000.0
T00006662,A0000273,2025-03-27,WITHDRAWAL,4862000.0
T00006663,A0001472,2025-03-23,TRANSFER,2707000.0
T00006664,A0000217,2026-05-07,WITHDRAWAL,1798000.0
T00006665,A0000279,2025-09-04,DEPOSIT,1158000.0
T00006666,A0001181,2025-12-14,WITHDRAWAL,2894000.0
T00006667,A0000805,2025-12-25,WITHDRAWAL,3028000.0
T00006668,A0001596,2025-12-12,TRANSFER,4144000.0
T00006669,A0001138,2025-05-02,DEPOSIT,1221000.0
T00006670,A0000055,2026-06-16,WITHDRAWAL,67000.0
T00006671,A0001277,2026-07-01,DEPOSIT,2654000.0
T00006672,A0000112,2026-08-05,TRANSFER,384000.0
T00006673,A0001264,2025-06-16,DEPOSIT,3967000.0
T00006674,A0001664,2025-10-08,TRANSFER,869000.0
T00006675,A0001644,2026-02-24,TRANSFER,3305000.0
T00006676,A0001307,2025-11-15,TRANSFER,2562000.0
T00006677,A0001150,2025-02-12,WITHDRAWAL,217000.0
T00006678,A0000625,2025-06-22,TRANSFER,854000.0
T00006679,A0001484,2025-06-16,WITHDRAWAL,4557000.0
T00006680,A0001453,2025-11-21,TRANSFER,3898000.0
T00006681,A0001608,2026-06-27,TRANSFER,323000.0
T00006682,A0000881,2025-07-21,WITHDRAWAL,757000.0
T00006683,A0000023,2025-01-10,DEPOSIT,2517000.0
T00006684,A0000263,2026-07-06,WITHDRAWAL,4995000.0
T00006685,A0001290,2026-02-19,TRANSFER,927000.0
T00006686,A0000292,2026-03-09,TRANSFER,4820000.0
T00006687,A0001718,2025-12-14,WITHDRAWAL,656000.0
T00006688,A0000170,2026-04-19,WITHDRAWAL,2304000.0
T00006689,A0000232,2026-01-28,WITHDRAWAL,2160000.0
T00006690,A0000999,2025-04-19,DEPOSIT,1004000.0
T00006691,A0001447,2026-04-14,WITHDRAWAL,3060000.0
T00006692,A0000723,2025-10-08,DEPOSIT,4043000.0
T00006693,A0000512,2026-08-20,DEPOSIT,3881000.0
T00006694,A0001068,2025-04-04,DEPOSIT,2250000.0
T00006695,A0000052,2025-11-07,WITHDRAWAL,4480000.0
T00006696,A0000275,2025-11-12,TRANSFER,3246000.0
T00006697,A0001114,2025-12-08,TRANSFER,3249000.0
T00006698,A0000861,2026-02-23,WITHDRAWAL,4549000.0
T00006699,A0001121,2026-04-06,WITHDRAWAL,1952000.0
T00006700,A0001680,2026-01-11,DEPOSIT,1864000.0
T00006701,A0001707,2025-12-17,DEPOSIT,3799000.0
T00006702,A0000703,2025-08-11,WITHDRAWAL,3753000.0
T00006703,A0001134,2026-05-03,DEPOSIT,2273000.0
T00006704,A0000281,2026-08-19,DEPOSIT,4885000.0
T00006705,A0000501,2025-11-17,DEPOSIT,3462000.0
T00006706,A0000460,2025-06-02,DEPOSIT,1253000.0
T00006707,A0000230,2026-02-16,WITHDRAWAL,91000.0
T00006708,A0000027,2026-08-23,DEPOSIT,2279000.0
T00006709,A0000873,2026-02-13,WITHDRAWAL,3839000.0
T00006710,A0000214,2026-03-31,WITHDRAWAL,4291000.0
T00006711,A0000640,2025-08-18,DEPOSIT,3674000.0
T00006712,A0001789,2026-05-11,WITHDRAWAL,4279000.0
T00006713,A0001242,2026-02-10,DEPOSIT,4980000.0
T00006714,A0001583,2025-05-21,DEPOSIT,4137000.0
T00006715,A0000904,2026-07-20,DEPOSIT,1509000.0
T00006716,A0000812,2026-06-15,DEPOSIT,3662000.0
T00006717,A0000550,2026-06-16,WITHDRAWAL,1245000.0
T00006718,A0001762,2025-02-22,DEPOSIT,831000.0
T00006719,A0001256,2025-09-17,DEPOSIT,3309000.0
T00006720,A0000403,2025-05-18,DEPOSIT,3857000.0
T00006721,A0000313,2025-05-13,WITHDRAWAL,336000.0
T00006722,A0001748,2026-03-24,DEPOSIT,3300000.0
T00006723,A0001586,2026-04-28,TRANSFER,1245000.0
T00006724,A0001448,2026-08-25,WITHDRAWAL,3750000.0
T00006725,A0001383,2026-08-23,DEPOSIT,669000.0
T00006726,A0000578,2025-03-12,TRANSFER,4196000.0
T00006727,A0001451,2026-02-28,TRANSFER,4072000.0
T00006728,A0001274,2025-01-31,WITHDRAWAL,2628000.0
T00006729,A0000168,2026-03-15,TRANSFER,1090000.0
T00006730,A0000791,2025-03-25,WITHDRAWAL,2541000.0
T00006731,A0000441,2025-12-09,WITHDRAWAL,1559000.0
T00006732,A0001503,2026-03-06,DEPOSIT,2028000.0
T00006733,A0000445,2025-09-17,TRANSFER,144000.0
T00006734,A0001058,2025-06-12,DEPOSIT,3051000.0
T00006735,A0000556,2025-10-10,WITHDRAWAL,1211000.0
T00006736,A0000617,2026-03-27,TRANSFER,3519000.0
T00006737,A0000826,2025-04-12,WITHDRAWAL,4954000.0
T00006738,A0000435,2026-01-21,WITHDRAWAL,176000.0
T00006739,A0001062,2025-04-07,TRANSFER,201000.0
T00006740,A0000109,2025-06-09,TRANSFER,432000.0
T00006741,A0001160,2025-08-27,WITHDRAWAL,3007000.0
T00006742,A0000983,2026-05-29,TRANSFER,393000.0
T00006743,A0000592,2025-09-07,DEPOSIT,4626000.0
T00006744,A0000672,2025-09-30,DEPOSIT,439000.0
T00006745,A0001398,2025-02-24,DEPOSIT,4795000.0
T00006746,A0001121,2025-09-08,WITHDRAWAL,4379000.0
T00006747,A0001435,2025-09-05,TRANSFER,545000.0
T00006748,A0001047,2025-06-02,DEPOSIT,3372000.0
T00006749,A0000675,2025-11-24,WITHDRAWAL,2356000.0
T00006750,A0001188,2025-01-12,WITHDRAWAL,2175000.0
T00006751,A0001064,2025-01-15,DEPOSIT,667000.0
T00006752,A0000957,2025-05-07,TRANSFER,2002000.0
T00006753,A0001375,2025-05-30,WITHDRAWAL,4155000.0
T00006754,A0000223,2026-01-02,TRANSFER,2516000.0
T00006755,A0001447,2026-08-05,TRANSFER,901000.0
T00006756,A0000899,2025-04-09,TRANSFER,3677000.0
T00006757,A0000361,2026-01-26,TRANSFER,4443000.0
T00006758,A0000266,2026-05-18,DEPOSIT,857000.0
T00006759,A0001298,2025-01-03,WITHDRAWAL,3635000.0
T00006760,A0000563,2025-11-28,TRANSFER,874000.0
T00006761,A0000985,2025-08-16,TRANSFER,915000.0
T00006762,A0001254,2025-10-16,WITHDRAWAL,4165000.0
T00006763,A0001400,2026-03-31,WITHDRAWAL,4103000.0
T00006764,A0000410,2025-12-12,TRANSFER,1535000.0
T00006765,A0000206,2025-10-25,DEPOSIT,854000.0
T00006766,A0001364,2025-04-22,DEPOSIT,4894000.0
T00006767,A0000769,2025-02-12,TRANSFER,1830000.0
T00006768,A0001519,2025-08-11,WITHDRAWAL,3743000.0
T00006769,A0001645,2026-07-09,WITHDRAWAL,3241000.0
T00006770,A0001373,2026-06-12,WITHDRAWAL,2842000.0
T00006771,A0000651,2025-10-17,TRANSFER,3694000.0
T00006772,A0000239,2025-11-09,WITHDRAWAL,1489000.0
T00006773,A0000996,2025-04-19,WITHDRAWAL,1586000.0
T00006774,A0000636,2026-07-12,WITHDRAWAL,1943000.0
T00006775,A0001027,2025-01-29,TRANSFER,901000.0
T00006776,A0001335,2025-10-17,WITHDRAWAL,2121000.0
T00006777,A0000055,2026-04-28,WITHDRAWAL,134000.0
T00006778,A0000320,2026-04-13,TRANSFER,4376000.0
T00006779,A0001008,2026-07-29,DEPOSIT,4773000.0
T00006780,A0000801,2025-02-15,WITHDRAWAL,4218000.0
T00006781,A0001209,2026-02-04,WITHDRAWAL,3270000.0
T00006782,A0000118,2026-05-12,DEPOSIT,3588000.0
T00006783,A0000803,2026-02-24,TRANSFER,4298000.0
T00006784,A0001678,2025-02-14,DEPOSIT,838000.0
T00006785,A0000848,2025-03-22,DEPOSIT,1831000.0
T00006786,A0001424,2026-07-24,TRANSFER,797000.0
T00006787,A0000264,2025-11-12,WITHDRAWAL,2354000.0
T00006788,A0001346,2025-04-03,WITHDRAWAL,478000.0
T00006789,A0000045,2026-03-27,DEPOSIT,4533000.0
T00006790,A0000796,2025-02-05,DEPOSIT,556000.0
T00006791,A0000406,2026-04-12,TRANSFER,1818000.0
T00006792,A0000961,2025-09-11,TRANSFER,2350000.0
T00006793,A0001433,2025-05-12,TRANSFER,1925000.0
T00006794,A0001132,2025-11-22,WITHDRAWAL,344000.0
T00006795,A0001397,2025-05-10,DEPOSIT,2089000.0
T00006796,A0001738,2026-04-15,WITHDRAWAL,1655000.0
T00006797,A0000353,2025-12-07,DEPOSIT,802000.0
T00006798,A0000178,2025-12-07,DEPOSIT,743000.0
T00006799,A0000250,2026-07-06,TRANSFER,98000.0
T00006800,A0000693,2025-05-30,WITHDRAWAL,182000.0
T00006801,A0001152,2025-08-24,TRANSFER,54000.0
T00006802,A0001438,2025-09-08,WITHDRAWAL,3260000.0
T00006803,A0000559,2026-03-10,TRANSFER,407000.0
T00006804,A0001375,2026-02-25,TRANSFER,2346000.0
T00006805,A0001747,2025-03-27,TRANSFER,1171000.0
T00006806,A0000482,2026-01-05,WITHDRAWAL,1491000.0
T00006807,A0001749,2026-05-24,WITHDRAWAL,2591000.0
T00006808,A0000649,2025-04-26,WITHDRAWAL,4865000.0
T00006809,A0001068,2025-11-28,TRANSFER,3735000.0
T00006810,A0001183,2025-02-06,TRANSFER,1870000.0
T00006811,A0001500,2025-04-27,WITHDRAWAL,112000.0
T00006812,A0000675,2025-02-25,TRANSFER,3082000.0
T00006813,A0000887,2025-04-07,TRANSFER,3268000.0
T00006814,A0000558,2025-12-21,TRANSFER,4495000.0
T00006815,A0000223,2025-09-09,DEPOSIT,1585000.0
T00006816,A0001573,2025-12-28,TRANSFER,2343000.0
T00006817,A0000417,2025-09-08,DEPOSIT,2036000.0
T00006818,A0001365,2025-03-20,DEPOSIT,3522000.0
T00006819,A0001349,2025-12-25,TRANSFER,2939000.0
T00006820,A0000234,2025-09-08,DEPOSIT,1291000.0
T00006821,A0001335,2026-04-26,DEPOSIT,857000.0
T00006822,A0001776,2026-03-10,TRANSFER,1732000.0
T00006823,A0000116,2026-07-17,TRANSFER,2313000.0
T00006824,A0000039,2026-06-11,WITHDRAWAL,980000.0
T00006825,A0001757,2025-03-15,TRANSFER,4806000.0
T00006826,A0001768,2025-06-29,WITHDRAWAL,3215000.0
T00006827,A0000215,2026-01-06,DEPOSIT,1296000.0
T00006828,A0000151,2026-02-23,DEPOSIT,1784000.0
T00006829,A0001330,2026-04-03,TRANSFER,344000.0
T00006830,A0001226,2025-10-12,TRANSFER,3492000.0
T00006831,A0000576,2026-06-22,TRANSFER,3583000.0
T00006832,A0000165,2026-06-21,WITHDRAWAL,4869000.0
T00006833,A0001360,2025-09-10,TRANSFER,1962000.0
T00006834,A0000392,2025-01-26,DEPOSIT,71000.0
T00006835,A0001091,2025-03-30,DEPOSIT,1218000.0
T00006836,A0000849,2026-07-17,TRANSFER,3220000.0
T00006837,A0000078,2025-06-27,TRANSFER,23000.0
T00006838,A0000134,2025-09-26,DEPOSIT,680000.0
T00006839,A0000246,2026-03-27,DEPOSIT,1891000.0
T00006840,A0000089,2025-04-09,TRANSFER,1417000.0
T00006841,A0000492,2025-07-07,TRANSFER,607000.0
T00006842,A0000080,2026-01-09,DEPOSIT,956000.0
T00006843,A0001798,2026-06-16,TRANSFER,1682000.0
T00006844,A0001569,2026-02-05,DEPOSIT,2250000.0
T00006845,A0001236,2026-01-16,WITHDRAWAL,3344000.0
T00006846,A0001038,2025-01-03,TRANSFER,1377000.0
T00006847,A0000110,2026-06-30,TRANSFER,3932000.0
T00006848,A0001105,2025-10-22,TRANSFER,2796000.0
T00006849,A0001625,2025-03-31,DEPOSIT,1507000.0
T00006850,A0001032,2025-01-10,WITHDRAWAL,1589000.0
T00006851,A0000669,2026-05-04,TRANSFER,2629000.0
T00006852,A0000793,2025-01-27,DEPOSIT,4179000.0
T00006853,A0001769,2026-03-02,WITHDRAWAL,4104000.0
T00006854,A0000144,2025-05-17,TRANSFER,3959000.0
T00006855,A0000749,2025-01-27,TRANSFER,656000.0
T00006856,A0001339,2026-06-20,DEPOSIT,4473000.0
T00006857,A0001182,2025-10-05,DEPOSIT,1411000.0
T00006858,A0001104,2025-06-05,DEPOSIT,3805000.0
T00006859,A0000783,2025-08-11,TRANSFER,883000.0
T00006860,A0000257,2025-04-28,DEPOSIT,907000.0
T00006861,A0001678,2026-04-07,DEPOSIT,3237000.0
T00006862,A0001101,2025-11-12,WITHDRAWAL,4431000.0
T00006863,A0000083,2026-02-15,WITHDRAWAL,76000.0
T00006864,A0001312,2025-01-16,DEPOSIT,2026000.0
T00006865,A0000575,2026-07-21,WITHDRAWAL,64000.0
T00006866,A0000622,2025-10-19,DEPOSIT,284000.0
T00006867,A0001172,2026-06-03,DEPOSIT,3836000.0
T00006868,A0000111,2025-11-21,DEPOSIT,4546000.0
T00006869,A0000069,2026-02-22,TRANSFER,1761000.0
T00006870,A0001017,2026-06-06,DEPOSIT,4256000.0
T00006871,A0000184,2025-08-10,WITHDRAWAL,3743000.0
T00006872,A0000061,2026-01-16,WITHDRAWAL,3513000.0
T00006873,A0000728,2026-08-05,DEPOSIT,1763000.0
T00006874,A0001033,2025-03-12,WITHDRAWAL,765000.0
T00006875,A0001626,2025-08-27,WITHDRAWAL,652000.0
T00006876,A0001269,2025-01-31,TRANSFER,3075000.0
T00006877,A0001613,2026-05-17,TRANSFER,2667000.0
T00006878,A0000169,2025-09-07,WITHDRAWAL,835000.0
T00006879,A0001519,2026-07-21,DEPOSIT,528000.0
T00006880,A0000363,2025-03-17,WITHDRAWAL,232000.0
T00006881,A0001476,2026-04-07,TRANSFER,1139000.0
T00006882,A0001712,2025-12-07,WITHDRAWAL,2194000.0
T00006883,A0000327,2025-06-16,TRANSFER,140000.0
T00006884,A0001522,2025-12-03,DEPOSIT,1695000.0
T00006885,A0000435,2025-05-17,DEPOSIT,3942000.0
T00006886,A0000144,2025-02-23,DEPOSIT,1561000.0
T00006887,A0000484,2025-05-26,DEPOSIT,4924000.0
T00006888,A0001665,2026-04-20,TRANSFER,667000.0
T00006889,A0000902,2025-06-22,DEPOSIT,3477000.0
T00006890,A0001025,2025-07-26,WITHDRAWAL,2615000.0
T00006891,A0001608,2025-09-14,WITHDRAWAL,1136000.0
T00006892,A0000195,2025-06-03,TRANSFER,4931000.0
T00006893,A0001759,2025-10-18,DEPOSIT,320000.0
T00006894,A0000024,2025-11-23,WITHDRAWAL,6000.0
T00006895,A0001297,2026-04-02,DEPOSIT,256000.0
T00006896,A0001374,2025-09-08,WITHDRAWAL,588000.0
T00006897,A0001301,2025-08-03,TRANSFER,4860000.0
T00006898,A0001423,2026-01-08,WITHDRAWAL,3251000.0
T00006899,A0001460,2025-08-30,TRANSFER,1286000.0
T00006900,A0000838,2026-05-10,DEPOSIT,2998000.0
T00006901,A0000175,2026-01-29,WITHDRAWAL,4142000.0
T00006902,A0001008,2026-08-05,DEPOSIT,2007000.0
T00006903,A0001725,2026-03-03,WITHDRAWAL,926000.0
T00006904,A0000977,2026-04-16,WITHDRAWAL,2061000.0
T00006905,A0000290,2026-01-03,WITHDRAWAL,3245000.0
T00006906,A0001250,2025-08-23,DEPOSIT,1756000.0
T00006907,A0000009,2026-06-24,TRANSFER,4828000.0
T00006908,A0001341,2025-09-22,DEPOSIT,799000.0
T00006909,A0000391,2026-01-25,TRANSFER,245000.0
T00006910,A0000727,2025-03-03,DEPOSIT,3068000.0
T00006911,A0000437,2025-07-15,WITHDRAWAL,1749000.0
T00006912,A0001093,2025-01-04,WITHDRAWAL,474000.0
T00006913,A0001618,2025-06-11,DEPOSIT,955000.0
T00006914,A0001750,2025-12-03,DEPOSIT,3240000.0
T00006915,A0000520,2025-08-02,WITHDRAWAL,3491000.0
T00006916,A0000875,2026-04-29,DEPOSIT,4280000.0
T00006917,A0001037,2025-12-26,WITHDRAWAL,1476000.0
T00006918,A0001013,2025-06-06,WITHDRAWAL,2118000.0
T00006919,A0000406,2025-09-23,WITHDRAWAL,920000.0
T00006920,A0000227,2025-06-22,DEPOSIT,4007000.0
T00006921,A0000867,2026-08-25,WITHDRAWAL,2127000.0
T00006922,A0000675,2026-04-26,TRANSFER,3289000.0
T00006923,A0001332,2025-04-06,DEPOSIT,1791000.0
T00006924,A0000851,2025-04-26,WITHDRAWAL,1841000.0
T00006925,A0000689,2026-02-15,WITHDRAWAL,4441000.0
T00006926,A0000623,2026-03-19,TRANSFER,4079000.0
T00006927,A0001063,2026-02-17,TRANSFER,590000.0
T00006928,A0000163,2026-02-12,TRANSFER,3084000.0
T00006929,A0001581,2025-05-07,WITHDRAWAL,1448000.0
T00006930,A0000928,2025-10-31,TRANSFER,515000.0
T00006931,A0001663,2026-02-28,WITHDRAWAL,2484000.0
T00006932,A0000302,2025-01-03,DEPOSIT,792000.0
T00006933,A0001705,2025-03-07,TRANSFER,2075000.0
T00006934,A0001626,2025-03-15,TRANSFER,1658000.0
T00006935,A0000869,2025-01-20,WITHDRAWAL,3059000.0
T00006936,A0000597,2025-04-12,DEPOSIT,381000.0
T00006937,A0000007,2026-04-02,TRANSFER,49000.0
T00006938,A0000819,2026-02-16,TRANSFER,4449000.0
T00006939,A0000928,2025-11-18,TRANSFER,616000.0
T00006940,A0001062,2026-01-06,TRANSFER,4748000.0
T00006941,A0001204,2026-04-27,TRANSFER,4508000.0
T00006942,A0000785,2025-07-30,DEPOSIT,3600000.0
T00006943,A0001611,2025-02-01,DEPOSIT,2671000.0
T00006944,A0001138,2025-04-16,WITHDRAWAL,1659000.0
T00006945,A0000960,2025-05-16,TRANSFER,4158000.0
T00006946,A0000860,2026-04-04,WITHDRAWAL,1865000.0
T00006947,A0000093,2025-04-24,TRANSFER,2517000.0
T00006948,A0000570,2026-03-08,TRANSFER,1873000.0
T00006949,A0000222,2025-11-20,DEPOSIT,1192000.0
T00006950,A0001296,2025-06-23,DEPOSIT,3679000.0
T00006951,A0000029,2025-07-29,DEPOSIT,2364000.0
T00006952,A0000093,2025-10-24,DEPOSIT,1778000.0
T00006953,A0001011,2025-06-29,TRANSFER,4147000.0
T00006954,A0000817,2026-01-11,TRANSFER,1528000.0
T00006955,A0001159,2025-10-19,DEPOSIT,4904000.0
T00006956,A0000893,2026-07-16,TRANSFER,2929000.0
T00006957,A0000325,2025-11-14,WITHDRAWAL,850000.0
T00006958,A0001712,2026-05-16,TRANSFER,2316000.0
T00006959,A0000618,2026-08-11,WITHDRAWAL,367000.0
T00006960,A0000781,2026-08-19,DEPOSIT,3911000.0
T00006961,A0001418,2026-08-21,WITHDRAWAL,4307000.0
T00006962,A0001197,2025-11-30,TRANSFER,3268000.0
T00006963,A0001795,2026-07-20,TRANSFER,4315000.0
T00006964,A0000159,2026-02-01,WITHDRAWAL,754000.0
T00006965,A0000803,2025-09-29,WITHDRAWAL,4433000.0
T00006966,A0000526,2025-03-17,TRANSFER,51000.0
T00006967,A0000119,2025-09-05,WITHDRAWAL,137000.0
T00006968,A0001628,2025-03-14,DEPOSIT,522000.0
T00006969,A0000551,2026-05-03,WITHDRAWAL,1517000.0
T00006970,A0001375,2025-03-05,DEPOSIT,2802000.0
T00006971,A0001434,2025-10-11,WITHDRAWAL,4321000.0
T00006972,A0000484,2026-07-27,WITHDRAWAL,3095000.0
T00006973,A0000684,2026-02-16,TRANSFER,3238000.0
T00006974,A0001101,2025-01-25,TRANSFER,1657000.0
T00006975,A0000370,2025-11-17,TRANSFER,3838000.0
T00006976,A0001120,2025-11-19,DEPOSIT,1866000.0
T00006977,A0001080,2025-08-07,TRANSFER,575000.0
T00006978,A0001315,2026-08-05,DEPOSIT,461000.0
T00006979,A0000333,2026-02-26,WITHDRAWAL,391000.0
T00006980,A0000814,2025-04-17,WITHDRAWAL,2633000.0
T00006981,A0000123,2025-08-01,TRANSFER,2319000.0
T00006982,A0001496,2025-08-18,WITHDRAWAL,3215000.0
T00006983,A0000844,2025-10-19,TRANSFER,544000.0
T00006984,A0000405,2025-06-02,TRANSFER,1219000.0
T00006985,A0001056,2025-04-06,WITHDRAWAL,4455000.0
T00006986,A0000009,2025-05-21,TRANSFER,644000.0
T00006987,A0000506,2025-10-18,WITHDRAWAL,2420000.0
T00006988,A0001459,2026-07-03,WITHDRAWAL,2658000.0
T00006989,A0000595,2026-01-20,WITHDRAWAL,2381000.0
T00006990,A0000541,2025-12-20,TRANSFER,1470000.0
T00006991,A0001203,2025-10-30,TRANSFER,348000.0
T00006992,A0001598,2025-03-14,WITHDRAWAL,4402000.0
T00006993,A0000478,2026-05-14,DEPOSIT,3261000.0
T00006994,A0000164,2026-03-26,WITHDRAWAL,3195000.0
T00006995,A0000310,2025-09-08,TRANSFER,1291000.0
T00006996,A0001286,2026-06-05,DEPOSIT,3384000.0
T00006997,A0000942,2026-04-24,WITHDRAWAL,1555000.0
T00006998,A0000083,2026-04-17,TRANSFER,1428000.0
T00006999,A0000239,2025-11-23,DEPOSIT,171000.0
T00007000,A0000696,2025-09-13,DEPOSIT,4935000.0
T00007001,A0001334,2025-09-20,TRANSFER,4242000.0
T00007002,A0000866,2026-01-10,WITHDRAWAL,2806000.0
T00007003,A0000443,2025-10-15,TRANSFER,3663000.0
T00007004,A0000951,2025-02-12,DEPOSIT,4882000.0
T00007005,A0001375,2025-06-26,DEPOSIT,4738000.0
T00007006,A0000079,2025-01-24,WITHDRAWAL,522000.0
T00007007,A0000572,2026-01-21,WITHDRAWAL,952000.0
T00007008,A0001267,2025-09-10,TRANSFER,1909000.0
T00007009,A0000044,2025-12-08,TRANSFER,2658000.0
T00007010,A0001263,2026-04-27,WITHDRAWAL,326000.0
T00007011,A0001101,2025-05-17,TRANSFER,1390000.0
T00007012,A0000378,2025-01-07,WITHDRAWAL,3447000.0
T00007013,A0000274,2026-06-19,WITHDRAWAL,1894000.0
T00007014,A0000300,2026-04-12,DEPOSIT,2033000.0
T00007015,A0001713,2025-01-07,DEPOSIT,1595000.0
T00007016,A0000540,2025-09-21,TRANSFER,3049000.0
T00007017,A0001571,2025-11-07,DEPOSIT,4611000.0
T00007018,A0000085,2026-06-20,TRANSFER,3075000.0
T00007019,A0001396,2026-06-22,DEPOSIT,661000.0
T00007020,A0001373,2025-03-12,TRANSFER,3590000.0
T00007021,A0000881,2025-01-14,TRANSFER,4250000.0
T00007022,A0000950,2025-04-01,WITHDRAWAL,3478000.0
T00007023,A0000280,2025-08-05,DEPOSIT,3896000.0
T00007024,A0001628,2026-08-04,TRANSFER,1906000.0
T00007025,A0000500,2026-06-18,TRANSFER,208000.0
T00007026,A0001512,2025-11-03,TRANSFER,1250000.0
T00007027,A0001443,2026-05-25,TRANSFER,3916000.0
T00007028,A0001090,2025-01-22,WITHDRAWAL,1577000.0
T00007029,A0000168,2025-07-30,TRANSFER,4078000.0
T00007030,A0001489,2025-08-12,WITHDRAWAL,3659000.0
T00007031,A0001774,2025-03-17,DEPOSIT,1293000.0
T00007032,A0000972,2025-08-21,WITHDRAWAL,589000.0
T00007033,A0001431,2025-04-22,WITHDRAWAL,2897000.0
T00007034,A0000344,2026-03-17,WITHDRAWAL,131000.0
T00007035,A0000335,2025-05-30,DEPOSIT,787000.0
T00007036,A0001524,2025-04-06,DEPOSIT,1040000.0
T00007037,A0001420,2026-05-05,WITHDRAWAL,4656000.0
T00007038,A0001292,2025-03-24,DEPOSIT,3491000.0
T00007039,A0001609,2026-02-09,WITHDRAWAL,254000.0
T00007040,A0001178,2026-03-16,DEPOSIT,4861000.0
T00007041,A0001274,2026-01-31,TRANSFER,1078000.0
T00007042,A0001630,2026-01-17,TRANSFER,3115000.0
T00007043,A0000433,2025-07-10,WITHDRAWAL,1591000.0
T00007044,A0000676,2025-05-18,TRANSFER,1434000.0
T00007045,A0001092,2026-07-08,WITHDRAWAL,4719000.0
T00007046,A0000222,2026-02-26,DEPOSIT,951000.0
T00007047,A0000690,2025-10-05,TRANSFER,3103000.0
T00007048,A0001573,2026-06-09,WITHDRAWAL,4350000.0
T00007049,A0000868,2025-01-11,TRANSFER,459000.0
T00007050,A0000341,2025-10-09,WITHDRAWAL,2031000.0
T00007051,A0000638,2025-05-13,WITHDRAWAL,1620000.0
T00007052,A0000612,2026-03-22,WITHDRAWAL,4637000.0
T00007053,A0000123,2026-01-19,DEPOSIT,3313000.0
T00007054,A0000312,2026-08-06,TRANSFER,4494000.0
T00007055,A0001519,2025-10-17,TRANSFER,3943000.0
T00007056,A0001562,2026-02-01,DEPOSIT,2462000.0
T00007057,A0001205,2025-04-28,TRANSFER,1542000.0
T00007058,A0001066,2025-06-26,WITHDRAWAL,4285000.0
T00007059,A0000840,2025-03-01,TRANSFER,4231000.0
T00007060,A0000823,2025-05-29,TRANSFER,1428000.0
T00007061,A0000049,2025-10-29,TRANSFER,2182000.0
T00007062,A0000468,2025-12-15,DEPOSIT,4086000.0
T00007063,A0000951,2025-01-12,TRANSFER,3289000.0
T00007064,A0000341,2025-12-19,WITHDRAWAL,4287000.0
T00007065,A0001778,2025-12-17,TRANSFER,2181000.0
T00007066,A0000530,2025-09-04,TRANSFER,4047000.0
T00007067,A0001295,2025-03-18,DEPOSIT,3831000.0
T00007068,A0000387,2026-07-23,TRANSFER,3461000.0
T00007069,A0000409,2025-06-14,DEPOSIT,430000.0
T00007070,A0000180,2026-04-23,DEPOSIT,2000000.0
T00007071,A0001193,2026-01-23,TRANSFER,1372000.0
T00007072,A0000383,2025-03-22,DEPOSIT,4132000.0
T00007073,A0001506,2026-01-25,TRANSFER,98000.0
T00007074,A0001690,2025-06-26,DEPOSIT,3998000.0
T00007075,A0000794,2025-07-05,DEPOSIT,1562000.0
T00007076,A0000413,2026-07-22,WITHDRAWAL,738000.0
T00007077,A0001321,2026-04-01,TRANSFER,3867000.0
T00007078,A0000856,2025-05-04,WITHDRAWAL,449000.0
T00007079,A0000070,2026-08-10,DEPOSIT,399000.0
T00007080,A0001711,2026-06-30,TRANSFER,3420000.0
T00007081,A0000682,2026-01-14,WITHDRAWAL,399000.0
T00007082,A0001197,2025-05-08,DEPOSIT,1159000.0
T00007083,A0000293,2026-05-03,DEPOSIT,4091000.0
T00007084,A0001556,2025-01-08,DEPOSIT,4669000.0
T00007085,A0000386,2025-04-15,WITHDRAWAL,2748000.0
T00007086,A0000955,2025-03-08,DEPOSIT,3280000.0
T00007087,A0001309,2025-11-17,TRANSFER,1773000.0
T00007088,A0000329,2025-05-10,DEPOSIT,887000.0
T00007089,A0000975,2026-02-21,DEPOSIT,1677000.0
T00007090,A0001467,2026-03-21,TRANSFER,4925000.0
T00007091,A0000801,2026-05-05,WITHDRAWAL,707000.0
T00007092,A0000466,2025-07-21,TRANSFER,1116000.0
T00007093,A0001081,2026-05-21,TRANSFER,365000.0
T00007094,A0001594,2025-11-17,DEPOSIT,239000.0
T00007095,A0001557,2025-04-23,DEPOSIT,4940000.0
T00007096,A0000079,2025-07-10,TRANSFER,1021000.0
T00007097,A0001067,2025-09-13,TRANSFER,1140000.0
T00007098,A0001747,2025-06-01,DEPOSIT,3402000.0
T00007099,A0000793,2026-08-29,WITHDRAWAL,4236000.0
T00007100,A0000316,2026-05-24,DEPOSIT,739000.0
T00007101,A0000625,2025-04-17,WITHDRAWAL,4816000.0
T00007102,A0001508,2025-12-30,WITHDRAWAL,2942000.0
T00007103,A0000924,2025-08-16,TRANSFER,3874000.0
T00007104,A0000168,2026-02-10,WITHDRAWAL,795000.0
T00007105,A0000263,2025-08-17,WITHDRAWAL,3191000.0
T00007106,A0000688,2025-07-27,DEPOSIT,3787000.0
T00007107,A0000668,2025-01-13,WITHDRAWAL,518000.0
T00007108,A0000777,2026-03-29,DEPOSIT,3113000.0
T00007109,A0001116,2026-07-24,TRANSFER,3220000.0
T00007110,A0000274,2026-07-03,DEPOSIT,1861000.0
T00007111,A0001091,2026-03-15,WITHDRAWAL,383000.0
T00007112,A0000405,2025-08-11,DEPOSIT,2496000.0
T00007113,A0000379,2026-08-06,TRANSFER,3074000.0
T00007114,A0001051,2026-05-24,TRANSFER,3652000.0
T00007115,A0000443,2026-01-18,WITHDRAWAL,2401000.0
T00007116,A0000301,2026-07-23,DEPOSIT,733000.0
T00007117,A0000581,2025-08-15,DEPOSIT,1957000.0
T00007118,A0000862,2025-05-14,TRANSFER,4002000.0
T00007119,A0001582,2025-01-24,DEPOSIT,3258000.0
T00007120,A0000503,2026-02-02,DEPOSIT,2981000.0
T00007121,A0000028,2025-03-14,DEPOSIT,680000.0
T00007122,A0000251,2025-09-12,WITHDRAWAL,3645000.0
T00007123,A0000512,2026-07-17,DEPOSIT,3368000.0
T00007124,A0000519,2026-07-15,DEPOSIT,4388000.0
T00007125,A0001331,2025-01-17,TRANSFER,328000.0
T00007126,A0001395,2025-11-21,TRANSFER,3729000.0
T00007127,A0001355,2025-03-29,DEPOSIT,3352000.0
T00007128,A0001082,2025-11-10,WITHDRAWAL,3124000.0
T00007129,A0000125,2026-03-03,TRANSFER,622000.0
T00007130,A0001747,2026-01-13,DEPOSIT,580000.0
T00007131,A0000442,2025-04-25,DEPOSIT,3733000.0
T00007132,A0001168,2025-03-09,TRANSFER,946000.0
T00007133,A0000221,2025-12-19,WITHDRAWAL,4252000.0
T00007134,A0000567,2026-02-07,TRANSFER,2500000.0
T00007135,A0000324,2025-08-23,DEPOSIT,847000.0
T00007136,A0000847,2026-04-04,TRANSFER,4635000.0
T00007137,A0001128,2025-08-04,DEPOSIT,4495000.0
T00007138,A0001262,2025-04-25,WITHDRAWAL,2980000.0
T00007139,A0000207,2026-05-03,WITHDRAWAL,4227000.0
T00007140,A0000860,2026-07-09,TRANSFER,4064000.0
T00007141,A0001034,2026-08-09,TRANSFER,3437000.0
T00007142,A0000057,2026-08-14,WITHDRAWAL,4741000.0
T00007143,A0000583,2025-04-19,TRANSFER,3647000.0
T00007144,A0001640,2026-07-28,WITHDRAWAL,454000.0
T00007145,A0001603,2026-07-28,WITHDRAWAL,4108000.0
T00007146,A0001289,2026-02-25,TRANSFER,4181000.0
T00007147,A0001394,2025-02-06,WITHDRAWAL,1355000.0
T00007148,A0001426,2025-12-13,WITHDRAWAL,2778000.0
T00007149,A0001643,2026-03-24,TRANSFER,274000.0
T00007150,A0001142,2026-07-08,TRANSFER,459000.0
T00007151,A0000621,2026-03-21,TRANSFER,122000.0
T00007152,A0000964,2026-08-17,TRANSFER,2994000.0
T00007153,A0000313,2026-03-01,TRANSFER,1658000.0
T00007154,A0001246,2025-03-14,WITHDRAWAL,4138000.0
T00007155,A0000307,2025-04-28,WITHDRAWAL,865000.0
T00007156,A0000588,2026-02-19,TRANSFER,484000.0
T00007157,A0000410,2025-08-22,TRANSFER,2902000.0
T00007158,A0000307,2026-07-28,WITHDRAWAL,529000.0
T00007159,A0000593,2025-04-17,TRANSFER,1797000.0
T00007160,A0001783,2025-03-25,DEPOSIT,1916000.0
T00007161,A0000470,2025-04-08,TRANSFER,3277000.0
T00007162,A0001045,2025-03-24,WITHDRAWAL,3527000.0
T00007163,A0000707,2026-02-16,DEPOSIT,1427000.0
T00007164,A0001126,2026-04-10,TRANSFER,4615000.0
T00007165,A0001382,2025-07-17,TRANSFER,3400000.0
T00007166,A0001275,2026-05-17,WITHDRAWAL,138000.0
T00007167,A0000189,2026-05-20,TRANSFER,2607000.0
T00007168,A0000284,2026-07-06,WITHDRAWAL,2621000.0
T00007169,A0000978,2025-02-17,WITHDRAWAL,2134000.0
T00007170,A0000228,2026-02-13,DEPOSIT,1618000.0
T00007171,A0001263,2025-09-13,DEPOSIT,454000.0
T00007172,A0000867,2026-05-15,DEPOSIT,3206000.0
T00007173,A0000128,2025-06-13,WITHDRAWAL,1593000.0
T00007174,A0001031,2025-03-05,WITHDRAWAL,2809000.0
T00007175,A0000932,2025-12-15,DEPOSIT,4058000.0
T00007176,A0001707,2026-02-10,DEPOSIT,4157000.0
T00007177,A0001032,2026-06-26,DEPOSIT,4848000.0
T00007178,A0000340,2025-02-27,TRANSFER,4673000.0
T00007179,A0001774,2025-12-12,DEPOSIT,3912000.0
T00007180,A0000954,2026-03-31,TRANSFER,3353000.0
T00007181,A0001006,2026-07-23,WITHDRAWAL,2346000.0
T00007182,A0001164,2025-07-21,WITHDRAWAL,2034000.0
T00007183,A0000048,2025-04-02,DEPOSIT,1982000.0
T00007184,A0001335,2025-08-15,WITHDRAWAL,2307000.0
T00007185,A0000620,2026-01-09,DEPOSIT,1415000.0
T00007186,A0000376,2026-03-11,TRANSFER,4972000.0
T00007187,A0001065,2026-04-29,WITHDRAWAL,4600000.0
T00007188,A0001774,2025-02-01,DEPOSIT,16000.0
T00007189,A0001153,2025-07-15,TRANSFER,4810000.0
T00007190,A0001021,2025-09-30,DEPOSIT,432000.0
T00007191,A0000854,2025-01-05,DEPOSIT,97000.0
T00007192,A0000556,2025-06-30,DEPOSIT,3473000.0
T00007193,A0000990,2025-02-27,DEPOSIT,1399000.0
T00007194,A0000199,2025-07-20,WITHDRAWAL,4392000.0
T00007195,A0000323,2025-12-26,TRANSFER,3058000.0
T00007196,A0000099,2026-04-01,TRANSFER,3108000.0
T00007197,A0000604,2025-09-04,DEPOSIT,4095000.0
T00007198,A0001676,2025-07-06,WITHDRAWAL,3656000.0
T00007199,A0000827,2025-05-16,WITHDRAWAL,1961000.0
T00007200,A0000715,2025-02-27,TRANSFER,3740000.0
T00007201,A0000107,2025-02-08,TRANSFER,2290000.0
T00007202,A0000137,2026-02-05,DEPOSIT,2905000.0
T00007203,A0000661,2025-12-18,DEPOSIT,2664000.0
T00007204,A0000371,2025-09-02,TRANSFER,3954000.0
T00007205,A0001039,2026-05-21,TRANSFER,2590000.0
T00007206,A0000643,2025-01-31,TRANSFER,1643000.0
T00007207,A0001694,2025-11-11,WITHDRAWAL,2885000.0
T00007208,A0000996,2025-12-05,TRANSFER,1491000.0
T00007209,A0001349,2026-08-24,WITHDRAWAL,2404000.0
T00007210,A0000289,2026-04-16,TRANSFER,4289000.0
T00007211,A0001373,2025-10-11,WITHDRAWAL,2276000.0
T00007212,A0001426,2025-03-30,TRANSFER,2415000.0
T00007213,A0001010,2025-12-24,DEPOSIT,4479000.0
T00007214,A0000100,2026-07-02,TRANSFER,1087000.0
T00007215,A0001792,2026-02-01,DEPOSIT,201000.0
T00007216,A0001143,2025-11-13,TRANSFER,1228000.0
T00007217,A0001642,2025-03-30,WITHDRAWAL,559000.0
T00007218,A0001764,2025-09-23,WITHDRAWAL,4229000.0
T00007219,A0000863,2026-04-25,WITHDRAWAL,4325000.0
T00007220,A0001513,2025-04-29,TRANSFER,4327000.0
T00007221,A0000780,2025-09-26,TRANSFER,3008000.0
T00007222,A0000432,2025-05-22,DEPOSIT,2043000.0
T00007223,A0001400,2026-03-11,DEPOSIT,2385000.0
T00007224,A0000550,2026-03-14,DEPOSIT,3288000.0
T00007225,A0001146,2025-11-15,TRANSFER,655000.0
T00007226,A0001235,2025-05-28,TRANSFER,1610000.0
T00007227,A0001534,2025-01-16,WITHDRAWAL,723000.0
T00007228,A0000007,2026-04-22,WITHDRAWAL,2647000.0
T00007229,A0000369,2025-12-23,TRANSFER,4785000.0
T00007230,A0000377,2025-11-03,WITHDRAWAL,17000.0
T00007231,A0000863,2026-06-05,TRANSFER,2113000.0
T00007232,A0001141,2025-04-16,TRANSFER,1182000.0
T00007233,A0001513,2025-05-30,DEPOSIT,3008000.0
T00007234,A0001394,2025-02-15,TRANSFER,3325000.0
T00007235,A0000400,2025-12-13,DEPOSIT,3743000.0
T00007236,A0001758,2026-04-17,WITHDRAWAL,3079000.0
T00007237,A0001348,2025-08-29,TRANSFER,3742000.0
T00007238,A0001535,2026-05-14,WITHDRAWAL,1798000.0
T00007239,A0000443,2025-10-10,TRANSFER,4448000.0
T00007240,A0001327,2026-01-25,TRANSFER,1908000.0
T00007241,A0001573,2025-11-08,WITHDRAWAL,4305000.0
T00007242,A0000682,2025-12-16,TRANSFER,4227000.0
T00007243,A0000228,2025-09-18,DEPOSIT,3032000.0
T00007244,A0001198,2026-04-01,WITHDRAWAL,4313000.0
T00007245,A0001097,2025-06-14,DEPOSIT,3043000.0
T00007246,A0000710,2025-02-08,TRANSFER,2700000.0
T00007247,A0000666,2025-04-14,WITHDRAWAL,4489000.0
T00007248,A0000137,2025-04-12,WITHDRAWAL,2118000.0
T00007249,A0000816,2025-01-23,TRANSFER,3719000.0
T00007250,A0000204,2026-05-15,WITHDRAWAL,3511000.0
T00007251,A0000275,2026-07-21,TRANSFER,1308000.0
T00007252,A0000116,2026-06-17,DEPOSIT,39000.0
T00007253,A0000293,2026-08-04,TRANSFER,1771000.0
T00007254,A0001134,2025-06-16,DEPOSIT,3986000.0
T00007255,A0000701,2025-10-02,TRANSFER,1524000.0
T00007256,A0000916,2026-07-14,TRANSFER,2289000.0
T00007257,A0000516,2025-01-14,WITHDRAWAL,4712000.0
T00007258,A0000036,2025-09-20,DEPOSIT,4733000.0
T00007259,A0000598,2025-09-17,DEPOSIT,2346000.0
T00007260,A0000433,2026-07-17,WITHDRAWAL,1977000.0
T00007261,A0000557,2025-10-30,WITHDRAWAL,919000.0
T00007262,A0001667,2025-06-04,TRANSFER,1619000.0
T00007263,A0001643,2025-12-15,TRANSFER,622000.0
T00007264,A0000851,2025-03-05,TRANSFER,1668000.0
T00007265,A0000382,2026-01-01,TRANSFER,4636000.0
T00007266,A0000886,2026-02-24,WITHDRAWAL,2745000.0
T00007267,A0000053,2026-08-16,TRANSFER,3685000.0
T00007268,A0000306,2025-12-30,WITHDRAWAL,15000.0
T00007269,A0000975,2026-03-13,WITHDRAWAL,3184000.0
T00007270,A0000754,2026-06-19,DEPOSIT,2934000.0
T00007271,A0000951,2026-04-24,WITHDRAWAL,362000.0
T00007272,A0000648,2026-06-09,WITHDRAWAL,4191000.0
T00007273,A0000842,2026-08-08,TRANSFER,981000.0
T00007274,A0001294,2025-09-06,WITHDRAWAL,3290000.0
T00007275,A0000400,2025-04-03,TRANSFER,961000.0
T00007276,A0000641,2025-11-22,WITHDRAWAL,1560000.0
T00007277,A0001716,2026-01-19,TRANSFER,1352000.0
T00007278,A0000052,2025-03-22,WITHDRAWAL,2720000.0
T00007279,A0000105,2025-06-30,WITHDRAWAL,3887000.0
T00007280,A0000847,2025-02-14,WITHDRAWAL,1045000.0
T00007281,A0000587,2026-05-17,WITHDRAWAL,4657000.0
T00007282,A0000902,2026-01-18,DEPOSIT,3097000.0
T00007283,A0000788,2025-05-04,WITHDRAWAL,2134000.0
T00007284,A0000855,2025-04-14,TRANSFER,690000.0
T00007285,A0000891,2025-05-19,DEPOSIT,3570000.0
T00007286,A0001216,2026-07-03,WITHDRAWAL,420000.0
T00007287,A0000276,2026-03-19,TRANSFER,264000.0
T00007288,A0001452,2025-11-14,WITHDRAWAL,1475000.0
T00007289,A0000847,2025-09-17,TRANSFER,2184000.0
T00007290,A0001245,2026-03-25,TRANSFER,1377000.0
T00007291,A0001077,2025-04-23,DEPOSIT,693000.0
T00007292,A0001611,2026-06-03,WITHDRAWAL,4685000.0
T00007293,A0000718,2025-04-28,DEPOSIT,2720000.0
T00007294,A0001148,2025-08-27,WITHDRAWAL,4086000.0
T00007295,A0001481,2025-10-16,DEPOSIT,916000.0
T00007296,A0000094,2026-03-10,TRANSFER,1884000.0
T00007297,A0000460,2025-03-27,WITHDRAWAL,1117000.0
T00007298,A0001610,2026-08-17,DEPOSIT,2000.0
T00007299,A0000167,2025-03-15,WITHDRAWAL,3516000.0
T00007300,A0000310,2025-08-31,TRANSFER,2766000.0
T00007301,A0000190,2025-03-14,DEPOSIT,2520000.0
T00007302,A0000035,2025-10-31,WITHDRAWAL,4441000.0
T00007303,A0000509,2026-08-22,DEPOSIT,3524000.0
T00007304,A0000362,2026-05-07,TRANSFER,3337000.0
T00007305,A0000529,2025-04-18,TRANSFER,1372000.0
T00007306,A0000588,2025-12-29,TRANSFER,1220000.0
T00007307,A0001280,2025-04-23,DEPOSIT,739000.0
T00007308,A0001639,2025-12-24,TRANSFER,2099000.0
T00007309,A0000855,2025-11-02,TRANSFER,4351000.0
T00007310,A0000111,2026-08-30,DEPOSIT,2561000.0
T00007311,A0000890,2025-05-21,TRANSFER,2886000.0
T00007312,A0001762,2025-01-31,TRANSFER,2724000.0
T00007313,A0001745,2026-01-16,WITHDRAWAL,4179000.0
T00007314,A0000823,2025-01-12,WITHDRAWAL,182000.0
T00007315,A0000410,2026-01-30,WITHDRAWAL,4409000.0
T00007316,A0001098,2025-04-15,DEPOSIT,3284000.0
T00007317,A0001386,2026-07-25,TRANSFER,1485000.0
T00007318,A0001463,2026-08-07,WITHDRAWAL,178000.0
T00007319,A0000903,2025-09-25,WITHDRAWAL,3718000.0
T00007320,A0001375,2025-06-03,WITHDRAWAL,4737000.0
T00007321,A0000676,2026-08-22,TRANSFER,3090000.0
T00007322,A0000860,2025-04-09,WITHDRAWAL,2174000.0
T00007323,A0000556,2026-08-16,WITHDRAWAL,2855000.0
T00007324,A0000775,2026-05-31,WITHDRAWAL,1448000.0
T00007325,A0001165,2026-01-12,WITHDRAWAL,2438000.0
T00007326,A0001460,2025-09-09,TRANSFER,4999000.0
T00007327,A0001169,2025-06-08,DEPOSIT,1630000.0
T00007328,A0000535,2025-08-12,DEPOSIT,1812000.0
T00007329,A0000437,2026-08-20,DEPOSIT,1128000.0
T00007330,A0001698,2026-02-26,WITHDRAWAL,1919000.0
T00007331,A0000109,2025-05-25,WITHDRAWAL,3008000.0
T00007332,A0001278,2025-11-18,DEPOSIT,3490000.0
T00007333,A0001217,2026-06-08,DEPOSIT,1148000.0
T00007334,A0000413,2025-10-19,WITHDRAWAL,1746000.0
T00007335,A0000614,2025-09-13,DEPOSIT,1879000.0
T00007336,A0000314,2025-01-07,WITHDRAWAL,1344000.0
T00007337,A0000948,2026-04-16,WITHDRAWAL,1410000.0
T00007338,A0001039,2025-03-14,WITHDRAWAL,3677000.0
T00007339,A0000496,2025-03-18,WITHDRAWAL,4150000.0
T00007340,A0000514,2025-01-22,DEPOSIT,4213000.0
T00007341,A0000845,2026-03-22,DEPOSIT,748000.0
T00007342,A0000107,2026-03-30,DEPOSIT,662000.0
T00007343,A0001443,2026-05-24,WITHDRAWAL,1521000.0
T00007344,A0001656,2025-01-26,WITHDRAWAL,3213000.0
T00007345,A0000771,2025-04-06,DEPOSIT,2174000.0
T00007346,A0000022,2025-01-23,TRANSFER,1388000.0
T00007347,A0001315,2026-04-15,WITHDRAWAL,4574000.0
T00007348,A0000185,2025-07-15,DEPOSIT,4124000.0
T00007349,A0000175,2025-05-10,TRANSFER,2740000.0
T00007350,A0001770,2025-08-24,WITHDRAWAL,1891000.0
T00007351,A0001087,2025-03-15,TRANSFER,3336000.0
T00007352,A0000080,2025-03-20,TRANSFER,536000.0
T00007353,A0001766,2026-07-02,TRANSFER,577000.0
T00007354,A0000080,2026-05-14,WITHDRAWAL,307000.0
T00007355,A0001071,2025-09-13,WITHDRAWAL,408000.0
T00007356,A0001673,2026-04-12,WITHDRAWAL,1804000.0
T00007357,A0000974,2025-10-20,TRANSFER,975000.0
T00007358,A0001511,2026-07-03,TRANSFER,4655000.0
T00007359,A0000734,2026-02-04,DEPOSIT,2815000.0
T00007360,A0001795,2025-12-04,DEPOSIT,2602000.0
T00007361,A0001674,2025-03-29,WITHDRAWAL,2081000.0
T00007362,A0001550,2025-06-22,DEPOSIT,2836000.0
T00007363,A0001510,2025-10-28,DEPOSIT,1177000.0
T00007364,A0000554,2025-08-10,WITHDRAWAL,4304000.0
T00007365,A0001731,2026-03-12,TRANSFER,4756000.0
T00007366,A0001420,2026-01-12,DEPOSIT,4442000.0
T00007367,A0000183,2026-04-29,WITHDRAWAL,621000.0
T00007368,A0000977,2025-12-15,TRANSFER,1144000.0
T00007369,A0001773,2025-02-25,TRANSFER,1104000.0
T00007370,A0001236,2025-09-03,DEPOSIT,3638000.0
T00007371,A0001120,2025-06-01,TRANSFER,1052000.0
T00007372,A0001031,2026-02-08,WITHDRAWAL,3656000.0
T00007373,A0000333,2025-08-22,WITHDRAWAL,3554000.0
T00007374,A0001203,2025-04-02,WITHDRAWAL,1501000.0
T00007375,A0000134,2026-04-18,TRANSFER,2319000.0
T00007376,A0000411,2026-04-24,DEPOSIT,1273000.0
T00007377,A0001100,2026-03-20,WITHDRAWAL,4440000.0
T00007378,A0000409,2026-07-22,DEPOSIT,874000.0
T00007379,A0001180,2026-05-07,TRANSFER,4513000.0
T00007380,A0000660,2025-07-13,TRANSFER,3678000.0
T00007381,A0001294,2026-07-29,DEPOSIT,2740000.0
T00007382,A0000415,2025-11-17,WITHDRAWAL,1270000.0
T00007383,A0001257,2025-03-09,TRANSFER,2034000.0
T00007384,A0001124,2026-04-27,WITHDRAWAL,2815000.0
T00007385,A0001451,2025-12-30,TRANSFER,727000.0
T00007386,A0000561,2026-07-03,WITHDRAWAL,4917000.0
T00007387,A0000662,2025-02-27,TRANSFER,95000.0
T00007388,A0000716,2025-03-07,WITHDRAWAL,4169000.0
T00007389,A0001604,2025-09-21,WITHDRAWAL,1299000.0
T00007390,A0000105,2026-06-07,TRANSFER,498000.0
T00007391,A0000705,2025-11-26,TRANSFER,3353000.0
T00007392,A0001220,2026-04-07,DEPOSIT,1362000.0
T00007393,A0001734,2025-01-06,WITHDRAWAL,2030000.0
T00007394,A0000710,2026-02-09,WITHDRAWAL,71000.0
T00007395,A0001794,2025-03-15,WITHDRAWAL,227000.0
T00007396,A0001556,2025-08-23,DEPOSIT,3770000.0
T00007397,A0001020,2025-03-11,DEPOSIT,2773000.0
T00007398,A0000664,2025-04-30,DEPOSIT,2703000.0
T00007399,A0000547,2025-07-11,WITHDRAWAL,1699000.0
T00007400,A0000845,2026-06-23,TRANSFER,1189000.0
T00007401,A0000981,2026-06-07,WITHDRAWAL,2116000.0
T00007402,A0000487,2025-07-31,DEPOSIT,2826000.0
T00007403,A0000683,2026-08-26,WITHDRAWAL,2023000.0
T00007404,A0000811,2026-05-31,WITHDRAWAL,3449000.0
T00007405,A0000849,2026-03-28,WITHDRAWAL,2627000.0
T00007406,A0001656,2025-11-17,TRANSFER,1494000.0
T00007407,A0000576,2025-03-20,DEPOSIT,2329000.0
T00007408,A0000331,2025-01-04,TRANSFER,1540000.0
T00007409,A0000260,2025-08-14,DEPOSIT,85000.0
T00007410,A0000323,2025-05-29,DEPOSIT,4379000.0
T00007411,A0000661,2026-03-10,DEPOSIT,4161000.0
T00007412,A0000498,2025-03-08,TRANSFER,3643000.0
T00007413,A0001317,2025-06-25,TRANSFER,4007000.0
T00007414,A0001041,2025-08-12,DEPOSIT,4571000.0
T00007415,A0001098,2025-10-06,TRANSFER,3342000.0
T00007416,A0001527,2025-08-07,DEPOSIT,4478000.0
T00007417,A0000892,2026-07-27,WITHDRAWAL,19000.0
T00007418,A0000191,2025-07-22,DEPOSIT,2921000.0
T00007419,A0001725,2025-07-11,DEPOSIT,2280000.0
T00007420,A0000073,2025-09-01,TRANSFER,3477000.0
T00007421,A0001243,2025-06-25,WITHDRAWAL,4156000.0
T00007422,A0000408,2026-01-19,TRANSFER,418000.0
T00007423,A0001049,2025-06-30,DEPOSIT,4779000.0
T00007424,A0000055,2026-01-04,TRANSFER,2390000.0
T00007425,A0001692,2025-02-05,DEPOSIT,380000.0
T00007426,A0001522,2025-04-04,TRANSFER,4507000.0
T00007427,A0001201,2026-05-14,DEPOSIT,2933000.0
T00007428,A0001101,2026-01-29,TRANSFER,3453000.0
T00007429,A0000380,2026-01-12,WITHDRAWAL,3720000.0
T00007430,A0000149,2025-03-14,WITHDRAWAL,4371000.0
T00007431,A0000133,2026-07-22,DEPOSIT,144000.0
T00007432,A0001173,2026-08-13,DEPOSIT,643000.0
T00007433,A0000805,2026-02-16,WITHDRAWAL,4834000.0
T00007434,A0000807,2026-05-18,WITHDRAWAL,4466000.0
T00007435,A0000397,2025-03-17,TRANSFER,3765000.0
T00007436,A0001463,2025-02-03,TRANSFER,1986000.0
T00007437,A0001621,2026-06-04,DEPOSIT,1676000.0
T00007438,A0001694,2025-11-17,WITHDRAWAL,1390000.0
T00007439,A0000731,2025-01-10,DEPOSIT,4862000.0
T00007440,A0001049,2026-07-07,DEPOSIT,2164000.0
T00007441,A0000739,2025-08-21,WITHDRAWAL,1765000.0
T00007442,A0000342,2025-11-03,DEPOSIT,2988000.0
T00007443,A0000506,2026-02-28,WITHDRAWAL,3144000.0
T00007444,A0000367,2025-03-31,DEPOSIT,2097000.0
T00007445,A0000142,2025-03-20,TRANSFER,3166000.0
T00007446,A0000685,2026-08-30,WITHDRAWAL,4926000.0
T00007447,A0001118,2026-05-14,TRANSFER,803000.0
T00007448,A0000864,2026-01-07,DEPOSIT,4844000.0
T00007449,A0001563,2025-11-14,WITHDRAWAL,1479000.0
T00007450,A0000154,2026-05-11,WITHDRAWAL,3499000.0
T00007451,A0000030,2025-04-16,WITHDRAWAL,3403000.0
T00007452,A0000679,2026-08-09,DEPOSIT,2910000.0
T00007453,A0001142,2025-07-16,DEPOSIT,1243000.0
T00007454,A0001314,2025-02-03,WITHDRAWAL,3999000.0
T00007455,A0001012,2025-02-10,WITHDRAWAL,821000.0
T00007456,A0000644,2025-09-15,WITHDRAWAL,3025000.0
T00007457,A0000791,2026-07-09,WITHDRAWAL,3148000.0
T00007458,A0001078,2026-03-07,DEPOSIT,1773000.0
T00007459,A0000468,2026-06-25,WITHDRAWAL,3522000.0
T00007460,A0000688,2025-11-08,WITHDRAWAL,2077000.0
T00007461,A0001442,2025-11-18,TRANSFER,4808000.0
T00007462,A0001295,2025-03-28,DEPOSIT,3392000.0
T00007463,A0001259,2025-07-08,TRANSFER,1826000.0
T00007464,A0001262,2025-05-14,TRANSFER,2804000.0
T00007465,A0001265,2025-02-06,WITHDRAWAL,2296000.0
T00007466,A0001368,2026-01-27,DEPOSIT,2352000.0
T00007467,A0000528,2026-05-21,TRANSFER,65000.0
T00007468,A0001060,2025-05-15,WITHDRAWAL,2262000.0
T00007469,A0000652,2025-01-04,TRANSFER,825000.0
T00007470,A0001648,2025-02-24,DEPOSIT,2192000.0
T00007471,A0001607,2026-04-01,DEPOSIT,2846000.0
T00007472,A0000199,2025-02-12,TRANSFER,2867000.0
T00007473,A0000096,2026-05-05,WITHDRAWAL,1433000.0
T00007474,A0000919,2026-02-26,DEPOSIT,3797000.0
T00007475,A0001750,2025-08-28,WITHDRAWAL,1351000.0
T00007476,A0001405,2026-04-06,WITHDRAWAL,1471000.0
T00007477,A0000300,2025-10-16,TRANSFER,4445000.0
T00007478,A0001781,2025-01-10,TRANSFER,453000.0
T00007479,A0001217,2026-02-09,DEPOSIT,2162000.0
T00007480,A0000926,2026-06-26,WITHDRAWAL,2300000.0
T00007481,A0001168,2025-12-21,TRANSFER,889000.0
T00007482,A0000989,2025-07-02,TRANSFER,2563000.0
T00007483,A0000620,2026-02-27,TRANSFER,4652000.0
T00007484,A0000535,2026-04-25,TRANSFER,4532000.0
T00007485,A0001164,2026-06-27,DEPOSIT,1809000.0
T00007486,A0001220,2026-06-02,DEPOSIT,3792000.0
T00007487,A0000807,2025-04-11,WITHDRAWAL,1825000.0
T00007488,A0001663,2025-07-23,TRANSFER,1241000.0
T00007489,A0001786,2025-01-15,WITHDRAWAL,2391000.0
T00007490,A0000301,2025-02-24,TRANSFER,3329000.0
T00007491,A0000785,2026-07-31,DEPOSIT,302000.0
T00007492,A0000053,2026-06-11,WITHDRAWAL,2332000.0
T00007493,A0001777,2026-04-01,TRANSFER,3715000.0
T00007494,A0000484,2026-06-14,WITHDRAWAL,4612000.0
T00007495,A0000675,2025-12-11,TRANSFER,1877000.0
T00007496,A0000221,2025-03-12,DEPOSIT,2753000.0
T00007497,A0000594,2026-03-09,WITHDRAWAL,1931000.0
T00007498,A0000327,2025-09-07,DEPOSIT,3714000.0
T00007499,A0001409,2026-07-11,WITHDRAWAL,2556000.0
T00007500,A0000645,2025-12-06,TRANSFER,23000.0
T00007501,A0000064,2026-03-25,WITHDRAWAL,2909000.0
T00007502,A0001099,2025-09-09,TRANSFER,942000.0
T00007503,A0000236,2026-03-08,WITHDRAWAL,4308000.0
T00007504,A0000501,2025-03-12,TRANSFER,2041000.0
T00007505,A0000566,2025-06-19,TRANSFER,3000000.0
T00007506,A0001736,2025-09-14,TRANSFER,4294000.0
T00007507,A0001562,2025-04-10,WITHDRAWAL,404000.0
T00007508,A0001327,2026-04-26,TRANSFER,3988000.0
T00007509,A0000059,2026-06-15,WITHDRAWAL,2066000.0
T00007510,A0001154,2025-03-20,WITHDRAWAL,896000.0
T00007511,A0000888,2026-03-27,DEPOSIT,3796000.0
T00007512,A0001258,2025-09-11,WITHDRAWAL,4005000.0
T00007513,A0000213,2025-06-04,TRANSFER,1310000.0
T00007514,A0001211,2026-02-17,DEPOSIT,2807000.0
T00007515,A0001314,2025-09-13,TRANSFER,4259000.0
T00007516,A0001452,2025-04-03,WITHDRAWAL,4561000.0
T00007517,A0000654,2026-08-02,TRANSFER,3303000.0
T00007518,A0000909,2026-04-15,WITHDRAWAL,1733000.0
T00007519,A0000339,2026-02-07,TRANSFER,1158000.0
T00007520,A0000639,2025-06-06,DEPOSIT,1593000.0
T00007521,A0000545,2025-07-31,WITHDRAWAL,1777000.0
T00007522,A0000251,2025-04-11,WITHDRAWAL,4934000.0
T00007523,A0000535,2025-11-29,TRANSFER,2641000.0
T00007524,A0000221,2025-05-28,WITHDRAWAL,4621000.0
T00007525,A0000945,2026-04-24,DEPOSIT,182000.0
T00007526,A0001589,2025-05-12,TRANSFER,3675000.0
T00007527,A0000532,2025-01-12,DEPOSIT,4030000.0
T00007528,A0000445,2026-07-19,WITHDRAWAL,2699000.0
T00007529,A0001184,2025-12-30,TRANSFER,4978000.0
T00007530,A0000462,2025-10-30,DEPOSIT,4393000.0
T00007531,A0000681,2025-01-25,TRANSFER,4586000.0
T00007532,A0001018,2026-04-09,DEPOSIT,1459000.0
T00007533,A0000191,2025-02-24,TRANSFER,1648000.0
T00007534,A0001151,2026-08-16,WITHDRAWAL,1283000.0
T00007535,A0000718,2025-02-14,TRANSFER,4547000.0
T00007536,A0000537,2025-07-29,DEPOSIT,2049000.0
T00007537,A0001186,2026-04-01,TRANSFER,1136000.0
T00007538,A0000120,2026-04-12,WITHDRAWAL,721000.0
T00007539,A0001531,2025-07-22,TRANSFER,749000.0
T00007540,A0000862,2025-10-12,DEPOSIT,3288000.0
T00007541,A0001008,2026-08-17,WITHDRAWAL,1349000.0
T00007542,A0000166,2025-10-02,WITHDRAWAL,746000.0
T00007543,A0001475,2026-04-03,TRANSFER,1878000.0
T00007544,A0000445,2025-07-21,TRANSFER,2373000.0
T00007545,A0001785,2026-05-16,TRANSFER,3466000.0
T00007546,A0000246,2025-12-17,DEPOSIT,3560000.0
T00007547,A0001387,2025-06-16,WITHDRAWAL,410000.0
T00007548,A0001647,2025-01-06,DEPOSIT,3078000.0
T00007549,A0000243,2025-10-20,DEPOSIT,1187000.0
T00007550,A0000379,2026-06-02,TRANSFER,3065000.0
T00007551,A0001153,2025-11-17,WITHDRAWAL,561000.0
T00007552,A0001379,2025-09-09,WITHDRAWAL,4871000.0
T00007553,A0000924,2025-03-14,TRANSFER,1123000.0
T00007554,A0001397,2026-08-15,TRANSFER,4518000.0
T00007555,A0000397,2026-07-14,TRANSFER,2152000.0
T00007556,A0001367,2025-01-17,TRANSFER,2004000.0
T00007557,A0000983,2026-03-20,TRANSFER,2778000.0
T00007558,A0001459,2025-12-29,WITHDRAWAL,3871000.0
T00007559,A0000099,2025-03-07,WITHDRAWAL,2432000.0
T00007560,A0001086,2025-03-20,WITHDRAWAL,765000.0
T00007561,A0000014,2025-02-05,DEPOSIT,1395000.0
T00007562,A0001670,2025-06-17,TRANSFER,3592000.0
T00007563,A0001428,2025-08-22,DEPOSIT,4418000.0
T00007564,A0001076,2026-06-18,DEPOSIT,4276000.0
T00007565,A0000242,2025-12-24,WITHDRAWAL,4976000.0
T00007566,A0000232,2025-10-23,DEPOSIT,566000.0
T00007567,A0001506,2025-04-28,WITHDRAWAL,213000.0
T00007568,A0001253,2025-11-17,WITHDRAWAL,4961000.0
T00007569,A0001273,2025-02-01,WITHDRAWAL,3935000.0
T00007570,A0000482,2026-04-19,DEPOSIT,4554000.0
T00007571,A0000720,2025-08-31,TRANSFER,3048000.0
T00007572,A0000206,2025-12-26,DEPOSIT,2185000.0
T00007573,A0000967,2025-02-24,TRANSFER,2494000.0
T00007574,A0001731,2026-01-26,TRANSFER,3589000.0
T00007575,A0001640,2025-08-16,WITHDRAWAL,2964000.0
T00007576,A0000058,2025-06-07,WITHDRAWAL,539000.0
T00007577,A0001726,2025-01-03,WITHDRAWAL,4094000.0
T00007578,A0001006,2025-10-01,TRANSFER,4957000.0
T00007579,A0000455,2025-03-09,WITHDRAWAL,1332000.0
T00007580,A0000662,2025-06-02,DEPOSIT,499000.0
T00007581,A0001202,2025-02-01,DEPOSIT,2396000.0
T00007582,A0001500,2025-02-16,WITHDRAWAL,4298000.0
T00007583,A0001344,2025-12-25,DEPOSIT,4007000.0
T00007584,A0000248,2025-04-20,WITHDRAWAL,4557000.0
T00007585,A0001380,2025-11-27,WITHDRAWAL,2348000.0
T00007586,A0000686,2025-03-12,WITHDRAWAL,4638000.0
T00007587,A0000122,2025-11-06,DEPOSIT,1377000.0
T00007588,A0001430,2025-01-05,DEPOSIT,2319000.0
T00007589,A0000610,2026-06-18,TRANSFER,2899000.0
T00007590,A0000254,2025-12-27,TRANSFER,2830000.0
T00007591,A0001537,2025-04-06,TRANSFER,4746000.0
T00007592,A0000649,2025-01-02,DEPOSIT,1688000.0
T00007593,A0000265,2026-02-26,WITHDRAWAL,3832000.0
T00007594,A0000892,2025-02-21,TRANSFER,661000.0
T00007595,A0000474,2025-01-09,WITHDRAWAL,1030000.0
T00007596,A0000652,2026-04-16,TRANSFER,728000.0
T00007597,A0000479,2025-09-07,WITHDRAWAL,1662000.0
T00007598,A0000899,2025-03-04,TRANSFER,118000.0
T00007599,A0000660,2025-06-16,DEPOSIT,4098000.0
T00007600,A0000335,2025-10-13,WITHDRAWAL,3191000.0
T00007601,A0001359,2025-04-27,TRANSFER,918000.0
T00007602,A0001755,2025-12-21,TRANSFER,1753000.0
T00007603,A0000151,2025-06-09,TRANSFER,1293000.0
T00007604,A0000040,2026-01-26,TRANSFER,2772000.0
T00007605,A0001359,2025-01-04,TRANSFER,174000.0
T00007606,A0000120,2026-05-14,WITHDRAWAL,1472000.0
T00007607,A0000986,2026-06-22,TRANSFER,250000.0
T00007608,A0000280,2025-03-29,TRANSFER,4571000.0
T00007609,A0000862,2025-03-17,TRANSFER,2133000.0
T00007610,A0000146,2025-03-12,WITHDRAWAL,3416000.0
T00007611,A0001752,2025-02-16,WITHDRAWAL,3626000.0
T00007612,A0000606,2025-07-17,WITHDRAWAL,91000.0
T00007613,A0001588,2025-12-11,WITHDRAWAL,3003000.0
T00007614,A0000255,2025-10-27,TRANSFER,1228000.0
T00007615,A0001667,2025-11-28,WITHDRAWAL,651000.0
T00007616,A0000085,2026-04-01,TRANSFER,2751000.0
T00007617,A0000615,2026-03-14,TRANSFER,3341000.0
T00007618,A0000152,2025-11-27,WITHDRAWAL,4847000.0
T00007619,A0001630,2025-06-24,WITHDRAWAL,3732000.0
T00007620,A0001164,2025-02-10,DEPOSIT,3689000.0
T00007621,A0000050,2026-01-29,TRANSFER,2298000.0
T00007622,A0000736,2025-07-20,WITHDRAWAL,4823000.0
T00007623,A0000632,2025-07-23,DEPOSIT,4151000.0
T00007624,A0001627,2025-10-28,WITHDRAWAL,2518000.0
T00007625,A0001739,2026-06-15,TRANSFER,2847000.0
T00007626,A0001663,2025-10-29,WITHDRAWAL,1258000.0
T00007627,A0001490,2026-07-29,WITHDRAWAL,2284000.0
T00007628,A0001505,2025-10-01,DEPOSIT,2997000.0
T00007629,A0000031,2025-02-06,WITHDRAWAL,3669000.0
T00007630,A0000769,2025-12-10,WITHDRAWAL,2027000.0
T00007631,A0001174,2025-03-26,WITHDRAWAL,399000.0
T00007632,A0000411,2025-08-05,DEPOSIT,1944000.0
T00007633,A0001604,2025-09-09,WITHDRAWAL,886000.0
T00007634,A0000517,2026-04-24,DEPOSIT,181000.0
T00007635,A0001044,2026-05-23,WITHDRAWAL,567000.0
T00007636,A0000070,2025-07-01,WITHDRAWAL,1323000.0
T00007637,A0000276,2025-11-22,WITHDRAWAL,2220000.0
T00007638,A0000075,2025-09-24,DEPOSIT,4427000.0
T00007639,A0000197,2026-05-24,TRANSFER,3707000.0
T00007640,A0000700,2025-04-16,DEPOSIT,222000.0
T00007641,A0001179,2025-11-13,TRANSFER,2969000.0
T00007642,A0001043,2025-01-11,TRANSFER,1859000.0
T00007643,A0001137,2026-03-08,DEPOSIT,679000.0
T00007644,A0000110,2026-05-16,WITHDRAWAL,4960000.0
T00007645,A0001525,2025-06-24,DEPOSIT,570000.0
T00007646,A0000641,2026-07-08,WITHDRAWAL,3211000.0
T00007647,A0001111,2025-09-29,DEPOSIT,2332000.0
T00007648,A0001631,2025-01-05,WITHDRAWAL,4128000.0
T00007649,A0000497,2026-01-04,WITHDRAWAL,4771000.0
T00007650,A0001593,2026-04-07,WITHDRAWAL,1232000.0
T00007651,A0000751,2026-07-12,WITHDRAWAL,2327000.0
T00007652,A0001505,2026-01-28,DEPOSIT,191000.0
T00007653,A0000121,2025-10-28,DEPOSIT,3387000.0
T00007654,A0000089,2025-05-23,DEPOSIT,3109000.0
T00007655,A0000623,2026-05-25,DEPOSIT,1788000.0
T00007656,A0000597,2025-08-18,TRANSFER,4238000.0
T00007657,A0000845,2025-07-01,WITHDRAWAL,2823000.0
T00007658,A0000598,2025-02-18,WITHDRAWAL,248000.0
T00007659,A0001502,2025-06-02,DEPOSIT,1310000.0
T00007660,A0000874,2025-04-06,WITHDRAWAL,4100000.0
T00007661,A0001603,2026-07-15,DEPOSIT,1709000.0
T00007662,A0001090,2025-04-01,DEPOSIT,3241000.0
T00007663,A0001622,2026-01-06,TRANSFER,2824000.0
T00007664,A0001741,2026-08-18,TRANSFER,2428000.0
T00007665,A0001077,2025-02-24,TRANSFER,2008000.0
T00007666,A0000322,2025-12-21,TRANSFER,508000.0
T00007667,A0001394,2026-07-11,DEPOSIT,1432000.0
T00007668,A0000671,2026-03-16,TRANSFER,2494000.0
T00007669,A0000677,2026-07-23,WITHDRAWAL,210000.0
T00007670,A0001569,2026-02-11,WITHDRAWAL,2730000.0
T00007671,A0000919,2026-08-23,WITHDRAWAL,4484000.0
T00007672,A0001410,2026-08-26,WITHDRAWAL,3768000.0
T00007673,A0001708,2025-05-25,WITHDRAWAL,469000.0
T00007674,A0001543,2025-06-26,WITHDRAWAL,3054000.0
T00007675,A0001257,2025-02-19,WITHDRAWAL,448000.0
T00007676,A0000800,2025-12-24,WITHDRAWAL,4535000.0
T00007677,A0000987,2025-02-06,WITHDRAWAL,3286000.0
T00007678,A0000549,2025-02-11,DEPOSIT,4654000.0
T00007679,A0000740,2025-12-30,WITHDRAWAL,3765000.0
T00007680,A0000826,2026-07-22,DEPOSIT,2087000.0
T00007681,A0000288,2025-08-04,DEPOSIT,980000.0
T00007682,A0000384,2026-04-08,TRANSFER,1935000.0
T00007683,A0001207,2026-05-19,TRANSFER,4262000.0
T00007684,A0001078,2025-03-25,WITHDRAWAL,2797000.0
T00007685,A0001337,2026-05-15,DEPOSIT,3394000.0
T00007686,A0000493,2025-04-16,DEPOSIT,4875000.0
T00007687,A0000432,2025-06-04,WITHDRAWAL,1012000.0
T00007688,A0001090,2025-02-21,DEPOSIT,1994000.0
T00007689,A0000471,2025-10-08,DEPOSIT,3159000.0
T00007690,A0000760,2025-10-25,DEPOSIT,726000.0
T00007691,A0001155,2025-07-27,TRANSFER,4623000.0
T00007692,A0000438,2025-05-10,TRANSFER,3593000.0
T00007693,A0001694,2025-11-24,WITHDRAWAL,4694000.0
T00007694,A0000828,2025-07-31,DEPOSIT,2567000.0
T00007695,A0001152,2026-06-01,WITHDRAWAL,3800000.0
T00007696,A0001134,2025-09-29,DEPOSIT,184000.0
T00007697,A0000972,2025-07-31,DEPOSIT,3475000.0
T00007698,A0001607,2026-08-28,TRANSFER,2909000.0
T00007699,A0000326,2025-01-17,TRANSFER,318000.0
T00007700,A0000386,2025-08-28,DEPOSIT,2643000.0
T00007701,A0001130,2026-06-10,TRANSFER,4882000.0
T00007702,A0000017,2025-10-23,WITHDRAWAL,3429000.0
T00007703,A0001034,2025-01-23,WITHDRAWAL,2254000.0
T00007704,A0000426,2026-07-03,DEPOSIT,233000.0
T00007705,A0000200,2025-05-22,DEPOSIT,1979000.0
T00007706,A0000219,2025-01-24,WITHDRAWAL,4016000.0
T00007707,A0000497,2025-10-23,WITHDRAWAL,4998000.0
T00007708,A0001437,2025-06-14,DEPOSIT,4278000.0
T00007709,A0000632,2026-05-26,DEPOSIT,861000.0
T00007710,A0001453,2025-10-03,TRANSFER,2657000.0
T00007711,A0000146,2026-06-11,DEPOSIT,3283000.0
T00007712,A0001293,2025-11-05,WITHDRAWAL,3972000.0
T00007713,A0001447,2026-06-10,TRANSFER,1768000.0
T00007714,A0000908,2025-01-05,TRANSFER,1077000.0
T00007715,A0000223,2026-05-12,WITHDRAWAL,738000.0
T00007716,A0000612,2025-03-08,WITHDRAWAL,2455000.0
T00007717,A0001008,2025-03-28,DEPOSIT,3108000.0
T00007718,A0000018,2025-10-15,TRANSFER,2807000.0
T00007719,A0001636,2026-05-11,DEPOSIT,4523000.0
T00007720,A0000479,2025-11-30,WITHDRAWAL,2032000.0
T00007721,A0001319,2025-05-07,WITHDRAWAL,3724000.0
T00007722,A0000159,2026-03-28,WITHDRAWAL,2215000.0
T00007723,A0000860,2026-02-22,DEPOSIT,3661000.0
T00007724,A0001130,2025-10-04,WITHDRAWAL,3444000.0
T00007725,A0000613,2025-08-27,DEPOSIT,1741000.0
T00007726,A0000837,2026-05-17,TRANSFER,4998000.0
T00007727,A0000212,2025-05-28,WITHDRAWAL,1839000.0
T00007728,A0001722,2025-10-02,TRANSFER,3564000.0
T00007729,A0001103,2025-03-19,TRANSFER,347000.0
T00007730,A0001354,2025-01-01,TRANSFER,1177000.0
T00007731,A0000156,2025-02-18,DEPOSIT,3581000.0
T00007732,A0001055,2026-03-31,WITHDRAWAL,765000.0
T00007733,A0000903,2025-07-20,DEPOSIT,2146000.0
T00007734,A0001130,2026-04-25,DEPOSIT,2871000.0
T00007735,A0000450,2025-10-30,WITHDRAWAL,1565000.0
T00007736,A0001783,2026-08-31,WITHDRAWAL,2334000.0
T00007737,A0000075,2026-03-16,TRANSFER,3895000.0
T00007738,A0000680,2026-03-27,WITHDRAWAL,4710000.0
T00007739,A0001264,2026-07-11,TRANSFER,3481000.0
T00007740,A0000212,2025-04-27,DEPOSIT,883000.0
T00007741,A0000761,2025-12-12,WITHDRAWAL,3681000.0
T00007742,A0001163,2026-08-14,WITHDRAWAL,413000.0
T00007743,A0001502,2026-04-03,DEPOSIT,1761000.0
T00007744,A0000203,2026-05-06,WITHDRAWAL,2394000.0
T00007745,A0001485,2026-01-11,WITHDRAWAL,199000.0
T00007746,A0000947,2025-11-25,DEPOSIT,3850000.0
T00007747,A0000108,2026-01-20,WITHDRAWAL,4421000.0
T00007748,A0000954,2025-12-29,WITHDRAWAL,2629000.0
T00007749,A0001154,2026-04-10,WITHDRAWAL,4904000.0
T00007750,A0000397,2026-08-26,TRANSFER,1824000.0
T00007751,A0000250,2026-07-08,WITHDRAWAL,3670000.0
T00007752,A0000314,2025-07-29,DEPOSIT,2782000.0
T00007753,A0000275,2025-10-07,TRANSFER,2900000.0
T00007754,A0001557,2025-02-08,TRANSFER,2484000.0
T00007755,A0001570,2026-08-09,TRANSFER,4457000.0
T00007756,A0000880,2025-05-03,DEPOSIT,4766000.0
T00007757,A0000661,2026-01-11,WITHDRAWAL,2790000.0
T00007758,A0000180,2025-11-01,DEPOSIT,556000.0
T00007759,A0000364,2026-07-14,TRANSFER,834000.0
T00007760,A0001151,2025-02-24,WITHDRAWAL,831000.0
T00007761,A0000908,2025-08-09,TRANSFER,2605000.0
T00007762,A0000601,2026-04-04,DEPOSIT,1777000.0
T00007763,A0001047,2025-03-25,DEPOSIT,4204000.0
T00007764,A0001634,2025-04-15,DEPOSIT,4694000.0
T00007765,A0000089,2026-01-11,DEPOSIT,3098000.0
T00007766,A0000113,2025-12-23,WITHDRAWAL,4388000.0
T00007767,A0001702,2026-05-07,TRANSFER,189000.0
T00007768,A0000715,2025-02-24,TRANSFER,1188000.0
T00007769,A0000798,2025-06-19,DEPOSIT,4641000.0
T00007770,A0000928,2025-03-07,DEPOSIT,4841000.0
T00007771,A0001583,2025-08-04,DEPOSIT,4159000.0
T00007772,A0000519,2026-05-19,TRANSFER,4367000.0
T00007773,A0000346,2025-12-01,DEPOSIT,4652000.0
T00007774,A0001035,2025-12-15,DEPOSIT,776000.0
T00007775,A0000957,2025-09-24,TRANSFER,934000.0
T00007776,A0000654,2026-02-02,TRANSFER,2739000.0
T00007777,A0001215,2025-09-26,DEPOSIT,1332000.0
T00007778,A0001135,2025-08-14,DEPOSIT,1165000.0
T00007779,A0000722,2026-01-31,DEPOSIT,1419000.0
T00007780,A0001708,2026-07-18,WITHDRAWAL,3677000.0
T00007781,A0001721,2025-04-21,WITHDRAWAL,2172000.0
T00007782,A0000719,2025-05-20,WITHDRAWAL,332000.0
T00007783,A0000109,2025-04-13,TRANSFER,2932000.0
T00007784,A0000475,2025-07-18,TRANSFER,1580000.0
T00007785,A0000731,2025-07-21,DEPOSIT,2455000.0
T00007786,A0001019,2026-04-12,TRANSFER,1290000.0
T00007787,A0000575,2025-05-27,DEPOSIT,3825000.0
T00007788,A0001773,2026-07-17,DEPOSIT,4475000.0
T00007789,A0001396,2026-04-27,WITHDRAWAL,4739000.0
T00007790,A0000140,2026-05-11,TRANSFER,2150000.0
T00007791,A0000731,2025-04-15,DEPOSIT,1335000.0
T00007792,A0000758,2026-04-25,DEPOSIT,81000.0
T00007793,A0001541,2026-06-27,TRANSFER,841000.0
T00007794,A0000217,2025-07-01,DEPOSIT,1968000.0
T00007795,A0001427,2025-12-20,TRANSFER,3456000.0
T00007796,A0001096,2026-05-18,WITHDRAWAL,4468000.0
T00007797,A0000271,2025-08-01,TRANSFER,4920000.0
T00007798,A0000430,2025-04-19,WITHDRAWAL,1946000.0
T00007799,A0000378,2026-06-15,DEPOSIT,238000.0
T00007800,A0000535,2025-06-01,WITHDRAWAL,2635000.0
T00007801,A0000313,2025-03-25,DEPOSIT,2242000.0
T00007802,A0000921,2026-07-16,WITHDRAWAL,3011000.0
T00007803,A0001097,2026-02-21,WITHDRAWAL,1211000.0
T00007804,A0001302,2026-08-20,DEPOSIT,3579000.0
T00007805,A0000551,2025-01-07,WITHDRAWAL,3112000.0
T00007806,A0001520,2025-06-05,DEPOSIT,3985000.0
T00007807,A0000189,2025-09-28,WITHDRAWAL,3284000.0
T00007808,A0000639,2025-04-11,WITHDRAWAL,952000.0
T00007809,A0000440,2026-06-24,TRANSFER,4808000.0
T00007810,A0001046,2025-06-12,TRANSFER,4366000.0
T00007811,A0000405,2025-02-16,DEPOSIT,2791000.0
T00007812,A0000623,2026-01-25,TRANSFER,1654000.0
T00007813,A0000315,2025-12-07,DEPOSIT,3470000.0
T00007814,A0000671,2026-03-08,DEPOSIT,4326000.0
T00007815,A0000201,2026-04-12,DEPOSIT,688000.0
T00007816,A0000579,2026-06-29,TRANSFER,3374000.0
T00007817,A0001452,2026-06-20,DEPOSIT,3946000.0
T00007818,A0001439,2025-10-24,DEPOSIT,3150000.0
T00007819,A0000542,2025-07-17,TRANSFER,46000.0
T00007820,A0000143,2026-06-18,WITHDRAWAL,4267000.0
T00007821,A0001025,2025-02-06,WITHDRAWAL,992000.0
T00007822,A0001629,2025-04-20,TRANSFER,3089000.0
T00007823,A0001540,2026-02-23,DEPOSIT,3941000.0
T00007824,A0001182,2025-04-06,WITHDRAWAL,66000.0
T00007825,A0001135,2026-04-25,TRANSFER,3733000.0
T00007826,A0000653,2026-06-21,TRANSFER,2003000.0
T00007827,A0000177,2026-07-02,WITHDRAWAL,2926000.0
T00007828,A0001060,2025-06-14,TRANSFER,3202000.0
T00007829,A0001406,2026-05-24,WITHDRAWAL,4577000.0
T00007830,A0001268,2025-11-04,DEPOSIT,2395000.0
T00007831,A0000712,2025-10-13,DEPOSIT,2387000.0
T00007832,A0000617,2026-03-22,TRANSFER,4341000.0
T00007833,A0000148,2026-04-09,WITHDRAWAL,1494000.0
T00007834,A0000714,2025-05-30,TRANSFER,1948000.0
T00007835,A0000506,2025-08-10,DEPOSIT,3079000.0
T00007836,A0001123,2026-06-04,WITHDRAWAL,3900000.0
T00007837,A0001511,2025-11-04,WITHDRAWAL,3965000.0
T00007838,A0000672,2026-01-31,DEPOSIT,1614000.0
T00007839,A0000383,2025-01-08,WITHDRAWAL,1272000.0
T00007840,A0001133,2026-02-26,WITHDRAWAL,973000.0
T00007841,A0000986,2026-03-28,DEPOSIT,1976000.0
T00007842,A0001148,2025-01-22,DEPOSIT,1213000.0
T00007843,A0000346,2025-02-05,TRANSFER,4485000.0
T00007844,A0001636,2025-06-15,WITHDRAWAL,201000.0
T00007845,A0000309,2026-04-13,TRANSFER,2252000.0
T00007846,A0000674,2025-01-11,DEPOSIT,1198000.0
T00007847,A0001052,2026-08-14,DEPOSIT,2821000.0
T00007848,A0001602,2026-05-22,WITHDRAWAL,1530000.0
T00007849,A0000106,2026-01-09,TRANSFER,1735000.0
T00007850,A0000396,2026-03-06,WITHDRAWAL,744000.0
T00007851,A0001297,2026-05-07,TRANSFER,4376000.0
T00007852,A0001332,2025-06-11,WITHDRAWAL,3942000.0
T00007853,A0001645,2025-07-20,DEPOSIT,11000.0
T00007854,A0000264,2026-05-06,DEPOSIT,4733000.0
T00007855,A0001262,2025-06-08,DEPOSIT,4906000.0
T00007856,A0001233,2025-11-11,DEPOSIT,2394000.0
T00007857,A0000047,2025-11-21,TRANSFER,162000.0
T00007858,A0000441,2025-09-16,WITHDRAWAL,3145000.0
T00007859,A0001771,2025-07-11,TRANSFER,228000.0
T00007860,A0001254,2025-05-26,WITHDRAWAL,4151000.0
T00007861,A0000311,2025-11-24,DEPOSIT,256000.0
T00007862,A0001486,2026-08-29,WITHDRAWAL,4036000.0
T00007863,A0001133,2025-01-01,DEPOSIT,83000.0
T00007864,A0001059,2025-11-11,WITHDRAWAL,4603000.0
T00007865,A0001045,2026-07-20,DEPOSIT,1350000.0
T00007866,A0001114,2026-01-02,WITHDRAWAL,1602000.0
T00007867,A0001173,2026-01-30,DEPOSIT,1664000.0
T00007868,A0001536,2025-02-18,DEPOSIT,4634000.0
T00007869,A0000370,2025-05-24,TRANSFER,1273000.0
T00007870,A0000095,2025-02-16,TRANSFER,3260000.0
T00007871,A0000148,2026-07-27,TRANSFER,1238000.0
T00007872,A0001124,2025-10-30,DEPOSIT,411000.0
T00007873,A0000550,2026-04-10,WITHDRAWAL,4156000.0
T00007874,A0001604,2025-06-25,TRANSFER,4491000.0
T00007875,A0000679,2025-12-14,TRANSFER,39000.0
T00007876,A0000079,2025-12-06,DEPOSIT,798000.0
T00007877,A0001555,2026-06-19,TRANSFER,517000.0
T00007878,A0001530,2026-08-31,WITHDRAWAL,1498000.0
T00007879,A0001277,2026-05-06,WITHDRAWAL,4201000.0
T00007880,A0000363,2025-10-19,TRANSFER,2232000.0
T00007881,A0001658,2026-01-27,WITHDRAWAL,364000.0
T00007882,A0000171,2025-10-24,TRANSFER,3207000.0
T00007883,A0001522,2025-11-07,TRANSFER,3886000.0
T00007884,A0000111,2026-07-13,WITHDRAWAL,373000.0
T00007885,A0001395,2026-04-30,WITHDRAWAL,3486000.0
T00007886,A0000399,2026-02-17,DEPOSIT,3659000.0
T00007887,A0000077,2025-09-21,TRANSFER,2637000.0
T00007888,A0001355,2026-02-08,TRANSFER,47000.0
T00007889,A0000960,2025-01-07,TRANSFER,2589000.0
T00007890,A0001165,2025-11-04,DEPOSIT,3866000.0
T00007891,A0001006,2026-03-15,WITHDRAWAL,4481000.0
T00007892,A0000958,2026-04-06,DEPOSIT,1662000.0
T00007893,A0000173,2026-06-24,TRANSFER,4819000.0
T00007894,A0000418,2026-04-26,TRANSFER,3329000.0
T00007895,A0001092,2025-01-15,TRANSFER,3803000.0
T00007896,A0001326,2025-05-03,WITHDRAWAL,3526000.0
T00007897,A0001495,2025-07-02,TRANSFER,3421000.0
T00007898,A0001715,2026-08-07,WITHDRAWAL,3663000.0
T00007899,A0000664,2026-02-15,WITHDRAWAL,3358000.0
T00007900,A0001649,2026-05-17,DEPOSIT,1476000.0
T00007901,A0000107,2025-09-06,DEPOSIT,1744000.0
T00007902,A0001087,2026-08-12,TRANSFER,3078000.0
T00007903,A0000025,2025-11-15,DEPOSIT,1026000.0
T00007904,A0000167,2026-07-08,TRANSFER,3369000.0
T00007905,A0000261,2025-11-01,TRANSFER,3544000.0
T00007906,A0000455,2025-03-01,TRANSFER,4157000.0
T00007907,A0001757,2025-08-27,DEPOSIT,452000.0
T00007908,A0001664,2026-07-17,TRANSFER,3462000.0
T00007909,A0000942,2026-01-25,DEPOSIT,2057000.0
T00007910,A0001299,2025-05-04,TRANSFER,304000.0
T00007911,A0000014,2026-03-27,DEPOSIT,3387000.0
T00007912,A0000522,2025-05-31,WITHDRAWAL,77000.0
T00007913,A0000850,2026-05-18,TRANSFER,3185000.0
T00007914,A0000998,2026-02-16,WITHDRAWAL,3678000.0
T00007915,A0001567,2025-06-04,DEPOSIT,520000.0
T00007916,A0001066,2025-01-13,WITHDRAWAL,4128000.0
T00007917,A0000673,2025-07-26,DEPOSIT,38000.0
T00007918,A0000516,2025-11-09,WITHDRAWAL,971000.0
T00007919,A0000464,2026-07-14,WITHDRAWAL,769000.0
T00007920,A0001462,2025-01-12,TRANSFER,4985000.0
T00007921,A0000773,2025-04-23,WITHDRAWAL,991000.0
T00007922,A0000005,2025-04-03,TRANSFER,4047000.0
T00007923,A0000269,2025-06-06,WITHDRAWAL,770000.0
T00007924,A0000324,2025-12-12,TRANSFER,4001000.0
T00007925,A0000734,2025-06-03,DEPOSIT,3659000.0
T00007926,A0001526,2026-03-31,WITHDRAWAL,1710000.0
T00007927,A0001721,2026-05-07,WITHDRAWAL,2453000.0
T00007928,A0000384,2026-05-23,DEPOSIT,1413000.0
T00007929,A0001434,2026-02-04,TRANSFER,354000.0
T00007930,A0000601,2025-12-24,DEPOSIT,3136000.0
T00007931,A0000654,2025-03-19,TRANSFER,4619000.0
T00007932,A0000226,2026-08-09,DEPOSIT,1062000.0
T00007933,A0001586,2025-07-12,WITHDRAWAL,4499000.0
T00007934,A0001522,2025-11-23,TRANSFER,3864000.0
T00007935,A0001792,2026-08-14,TRANSFER,2935000.0
T00007936,A0000933,2026-05-14,TRANSFER,739000.0
T00007937,A0000264,2026-02-13,DEPOSIT,3758000.0
T00007938,A0000849,2025-03-24,DEPOSIT,3212000.0
T00007939,A0000741,2025-01-30,TRANSFER,3364000.0
T00007940,A0001172,2026-07-26,WITHDRAWAL,2036000.0
T00007941,A0000140,2025-08-12,DEPOSIT,3970000.0
T00007942,A0000785,2026-07-26,DEPOSIT,3309000.0
T00007943,A0001216,2025-03-17,WITHDRAWAL,1064000.0
T00007944,A0000998,2025-11-21,WITHDRAWAL,1530000.0
T00007945,A0000573,2026-04-29,WITHDRAWAL,3869000.0
T00007946,A0001156,2025-06-19,DEPOSIT,1626000.0
T00007947,A0000435,2026-02-09,WITHDRAWAL,2641000.0
T00007948,A0001042,2025-10-23,DEPOSIT,3289000.0
T00007949,A0001452,2025-10-19,DEPOSIT,2361000.0
T00007950,A0001299,2025-12-19,WITHDRAWAL,2432000.0
T00007951,A0000527,2025-05-28,WITHDRAWAL,2582000.0
T00007952,A0000075,2025-04-08,TRANSFER,1387000.0
T00007953,A0001403,2026-05-22,TRANSFER,547000.0
T00007954,A0001581,2025-07-15,TRANSFER,614000.0
T00007955,A0000739,2025-08-26,DEPOSIT,3223000.0
T00007956,A0001160,2025-03-14,DEPOSIT,215000.0
T00007957,A0000314,2025-08-24,WITHDRAWAL,4690000.0
T00007958,A0000487,2025-10-24,TRANSFER,1504000.0
T00007959,A0000229,2026-07-27,WITHDRAWAL,2933000.0
T00007960,A0000174,2026-05-08,WITHDRAWAL,3401000.0
T00007961,A0000625,2026-02-10,TRANSFER,331000.0
T00007962,A0001471,2025-01-22,DEPOSIT,3493000.0
T00007963,A0001345,2026-08-04,TRANSFER,604000.0
T00007964,A0000860,2026-08-22,WITHDRAWAL,1005000.0
T00007965,A0000471,2025-05-15,WITHDRAWAL,4535000.0
T00007966,A0000236,2025-01-24,WITHDRAWAL,4826000.0
T00007967,A0000440,2025-11-22,DEPOSIT,3511000.0
T00007968,A0000508,2026-03-17,DEPOSIT,1873000.0
T00007969,A0001000,2025-08-23,WITHDRAWAL,4180000.0
T00007970,A0000553,2025-04-16,TRANSFER,887000.0
T00007971,A0000883,2025-10-21,DEPOSIT,1539000.0
T00007972,A0000139,2025-04-18,DEPOSIT,3035000.0
T00007973,A0001604,2026-02-22,TRANSFER,1746000.0
T00007974,A0000649,2026-02-28,WITHDRAWAL,4230000.0
T00007975,A0000232,2025-04-04,WITHDRAWAL,4915000.0
T00007976,A0000882,2025-01-19,DEPOSIT,2169000.0
T00007977,A0000261,2026-08-23,TRANSFER,1310000.0
T00007978,A0001468,2025-06-11,WITHDRAWAL,4751000.0
T00007979,A0000099,2026-02-03,WITHDRAWAL,1008000.0
T00007980,A0001537,2025-06-14,TRANSFER,155000.0
T00007981,A0001196,2025-11-23,WITHDRAWAL,2369000.0
T00007982,A0000071,2026-05-16,TRANSFER,137000.0
T00007983,A0000533,2025-01-20,TRANSFER,2745000.0
T00007984,A0001792,2026-01-25,WITHDRAWAL,4678000.0
T00007985,A0000830,2026-07-19,TRANSFER,2806000.0
T00007986,A0000919,2026-05-16,WITHDRAWAL,4211000.0
T00007987,A0001130,2025-01-14,DEPOSIT,4289000.0
T00007988,A0001601,2026-02-21,DEPOSIT,538000.0
T00007989,A0001431,2025-05-20,TRANSFER,410000.0
T00007990,A0001099,2025-05-01,DEPOSIT,4883000.0
T00007991,A0000232,2026-04-26,WITHDRAWAL,932000.0
T00007992,A0001734,2026-02-04,WITHDRAWAL,3136000.0
T00007993,A0000018,2025-04-22,TRANSFER,3741000.0
T00007994,A0000116,2025-10-06,TRANSFER,3763000.0
T00007995,A0001278,2025-05-19,TRANSFER,3238000.0
T00007996,A0001050,2025-09-24,TRANSFER,4746000.0
T00007997,A0000130,2026-07-23,DEPOSIT,231000.0
T00007998,A0001212,2026-02-06,DEPOSIT,367000.0
T00007999,A0001656,2025-05-03,TRANSFER,1828000.0
T00008000,A0001776,2026-06-21,DEPOSIT,4298000.0
T00008001,A0000444,2025-09-12,TRANSFER,4013000.0
T00008002,A0001284,2025-09-26,TRANSFER,1266000.0
T00008003,A0000625,2026-08-13,TRANSFER,2720000.0
T00008004,A0001628,2026-08-24,TRANSFER,2964000.0
T00008005,A0001154,2025-05-31,DEPOSIT,4412000.0
T00008006,A0000362,2025-02-21,WITHDRAWAL,2133000.0
T00008007,A0001405,2026-04-22,TRANSFER,2777000.0
T00008008,A0000617,2026-03-07,DEPOSIT,4482000.0
T00008009,A0000236,2025-09-25,DEPOSIT,3341000.0
T00008010,A0001678,2026-05-14,WITHDRAWAL,2866000.0
T00008011,A0000259,2026-08-24,DEPOSIT,4189000.0
T00008012,A0001516,2026-04-16,WITHDRAWAL,1836000.0
T00008013,A0000907,2025-01-09,TRANSFER,555000.0
T00008014,A0001506,2026-04-08,TRANSFER,2023000.0
T00008015,A0001649,2025-07-02,DEPOSIT,4893000.0
T00008016,A0000232,2026-07-03,DEPOSIT,3859000.0
T00008017,A0001703,2026-01-13,WITHDRAWAL,172000.0
T00008018,A0001215,2025-11-25,WITHDRAWAL,824000.0
T00008019,A0000137,2025-03-26,WITHDRAWAL,3025000.0
T00008020,A0000819,2025-02-28,WITHDRAWAL,4666000.0
T00008021,A0000195,2025-01-30,TRANSFER,1681000.0
T00008022,A0000416,2025-06-27,DEPOSIT,1034000.0
T00008023,A0001236,2025-05-19,WITHDRAWAL,3393000.0
T00008024,A0001378,2025-08-26,DEPOSIT,3820000.0
T00008025,A0001586,2026-06-22,WITHDRAWAL,4325000.0
T00008026,A0001460,2025-08-24,DEPOSIT,4855000.0
T00008027,A0000927,2025-02-24,WITHDRAWAL,2026000.0
T00008028,A0000713,2026-08-16,DEPOSIT,1243000.0
T00008029,A0000244,2025-03-24,TRANSFER,563000.0
T00008030,A0000189,2026-02-01,DEPOSIT,4618000.0
T00008031,A0000289,2026-05-13,DEPOSIT,2287000.0
T00008032,A0000505,2025-05-30,TRANSFER,3611000.0
T00008033,A0001667,2026-07-29,DEPOSIT,4317000.0
T00008034,A0001345,2025-02-21,DEPOSIT,4403000.0
T00008035,A0000441,2025-08-24,TRANSFER,4079000.0
T00008036,A0000234,2026-07-09,TRANSFER,602000.0
T00008037,A0000175,2026-04-26,DEPOSIT,469000.0
T00008038,A0001300,2026-08-30,DEPOSIT,3614000.0
T00008039,A0001509,2026-05-26,TRANSFER,3816000.0
T00008040,A0000573,2025-08-29,TRANSFER,2442000.0
T00008041,A0000592,2026-07-21,DEPOSIT,4705000.0
T00008042,A0000057,2026-01-30,DEPOSIT,3005000.0
T00008043,A0001607,2026-02-01,WITHDRAWAL,698000.0
T00008044,A0001429,2026-02-16,WITHDRAWAL,2304000.0
T00008045,A0001264,2026-01-08,TRANSFER,635000.0
T00008046,A0001698,2025-07-28,TRANSFER,2324000.0
T00008047,A0000070,2026-08-07,TRANSFER,2886000.0
T00008048,A0001740,2026-06-14,TRANSFER,2778000.0
T00008049,A0000631,2025-11-13,WITHDRAWAL,2287000.0
T00008050,A0001466,2026-08-20,WITHDRAWAL,2413000.0
T00008051,A0000105,2026-07-01,TRANSFER,423000.0
T00008052,A0001127,2025-01-31,TRANSFER,2326000.0
T00008053,A0000785,2025-02-26,DEPOSIT,2672000.0
T00008054,A0000263,2026-04-06,WITHDRAWAL,550000.0
T00008055,A0000389,2026-05-22,DEPOSIT,2157000.0
T00008056,A0000263,2026-08-04,WITHDRAWAL,2656000.0
T00008057,A0000699,2026-07-09,WITHDRAWAL,4062000.0
T00008058,A0001267,2025-09-27,DEPOSIT,4930000.0
T00008059,A0001490,2025-05-17,TRANSFER,103000.0
T00008060,A0000665,2026-02-02,DEPOSIT,1993000.0
T00008061,A0000198,2025-08-19,WITHDRAWAL,3646000.0
T00008062,A0000098,2025-07-13,TRANSFER,4992000.0
T00008063,A0000032,2025-10-26,WITHDRAWAL,4414000.0
T00008064,A0001312,2025-09-02,WITHDRAWAL,2982000.0
T00008065,A0000470,2025-11-13,WITHDRAWAL,3836000.0
T00008066,A0001142,2026-08-09,DEPOSIT,353000.0
T00008067,A0000088,2026-04-20,WITHDRAWAL,489000.0
T00008068,A0001540,2026-01-02,WITHDRAWAL,4806000.0
T00008069,A0000748,2026-05-11,WITHDRAWAL,2704000.0
T00008070,A0000012,2025-02-22,DEPOSIT,334000.0
T00008071,A0000592,2025-04-23,WITHDRAWAL,1665000.0
T00008072,A0001645,2026-05-29,TRANSFER,4184000.0
T00008073,A0000272,2025-03-14,TRANSFER,369000.0
T00008074,A0001341,2025-09-05,WITHDRAWAL,3930000.0
T00008075,A0000986,2025-01-02,DEPOSIT,3116000.0
T00008076,A0000308,2026-03-08,WITHDRAWAL,1297000.0
T00008077,A0000661,2025-09-15,DEPOSIT,105000.0
T00008078,A0000781,2026-03-20,DEPOSIT,2371000.0
T00008079,A0000917,2025-02-05,DEPOSIT,4036000.0
T00008080,A0001144,2025-03-04,DEPOSIT,208000.0
T00008081,A0000704,2026-05-30,WITHDRAWAL,1209000.0
T00008082,A0001030,2025-01-04,TRANSFER,4135000.0
T00008083,A0001163,2025-11-09,DEPOSIT,4283000.0
T00008084,A0001310,2025-08-18,WITHDRAWAL,3159000.0
T00008085,A0000867,2025-08-16,WITHDRAWAL,1998000.0
T00008086,A0000220,2026-06-09,WITHDRAWAL,672000.0
T00008087,A0000915,2025-12-23,WITHDRAWAL,386000.0
T00008088,A0001205,2025-04-06,WITHDRAWAL,898000.0
T00008089,A0000659,2026-05-20,TRANSFER,1303000.0
T00008090,A0001138,2026-03-18,WITHDRAWAL,1646000.0
T00008091,A0000763,2026-06-28,DEPOSIT,3727000.0
T00008092,A0000921,2026-06-30,DEPOSIT,2365000.0
T00008093,A0001549,2025-01-19,DEPOSIT,2518000.0
T00008094,A0000821,2026-06-28,DEPOSIT,4187000.0
T00008095,A0001210,2025-08-17,DEPOSIT,372000.0
T00008096,A0000011,2026-05-28,WITHDRAWAL,3081000.0
T00008097,A0001577,2025-09-09,WITHDRAWAL,4894000.0
T00008098,A0000202,2025-01-13,WITHDRAWAL,2200000.0
T00008099,A0000602,2025-05-04,DEPOSIT,780000.0
T00008100,A0000389,2026-02-02,TRANSFER,486000.0
T00008101,A0001269,2026-03-04,WITHDRAWAL,421000.0
T00008102,A0001150,2026-01-23,DEPOSIT,3789000.0
T00008103,A0001656,2026-01-24,TRANSFER,2028000.0
T00008104,A0000076,2025-05-29,TRANSFER,4201000.0
T00008105,A0001304,2026-03-21,WITHDRAWAL,4350000.0
T00008106,A0001575,2025-11-29,DEPOSIT,1428000.0
T00008107,A0000271,2025-02-08,WITHDRAWAL,3990000.0
T00008108,A0000036,2026-06-30,DEPOSIT,2687000.0
T00008109,A0000158,2025-07-21,TRANSFER,697000.0
T00008110,A0001429,2025-11-09,TRANSFER,74000.0
T00008111,A0000878,2026-01-27,TRANSFER,3461000.0
T00008112,A0001098,2026-05-30,TRANSFER,614000.0
T00008113,A0000921,2026-05-04,TRANSFER,2372000.0
T00008114,A0001603,2026-05-04,DEPOSIT,4896000.0
T00008115,A0000013,2026-06-26,DEPOSIT,4650000.0
T00008116,A0001020,2026-06-02,DEPOSIT,3169000.0
T00008117,A0001796,2026-07-03,DEPOSIT,4091000.0
T00008118,A0000450,2025-03-17,DEPOSIT,3146000.0
T00008119,A0000211,2026-03-29,WITHDRAWAL,1672000.0
T00008120,A0000403,2025-04-07,WITHDRAWAL,3287000.0
T00008121,A0001040,2026-06-26,DEPOSIT,2973000.0
T00008122,A0000052,2025-05-30,WITHDRAWAL,1478000.0
T00008123,A0000025,2026-05-27,TRANSFER,279000.0
T00008124,A0000828,2025-02-23,DEPOSIT,872000.0
T00008125,A0001145,2026-02-18,DEPOSIT,2345000.0
T00008126,A0000699,2026-05-29,DEPOSIT,2897000.0
T00008127,A0000010,2026-03-02,WITHDRAWAL,1105000.0
T00008128,A0000104,2026-02-14,TRANSFER,1845000.0
T00008129,A0000382,2025-10-12,WITHDRAWAL,1694000.0
T00008130,A0001773,2025-08-22,TRANSFER,1295000.0
T00008131,A0000702,2025-12-03,WITHDRAWAL,4854000.0
T00008132,A0000847,2026-03-26,TRANSFER,3302000.0
T00008133,A0001686,2025-03-20,TRANSFER,4843000.0
T00008134,A0000973,2026-02-22,WITHDRAWAL,1819000.0
T00008135,A0000510,2025-02-07,TRANSFER,2482000.0
T00008136,A0001333,2025-10-23,DEPOSIT,3605000.0
T00008137,A0000407,2025-05-08,DEPOSIT,4558000.0
T00008138,A0001746,2025-07-02,DEPOSIT,3337000.0
T00008139,A0001012,2025-10-13,TRANSFER,4423000.0
T00008140,A0001726,2026-03-16,TRANSFER,3662000.0
T00008141,A0001754,2025-02-24,WITHDRAWAL,3907000.0
T00008142,A0000215,2026-06-18,DEPOSIT,542000.0
T00008143,A0000316,2026-06-03,WITHDRAWAL,4833000.0
T00008144,A0000160,2025-08-21,TRANSFER,3816000.0
T00008145,A0000268,2026-08-14,DEPOSIT,4944000.0
T00008146,A0001604,2025-11-02,TRANSFER,3024000.0
T00008147,A0001311,2026-05-05,WITHDRAWAL,4382000.0
T00008148,A0001236,2026-08-29,WITHDRAWAL,4960000.0
T00008149,A0001634,2025-01-29,DEPOSIT,1828000.0
T00008150,A0001178,2025-02-20,TRANSFER,4245000.0
T00008151,A0001731,2026-08-22,WITHDRAWAL,3382000.0
T00008152,A0000402,2026-08-19,DEPOSIT,527000.0
T00008153,A0000909,2025-12-13,DEPOSIT,690000.0
T00008154,A0000437,2025-03-04,DEPOSIT,1727000.0
T00008155,A0000778,2025-11-24,TRANSFER,3037000.0
T00008156,A0000638,2025-03-23,TRANSFER,2576000.0
T00008157,A0000778,2025-11-11,WITHDRAWAL,2723000.0
T00008158,A0000183,2025-06-07,WITHDRAWAL,656000.0
T00008159,A0001629,2026-07-28,TRANSFER,550000.0
T00008160,A0000107,2026-08-19,WITHDRAWAL,997000.0
T00008161,A0000893,2025-01-27,DEPOSIT,1781000.0
T00008162,A0000022,2025-10-21,DEPOSIT,2452000.0
T00008163,A0001765,2025-09-21,WITHDRAWAL,234000.0
T00008164,A0000980,2025-01-10,DEPOSIT,3231000.0
T00008165,A0000558,2025-01-06,WITHDRAWAL,3020000.0
T00008166,A0001657,2026-07-29,DEPOSIT,3078000.0
T00008167,A0000774,2025-03-23,TRANSFER,4338000.0
T00008168,A0000942,2025-08-25,WITHDRAWAL,1417000.0
T00008169,A0000733,2025-07-08,TRANSFER,2019000.0
T00008170,A0001579,2026-04-24,DEPOSIT,170000.0
T00008171,A0000677,2025-08-23,WITHDRAWAL,424000.0
T00008172,A0000717,2025-11-11,TRANSFER,3137000.0
T00008173,A0001318,2025-01-29,WITHDRAWAL,3747000.0
T00008174,A0001039,2026-04-28,WITHDRAWAL,375000.0
T00008175,A0001761,2025-08-04,TRANSFER,3526000.0
T00008176,A0001554,2025-05-27,WITHDRAWAL,1600000.0
T00008177,A0001278,2026-05-14,WITHDRAWAL,4868000.0
T00008178,A0000902,2025-11-17,TRANSFER,1457000.0
T00008179,A0001069,2026-05-06,WITHDRAWAL,1924000.0
T00008180,A0000790,2025-10-11,WITHDRAWAL,4819000.0
T00008181,A0001380,2025-11-27,WITHDRAWAL,4644000.0
T00008182,A0000067,2026-05-19,WITHDRAWAL,2939000.0
T00008183,A0000722,2025-04-04,DEPOSIT,1281000.0
T00008184,A0000967,2025-02-28,TRANSFER,2208000.0
T00008185,A0000568,2025-09-26,DEPOSIT,3532000.0
T00008186,A0001217,2025-01-21,TRANSFER,748000.0
T00008187,A0001558,2025-04-05,DEPOSIT,2142000.0
T00008188,A0000270,2026-05-31,WITHDRAWAL,3582000.0
T00008189,A0001267,2026-06-19,TRANSFER,4887000.0
T00008190,A0000319,2025-11-19,TRANSFER,1526000.0
T00008191,A0000950,2025-06-27,TRANSFER,2233000.0
T00008192,A0001385,2025-03-24,WITHDRAWAL,3465000.0
T00008193,A0000467,2025-01-19,DEPOSIT,1974000.0
T00008194,A0000818,2025-05-28,DEPOSIT,3221000.0
T00008195,A0000963,2025-05-25,TRANSFER,3173000.0
T00008196,A0001747,2026-03-06,DEPOSIT,1883000.0
T00008197,A0001544,2026-06-03,TRANSFER,3609000.0
T00008198,A0000856,2026-08-20,DEPOSIT,3025000.0
T00008199,A0000758,2026-01-20,WITHDRAWAL,3018000.0
T00008200,A0000864,2026-07-04,DEPOSIT,1102000.0
T00008201,A0001516,2025-07-31,DEPOSIT,3216000.0
T00008202,A0000060,2025-11-18,DEPOSIT,78000.0
T00008203,A0000342,2026-03-23,WITHDRAWAL,2853000.0
T00008204,A0001476,2026-05-20,DEPOSIT,2489000.0
T00008205,A0000431,2026-07-18,TRANSFER,1959000.0
T00008206,A0000579,2025-09-08,WITHDRAWAL,3210000.0
T00008207,A0001538,2026-02-24,TRANSFER,1902000.0
T00008208,A0001265,2025-06-04,DEPOSIT,1409000.0
T00008209,A0001135,2026-03-12,WITHDRAWAL,3088000.0
T00008210,A0001135,2026-03-25,WITHDRAWAL,1120000.0
T00008211,A0001370,2025-01-09,DEPOSIT,3887000.0
T00008212,A0000691,2025-01-24,DEPOSIT,3824000.0
T00008213,A0000824,2025-07-17,DEPOSIT,340000.0
T00008214,A0000566,2025-01-30,DEPOSIT,1363000.0
T00008215,A0001601,2025-07-16,WITHDRAWAL,4096000.0
T00008216,A0001366,2025-04-16,TRANSFER,4466000.0
T00008217,A0000497,2026-04-22,DEPOSIT,3062000.0
T00008218,A0001349,2026-05-12,WITHDRAWAL,1157000.0
T00008219,A0001496,2026-07-25,DEPOSIT,961000.0
T00008220,A0000139,2025-04-20,WITHDRAWAL,4070000.0
T00008221,A0000479,2025-11-07,TRANSFER,4015000.0
T00008222,A0000306,2026-07-02,DEPOSIT,516000.0
T00008223,A0001164,2025-09-29,TRANSFER,1357000.0
T00008224,A0000578,2026-02-15,TRANSFER,3440000.0
T00008225,A0001066,2025-11-06,TRANSFER,2899000.0
T00008226,A0000061,2025-12-06,DEPOSIT,4050000.0
T00008227,A0001506,2025-12-17,DEPOSIT,810000.0
T00008228,A0000150,2025-08-16,TRANSFER,219000.0
T00008229,A0000371,2025-07-17,WITHDRAWAL,3053000.0
T00008230,A0001587,2025-10-28,TRANSFER,267000.0
T00008231,A0001483,2025-05-15,DEPOSIT,2405000.0
T00008232,A0001465,2025-01-06,DEPOSIT,1615000.0
T00008233,A0000451,2025-04-11,TRANSFER,4546000.0
T00008234,A0001363,2026-04-16,TRANSFER,655000.0
T00008235,A0001242,2025-06-22,TRANSFER,2795000.0
T00008236,A0000276,2026-07-23,WITHDRAWAL,2606000.0
T00008237,A0001066,2026-07-14,DEPOSIT,1647000.0
T00008238,A0001334,2025-07-02,TRANSFER,1920000.0
T00008239,A0001506,2025-10-30,TRANSFER,55000.0
T00008240,A0001198,2026-05-11,DEPOSIT,4881000.0
T00008241,A0000144,2025-08-02,TRANSFER,842000.0
T00008242,A0001045,2025-08-30,DEPOSIT,4771000.0
T00008243,A0000838,2025-05-02,TRANSFER,3158000.0
T00008244,A0000742,2026-03-22,TRANSFER,41000.0
T00008245,A0000884,2026-01-30,WITHDRAWAL,1877000.0
T00008246,A0000949,2026-07-01,DEPOSIT,38000.0
T00008247,A0000523,2026-07-26,DEPOSIT,3017000.0
T00008248,A0000003,2026-04-11,TRANSFER,4824000.0
T00008249,A0000338,2026-06-29,DEPOSIT,2057000.0
T00008250,A0001257,2026-03-24,WITHDRAWAL,817000.0
T00008251,A0000778,2025-10-23,WITHDRAWAL,3911000.0
T00008252,A0001410,2025-11-29,DEPOSIT,2307000.0
T00008253,A0001180,2026-04-21,TRANSFER,2321000.0
T00008254,A0001602,2025-02-03,DEPOSIT,2482000.0
T00008255,A0000009,2026-04-06,DEPOSIT,2662000.0
T00008256,A0001190,2025-01-20,WITHDRAWAL,4386000.0
T00008257,A0001726,2025-09-11,DEPOSIT,1075000.0
T00008258,A0001057,2025-03-17,TRANSFER,106000.0
T00008259,A0000924,2025-02-23,TRANSFER,1609000.0
T00008260,A0000865,2025-06-24,TRANSFER,260000.0
T00008261,A0000449,2026-01-13,DEPOSIT,302000.0
T00008262,A0000755,2025-02-25,TRANSFER,4570000.0
T00008263,A0001445,2025-11-18,TRANSFER,4543000.0
T00008264,A0000045,2025-03-18,WITHDRAWAL,4191000.0
T00008265,A0001212,2025-12-24,TRANSFER,147000.0
T00008266,A0001428,2026-03-08,WITHDRAWAL,2825000.0
T00008267,A0001499,2025-12-15,DEPOSIT,649000.0
T00008268,A0001736,2025-08-28,TRANSFER,290000.0
T00008269,A0000057,2025-02-23,DEPOSIT,802000.0
T00008270,A0000265,2026-04-08,TRANSFER,1232000.0
T00008271,A0001172,2025-02-03,TRANSFER,223000.0
T00008272,A0000192,2025-02-02,DEPOSIT,109000.0
T00008273,A0001360,2026-07-12,DEPOSIT,4473000.0
T00008274,A0001504,2025-08-30,WITHDRAWAL,3751000.0
T00008275,A0001514,2025-11-25,TRANSFER,3424000.0
T00008276,A0000624,2026-07-22,WITHDRAWAL,1755000.0
T00008277,A0001695,2025-05-16,TRANSFER,253000.0
T00008278,A0001659,2026-04-11,TRANSFER,354000.0
T00008279,A0000959,2026-08-12,TRANSFER,2514000.0
T00008280,A0001120,2025-05-19,TRANSFER,2852000.0
T00008281,A0000982,2026-05-18,TRANSFER,1485000.0
T00008282,A0000866,2025-01-14,WITHDRAWAL,4650000.0
T00008283,A0000355,2026-08-05,DEPOSIT,4620000.0
T00008284,A0000286,2025-11-26,DEPOSIT,4834000.0
T00008285,A0000936,2025-11-13,DEPOSIT,2914000.0
T00008286,A0001079,2026-04-19,TRANSFER,3413000.0
T00008287,A0001401,2026-05-02,WITHDRAWAL,4376000.0
T00008288,A0001369,2026-06-11,DEPOSIT,1584000.0
T00008289,A0000792,2026-02-08,WITHDRAWAL,3498000.0
T00008290,A0000679,2026-06-14,DEPOSIT,1739000.0
T00008291,A0001554,2026-06-10,DEPOSIT,351000.0
T00008292,A0000336,2026-04-16,TRANSFER,1326000.0
T00008293,A0000256,2026-06-14,WITHDRAWAL,3698000.0
T00008294,A0000904,2025-09-23,WITHDRAWAL,2879000.0
T00008295,A0001012,2025-06-12,DEPOSIT,614000.0
T00008296,A0001341,2025-09-12,WITHDRAWAL,2073000.0
T00008297,A0001367,2026-08-01,WITHDRAWAL,3199000.0
T00008298,A0000920,2026-08-29,WITHDRAWAL,1623000.0
T00008299,A0000044,2026-04-17,DEPOSIT,3471000.0
T00008300,A0001393,2025-04-15,TRANSFER,2680000.0
T00008301,A0000893,2025-05-18,TRANSFER,3290000.0
T00008302,A0000399,2025-04-19,DEPOSIT,2236000.0
T00008303,A0001660,2025-12-25,TRANSFER,2309000.0
T00008304,A0001154,2026-01-13,WITHDRAWAL,813000.0
T00008305,A0001743,2025-04-27,DEPOSIT,3105000.0
T00008306,A0001754,2025-07-23,WITHDRAWAL,4328000.0
T00008307,A0001305,2026-07-11,TRANSFER,4073000.0
T00008308,A0000467,2026-02-04,TRANSFER,1794000.0
T00008309,A0000213,2026-08-27,TRANSFER,3955000.0
T00008310,A0000908,2025-03-27,WITHDRAWAL,3239000.0
T00008311,A0000700,2026-01-05,TRANSFER,3065000.0
T00008312,A0000670,2026-05-17,DEPOSIT,1583000.0
T00008313,A0001010,2025-07-30,DEPOSIT,1530000.0
T00008314,A0001669,2025-04-17,TRANSFER,4586000.0
T00008315,A0000311,2025-07-06,DEPOSIT,3669000.0
T00008316,A0000707,2025-04-18,DEPOSIT,4714000.0
T00008317,A0000488,2026-06-10,DEPOSIT,3761000.0
T00008318,A0001651,2025-10-29,WITHDRAWAL,4580000.0
T00008319,A0000914,2026-03-22,TRANSFER,3925000.0
T00008320,A0001749,2026-02-11,TRANSFER,1969000.0
T00008321,A0000141,2026-04-25,DEPOSIT,1901000.0
T00008322,A0000935,2026-07-15,TRANSFER,4581000.0
T00008323,A0001492,2025-03-25,WITHDRAWAL,4711000.0
T00008324,A0000360,2025-06-28,WITHDRAWAL,2843000.0
T00008325,A0000897,2026-05-23,TRANSFER,4770000.0
T00008326,A0001432,2025-02-22,DEPOSIT,357000.0
T00008327,A0001282,2025-10-04,TRANSFER,2189000.0
T00008328,A0000783,2026-05-28,TRANSFER,1508000.0
T00008329,A0001300,2026-02-09,WITHDRAWAL,1378000.0
T00008330,A0000282,2025-05-19,DEPOSIT,4946000.0
T00008331,A0000216,2025-04-29,TRANSFER,1487000.0
T00008332,A0001653,2026-08-16,WITHDRAWAL,4692000.0
T00008333,A0000702,2026-01-23,TRANSFER,24000.0
T00008334,A0001262,2025-07-28,TRANSFER,3023000.0
T00008335,A0000426,2025-01-06,DEPOSIT,174000.0
T00008336,A0000761,2025-04-26,DEPOSIT,1907000.0
T00008337,A0001325,2025-03-25,TRANSFER,2209000.0
T00008338,A0001234,2026-06-28,DEPOSIT,1650000.0
T00008339,A0000894,2026-05-23,DEPOSIT,4829000.0
T00008340,A0001625,2025-01-14,DEPOSIT,3177000.0
T00008341,A0001265,2025-11-14,TRANSFER,1775000.0
T00008342,A0000950,2026-08-03,DEPOSIT,487000.0
T00008343,A0001292,2026-07-20,TRANSFER,1050000.0
T00008344,A0001576,2026-03-15,DEPOSIT,4681000.0
T00008345,A0001006,2026-01-05,TRANSFER,3183000.0
T00008346,A0000785,2025-01-17,DEPOSIT,4620000.0
T00008347,A0001639,2025-01-23,DEPOSIT,1276000.0
T00008348,A0000659,2026-02-16,TRANSFER,3087000.0
T00008349,A0001562,2026-07-20,WITHDRAWAL,1190000.0
T00008350,A0000688,2026-04-28,DEPOSIT,4352000.0
T00008351,A0001154,2025-12-24,DEPOSIT,4115000.0
T00008352,A0000438,2026-06-02,DEPOSIT,4899000.0
T00008353,A0001182,2026-04-01,WITHDRAWAL,3408000.0
T00008354,A0000398,2026-06-24,WITHDRAWAL,1075000.0
T00008355,A0001421,2026-03-15,WITHDRAWAL,197000.0
T00008356,A0001093,2025-03-08,DEPOSIT,4476000.0
T00008357,A0001561,2026-03-17,TRANSFER,247000.0
T00008358,A0000070,2025-09-25,DEPOSIT,3147000.0
T00008359,A0000004,2026-04-18,DEPOSIT,217000.0
T00008360,A0001448,2026-07-16,DEPOSIT,1486000.0
T00008361,A0001182,2025-01-26,TRANSFER,2380000.0
T00008362,A0000933,2025-07-25,WITHDRAWAL,2322000.0
T00008363,A0001401,2026-07-22,DEPOSIT,4912000.0
T00008364,A0001010,2026-06-07,DEPOSIT,2693000.0
T00008365,A0001658,2025-07-18,TRANSFER,3727000.0
T00008366,A0001799,2025-06-24,TRANSFER,2815000.0
T00008367,A0000081,2026-07-14,WITHDRAWAL,2758000.0
T00008368,A0001110,2026-05-29,WITHDRAWAL,3900000.0
T00008369,A0000168,2025-11-03,DEPOSIT,590000.0
T00008370,A0000581,2026-06-13,DEPOSIT,1924000.0
T00008371,A0001327,2025-12-09,TRANSFER,471000.0
T00008372,A0000109,2025-01-13,TRANSFER,1659000.0
T00008373,A0001282,2026-02-16,WITHDRAWAL,4490000.0
T00008374,A0000377,2026-03-02,DEPOSIT,1895000.0
T00008375,A0000212,2025-02-23,DEPOSIT,472000.0
T00008376,A0000055,2025-04-22,TRANSFER,1303000.0
T00008377,A0000585,2025-08-04,TRANSFER,1259000.0
T00008378,A0001275,2026-01-25,TRANSFER,3189000.0
T00008379,A0000502,2025-01-22,WITHDRAWAL,1440000.0
T00008380,A0000476,2026-02-03,TRANSFER,4515000.0
T00008381,A0000436,2025-02-24,TRANSFER,3180000.0
T00008382,A0000875,2026-03-29,TRANSFER,2577000.0
T00008383,A0001155,2025-09-08,DEPOSIT,1153000.0
T00008384,A0000340,2025-06-15,DEPOSIT,4333000.0
T00008385,A0001582,2025-04-22,DEPOSIT,1412000.0
T00008386,A0001790,2025-06-14,DEPOSIT,573000.0
T00008387,A0001248,2025-03-24,DEPOSIT,3008000.0
T00008388,A0000946,2025-12-17,WITHDRAWAL,4242000.0
T00008389,A0000802,2026-01-28,TRANSFER,3864000.0
T00008390,A0000075,2026-01-06,TRANSFER,2299000.0
T00008391,A0000678,2026-06-24,WITHDRAWAL,1045000.0
T00008392,A0001665,2025-07-10,TRANSFER,1243000.0
T00008393,A0000748,2026-01-25,WITHDRAWAL,3247000.0
T00008394,A0000119,2026-01-16,WITHDRAWAL,2164000.0
T00008395,A0001524,2025-07-29,WITHDRAWAL,571000.0
T00008396,A0001238,2026-02-08,WITHDRAWAL,2443000.0
T00008397,A0001064,2026-04-05,DEPOSIT,770000.0
T00008398,A0000095,2025-08-26,WITHDRAWAL,1099000.0
T00008399,A0001022,2025-11-26,WITHDRAWAL,2452000.0
T00008400,A0001435,2025-05-21,DEPOSIT,2071000.0
T00008401,A0001444,2025-12-28,TRANSFER,618000.0
T00008402,A0000419,2026-05-06,TRANSFER,2118000.0
T00008403,A0001285,2025-03-13,WITHDRAWAL,4672000.0
T00008404,A0000369,2025-09-20,WITHDRAWAL,975000.0
T00008405,A0000160,2025-05-11,DEPOSIT,1110000.0
T00008406,A0000228,2025-01-07,DEPOSIT,2447000.0
T00008407,A0001411,2025-02-09,DEPOSIT,3344000.0
T00008408,A0000150,2025-02-12,TRANSFER,1078000.0
T00008409,A0001366,2025-09-19,DEPOSIT,427000.0
T00008410,A0000360,2026-04-23,DEPOSIT,3276000.0
T00008411,A0000919,2026-04-11,TRANSFER,3417000.0
T00008412,A0000493,2025-01-23,DEPOSIT,2729000.0
T00008413,A0000121,2025-02-24,TRANSFER,843000.0
T00008414,A0000305,2026-02-08,DEPOSIT,2740000.0
T00008415,A0001007,2026-04-23,DEPOSIT,1668000.0
T00008416,A0000050,2025-12-25,DEPOSIT,3219000.0
T00008417,A0000302,2025-04-01,WITHDRAWAL,2126000.0
T00008418,A0001647,2025-09-15,DEPOSIT,4640000.0
T00008419,A0000840,2025-08-14,WITHDRAWAL,3052000.0
T00008420,A0000154,2026-07-19,WITHDRAWAL,4768000.0
T00008421,A0000663,2026-02-01,WITHDRAWAL,3422000.0
T00008422,A0001466,2026-06-01,WITHDRAWAL,4572000.0
T00008423,A0001762,2026-02-07,DEPOSIT,4044000.0
T00008424,A0000408,2025-04-14,WITHDRAWAL,4123000.0
T00008425,A0000387,2025-09-18,TRANSFER,3941000.0
T00008426,A0000962,2025-04-07,DEPOSIT,900000.0
T00008427,A0001152,2025-11-18,WITHDRAWAL,4114000.0
T00008428,A0000356,2025-07-02,TRANSFER,1473000.0
T00008429,A0000097,2026-01-31,DEPOSIT,966000.0
T00008430,A0000560,2025-07-03,WITHDRAWAL,772000.0
T00008431,A0001059,2025-11-10,DEPOSIT,915000.0
T00008432,A0000905,2025-05-31,TRANSFER,15000.0
T00008433,A0001602,2025-10-09,TRANSFER,316000.0
T00008434,A0001118,2026-03-15,TRANSFER,1090000.0
T00008435,A0001560,2025-07-03,TRANSFER,4482000.0
T00008436,A0000619,2025-10-14,DEPOSIT,614000.0
T00008437,A0001485,2025-02-06,WITHDRAWAL,4987000.0
T00008438,A0000939,2025-05-24,TRANSFER,119000.0
T00008439,A0000866,2025-04-26,WITHDRAWAL,3194000.0
T00008440,A0000068,2026-01-30,DEPOSIT,4745000.0
T00008441,A0000361,2026-02-08,WITHDRAWAL,3364000.0
T00008442,A0001072,2026-06-23,DEPOSIT,2228000.0
T00008443,A0001768,2025-08-19,WITHDRAWAL,49000.0
T00008444,A0001372,2025-05-19,WITHDRAWAL,2513000.0
T00008445,A0001580,2025-03-22,TRANSFER,3860000.0
T00008446,A0000364,2026-06-26,WITHDRAWAL,2987000.0
T00008447,A0000882,2025-11-26,TRANSFER,3053000.0
T00008448,A0001427,2026-07-18,TRANSFER,3462000.0
T00008449,A0000742,2026-02-20,DEPOSIT,4306000.0
T00008450,A0001461,2026-02-26,TRANSFER,4016000.0
T00008451,A0001528,2026-04-05,TRANSFER,914000.0
T00008452,A0000091,2026-05-28,DEPOSIT,1522000.0
T00008453,A0001645,2025-12-26,DEPOSIT,929000.0
T00008454,A0001035,2025-12-04,TRANSFER,4831000.0
T00008455,A0001219,2025-11-01,DEPOSIT,697000.0
T00008456,A0001185,2026-05-11,DEPOSIT,2506000.0
T00008457,A0001790,2025-05-05,DEPOSIT,5000000.0
T00008458,A0001737,2026-01-24,TRANSFER,4765000.0
T00008459,A0001003,2026-07-13,TRANSFER,1819000.0
T00008460,A0000221,2025-04-29,WITHDRAWAL,237000.0
T00008461,A0001401,2026-01-30,TRANSFER,4979000.0
T00008462,A0000215,2025-10-11,DEPOSIT,3330000.0
T00008463,A0000018,2025-09-13,DEPOSIT,2363000.0
T00008464,A0000805,2025-08-18,TRANSFER,3128000.0
T00008465,A0000249,2025-08-21,DEPOSIT,2165000.0
T00008466,A0000357,2025-06-21,WITHDRAWAL,3370000.0
T00008467,A0000207,2026-04-17,DEPOSIT,3991000.0
T00008468,A0000749,2025-12-30,TRANSFER,3871000.0
T00008469,A0000488,2026-08-29,DEPOSIT,3395000.0
T00008470,A0000680,2025-12-10,WITHDRAWAL,2996000.0
T00008471,A0001027,2026-05-15,WITHDRAWAL,3931000.0
T00008472,A0001578,2026-08-07,DEPOSIT,838000.0
T00008473,A0000975,2025-09-30,TRANSFER,3962000.0
T00008474,A0000432,2026-04-02,TRANSFER,2194000.0
T00008475,A0000527,2025-01-07,TRANSFER,2553000.0
T00008476,A0000140,2026-04-30,WITHDRAWAL,4203000.0
T00008477,A0001657,2025-12-20,WITHDRAWAL,4700000.0
T00008478,A0001731,2026-01-15,WITHDRAWAL,4831000.0
T00008479,A0000907,2025-02-03,WITHDRAWAL,1520000.0
T00008480,A0000846,2025-03-03,WITHDRAWAL,3233000.0
T00008481,A0001625,2025-09-16,DEPOSIT,4794000.0
T00008482,A0000266,2025-05-22,DEPOSIT,2393000.0
T00008483,A0001795,2025-09-03,TRANSFER,3742000.0
T00008484,A0000843,2026-04-07,WITHDRAWAL,4746000.0
T00008485,A0001635,2025-05-04,TRANSFER,998000.0
T00008486,A0000887,2025-01-09,DEPOSIT,4161000.0
T00008487,A0000026,2026-08-01,WITHDRAWAL,3487000.0
T00008488,A0000716,2025-09-01,DEPOSIT,2812000.0
T00008489,A0000298,2026-05-09,TRANSFER,2054000.0
T00008490,A0000895,2025-10-11,WITHDRAWAL,1595000.0
T00008491,A0001279,2025-06-18,WITHDRAWAL,2876000.0
T00008492,A0000912,2025-06-20,WITHDRAWAL,4718000.0
T00008493,A0001621,2025-11-28,DEPOSIT,3238000.0
T00008494,A0001377,2026-04-16,WITHDRAWAL,3164000.0
T00008495,A0001060,2026-04-29,TRANSFER,1934000.0
T00008496,A0001540,2026-01-28,DEPOSIT,4830000.0
T00008497,A0000228,2025-07-11,TRANSFER,1479000.0
T00008498,A0000266,2025-12-28,DEPOSIT,1386000.0
T00008499,A0001242,2026-04-03,TRANSFER,50000.0
T00008500,A0001331,2026-06-23,TRANSFER,54000.0
T00008501,A0001220,2026-07-09,WITHDRAWAL,3100000.0
T00008502,A0001400,2026-04-12,TRANSFER,4759000.0
T00008503,A0001041,2025-03-20,TRANSFER,184000.0
T00008504,A0000903,2025-11-13,DEPOSIT,2032000.0
T00008505,A0000695,2026-04-08,TRANSFER,4763000.0
T00008506,A0001450,2026-04-24,WITHDRAWAL,275000.0
T00008507,A0000627,2025-12-15,TRANSFER,2775000.0
T00008508,A0001138,2025-12-29,WITHDRAWAL,2331000.0
T00008509,A0001347,2025-07-03,WITHDRAWAL,765000.0
T00008510,A0001185,2025-01-27,TRANSFER,2076000.0
T00008511,A0001754,2026-04-07,TRANSFER,4078000.0
T00008512,A0000217,2026-05-10,DEPOSIT,1193000.0
T00008513,A0000809,2025-06-14,DEPOSIT,1174000.0
T00008514,A0001518,2025-03-16,WITHDRAWAL,4849000.0
T00008515,A0001753,2025-09-29,TRANSFER,2895000.0
T00008516,A0001550,2026-05-17,TRANSFER,2718000.0
T00008517,A0001379,2025-03-19,WITHDRAWAL,4772000.0
T00008518,A0000310,2025-08-12,TRANSFER,3395000.0
T00008519,A0000947,2025-12-22,WITHDRAWAL,3941000.0
T00008520,A0000694,2025-03-31,WITHDRAWAL,368000.0
T00008521,A0000964,2025-01-07,WITHDRAWAL,4774000.0
T00008522,A0000611,2025-02-26,WITHDRAWAL,4027000.0
T00008523,A0001402,2026-01-01,WITHDRAWAL,2231000.0
T00008524,A0001101,2025-10-07,DEPOSIT,2074000.0
T00008525,A0001172,2026-07-01,TRANSFER,2512000.0
T00008526,A0000275,2026-03-05,WITHDRAWAL,1722000.0
T00008527,A0001124,2026-01-19,DEPOSIT,1314000.0
T00008528,A0000020,2026-01-10,DEPOSIT,2409000.0
T00008529,A0001196,2025-03-11,TRANSFER,4627000.0
T00008530,A0000435,2025-05-25,DEPOSIT,830000.0
T00008531,A0000181,2025-08-03,DEPOSIT,4401000.0
T00008532,A0000363,2025-03-04,WITHDRAWAL,3399000.0
T00008533,A0000650,2025-03-12,DEPOSIT,4149000.0
T00008534,A0000362,2025-05-05,TRANSFER,3696000.0
T00008535,A0001063,2025-05-03,DEPOSIT,2727000.0
T00008536,A0001462,2026-03-27,DEPOSIT,1821000.0
T00008537,A0000702,2025-10-04,WITHDRAWAL,1203000.0
T00008538,A0001020,2025-07-07,TRANSFER,4317000.0
T00008539,A0000479,2025-03-30,WITHDRAWAL,2877000.0
T00008540,A0000667,2025-05-07,DEPOSIT,2090000.0
T00008541,A0001453,2026-05-12,DEPOSIT,4045000.0
T00008542,A0000027,2025-04-19,WITHDRAWAL,1627000.0
T00008543,A0000226,2025-05-25,DEPOSIT,1167000.0
T00008544,A0001507,2025-11-01,DEPOSIT,3132000.0
T00008545,A0001665,2026-06-14,DEPOSIT,4666000.0
T00008546,A0000537,2025-12-02,TRANSFER,1158000.0
T00008547,A0001358,2026-08-17,WITHDRAWAL,1643000.0
T00008548,A0001381,2025-12-05,DEPOSIT,2219000.0
T00008549,A0000450,2025-03-19,DEPOSIT,2856000.0
T00008550,A0001512,2026-07-24,WITHDRAWAL,3654000.0
T00008551,A0001237,2026-08-07,DEPOSIT,386000.0
T00008552,A0000250,2025-03-14,TRANSFER,2577000.0
T00008553,A0000809,2025-12-06,TRANSFER,1781000.0
T00008554,A0001782,2025-09-16,DEPOSIT,1856000.0
T00008555,A0000329,2025-10-21,DEPOSIT,1475000.0
T00008556,A0000085,2025-07-13,DEPOSIT,330000.0
T00008557,A0001565,2025-11-16,DEPOSIT,71000.0
T00008558,A0001688,2026-06-08,TRANSFER,4641000.0
T00008559,A0000388,2025-07-10,DEPOSIT,3279000.0
T00008560,A0001515,2025-06-06,DEPOSIT,2126000.0
T00008561,A0000296,2026-03-21,WITHDRAWAL,2864000.0
T00008562,A0001496,2026-04-21,WITHDRAWAL,1956000.0
T00008563,A0001740,2025-04-20,DEPOSIT,2182000.0
T00008564,A0000916,2025-08-26,DEPOSIT,547000.0
T00008565,A0000295,2025-02-11,WITHDRAWAL,2495000.0
T00008566,A0001412,2025-08-18,TRANSFER,3587000.0
T00008567,A0000028,2025-04-02,WITHDRAWAL,2231000.0
T00008568,A0000168,2025-09-04,TRANSFER,570000.0
T00008569,A0000810,2026-03-24,DEPOSIT,1646000.0
T00008570,A0001250,2026-02-13,DEPOSIT,4323000.0
T00008571,A0000597,2025-10-26,DEPOSIT,425000.0
T00008572,A0001734,2025-05-20,DEPOSIT,1671000.0
T00008573,A0000068,2026-06-19,WITHDRAWAL,1963000.0
T00008574,A0000234,2026-02-19,DEPOSIT,637000.0
T00008575,A0000067,2025-03-04,WITHDRAWAL,1635000.0
T00008576,A0000609,2025-03-08,WITHDRAWAL,2508000.0
T00008577,A0000553,2026-03-11,DEPOSIT,229000.0
T00008578,A0000474,2025-11-19,DEPOSIT,795000.0
T00008579,A0001038,2025-06-04,WITHDRAWAL,506000.0
T00008580,A0000353,2025-03-14,WITHDRAWAL,2107000.0
T00008581,A0001622,2025-06-28,WITHDRAWAL,1555000.0
T00008582,A0001697,2026-04-29,DEPOSIT,3523000.0
T00008583,A0000393,2025-10-17,WITHDRAWAL,4994000.0
T00008584,A0000113,2026-04-11,DEPOSIT,1321000.0
T00008585,A0001635,2026-08-15,WITHDRAWAL,2073000.0
T00008586,A0000919,2025-04-20,DEPOSIT,4777000.0
T00008587,A0000953,2025-01-27,TRANSFER,3026000.0
T00008588,A0000504,2025-06-24,TRANSFER,3143000.0
T00008589,A0000680,2025-07-06,WITHDRAWAL,1208000.0
T00008590,A0001230,2025-12-07,DEPOSIT,3238000.0
T00008591,A0000898,2025-11-12,WITHDRAWAL,3072000.0
T00008592,A0001654,2026-04-27,TRANSFER,194000.0
T00008593,A0001755,2025-09-06,WITHDRAWAL,2700000.0
T00008594,A0000316,2025-06-27,DEPOSIT,2722000.0
T00008595,A0000515,2026-02-06,DEPOSIT,109000.0
T00008596,A0001228,2026-02-28,DEPOSIT,4202000.0
T00008597,A0001248,2025-01-09,DEPOSIT,2155000.0
T00008598,A0000758,2025-07-16,TRANSFER,434000.0
T00008599,A0000592,2025-09-21,WITHDRAWAL,2063000.0
T00008600,A0001351,2025-01-27,WITHDRAWAL,1362000.0
T00008601,A0001112,2026-06-01,TRANSFER,61000.0
T00008602,A0001363,2025-01-29,DEPOSIT,2793000.0
T00008603,A0000417,2025-07-22,DEPOSIT,4324000.0
T00008604,A0000757,2025-09-30,DEPOSIT,637000.0
T00008605,A0001620,2025-02-20,WITHDRAWAL,2507000.0
T00008606,A0001531,2025-11-26,WITHDRAWAL,4408000.0
T00008607,A0001749,2025-12-02,TRANSFER,255000.0
T00008608,A0001709,2026-08-29,DEPOSIT,1116000.0
T00008609,A0000457,2025-11-21,TRANSFER,4527000.0
T00008610,A0000333,2025-01-07,TRANSFER,1994000.0
T00008611,A0000728,2025-08-29,DEPOSIT,3145000.0
T00008612,A0000020,2026-03-14,WITHDRAWAL,4248000.0
T00008613,A0001752,2025-04-05,WITHDRAWAL,2614000.0
T00008614,A0000092,2026-02-11,TRANSFER,3413000.0
T00008615,A0000978,2025-05-31,DEPOSIT,496000.0
T00008616,A0000990,2026-02-15,WITHDRAWAL,1144000.0
T00008617,A0000033,2026-03-21,DEPOSIT,3589000.0
T00008618,A0000554,2026-04-21,TRANSFER,2379000.0
T00008619,A0001426,2025-08-25,TRANSFER,2207000.0
T00008620,A0001574,2025-12-26,TRANSFER,437000.0
T00008621,A0000408,2025-09-27,WITHDRAWAL,3811000.0
T00008622,A0000878,2025-08-05,DEPOSIT,4294000.0
T00008623,A0000861,2025-11-20,WITHDRAWAL,4894000.0
T00008624,A0001608,2025-02-06,DEPOSIT,2577000.0
T00008625,A0001086,2025-04-14,WITHDRAWAL,914000.0
T00008626,A0001166,2025-12-30,WITHDRAWAL,3533000.0
T00008627,A0001758,2025-09-28,TRANSFER,485000.0
T00008628,A0000614,2026-06-03,DEPOSIT,1025000.0
T00008629,A0000472,2026-04-09,WITHDRAWAL,2356000.0
T00008630,A0001306,2025-10-10,TRANSFER,950000.0
T00008631,A0000234,2025-03-13,TRANSFER,288000.0
T00008632,A0000195,2026-08-28,DEPOSIT,727000.0
T00008633,A0000197,2025-03-28,WITHDRAWAL,2676000.0
T00008634,A0001078,2025-03-12,WITHDRAWAL,3216000.0
T00008635,A0001406,2026-05-28,TRANSFER,1407000.0
T00008636,A0000908,2026-05-28,TRANSFER,4548000.0
T00008637,A0001040,2026-02-21,DEPOSIT,4797000.0
T00008638,A0001707,2025-10-25,DEPOSIT,3671000.0
T00008639,A0001013,2025-04-25,TRANSFER,58000.0
T00008640,A0001120,2025-11-12,DEPOSIT,787000.0
T00008641,A0000425,2025-12-08,WITHDRAWAL,3387000.0
T00008642,A0000089,2026-01-30,TRANSFER,3728000.0
T00008643,A0001168,2025-01-28,DEPOSIT,4769000.0
T00008644,A0000495,2026-06-02,WITHDRAWAL,4232000.0
T00008645,A0000782,2025-08-03,WITHDRAWAL,1140000.0
T00008646,A0001581,2025-07-03,WITHDRAWAL,2283000.0
T00008647,A0001714,2026-03-14,WITHDRAWAL,1617000.0
T00008648,A0001144,2025-07-15,DEPOSIT,4540000.0
T00008649,A0000951,2025-04-06,WITHDRAWAL,4933000.0
T00008650,A0000313,2026-02-12,WITHDRAWAL,4485000.0
T00008651,A0000579,2025-12-31,WITHDRAWAL,2822000.0
T00008652,A0000824,2025-08-11,DEPOSIT,541000.0
T00008653,A0000272,2025-04-29,WITHDRAWAL,2684000.0
T00008654,A0001690,2025-07-26,WITHDRAWAL,1854000.0
T00008655,A0001340,2025-03-22,WITHDRAWAL,4144000.0
T00008656,A0001397,2025-09-22,WITHDRAWAL,692000.0
T00008657,A0000327,2025-09-27,TRANSFER,3355000.0
T00008658,A0001372,2025-12-30,WITHDRAWAL,4238000.0
T00008659,A0000877,2026-02-03,TRANSFER,859000.0
T00008660,A0000044,2025-05-24,TRANSFER,2422000.0
T00008661,A0001462,2026-08-29,TRANSFER,4969000.0
T00008662,A0001155,2026-06-08,DEPOSIT,1336000.0
T00008663,A0000309,2025-05-20,TRANSFER,4530000.0
T00008664,A0000249,2026-08-22,TRANSFER,2161000.0
T00008665,A0001200,2025-04-02,WITHDRAWAL,2659000.0
T00008666,A0000320,2025-07-16,WITHDRAWAL,3792000.0
T00008667,A0001788,2025-05-22,TRANSFER,987000.0
T00008668,A0001441,2026-06-07,TRANSFER,4665000.0
T00008669,A0000789,2025-01-27,WITHDRAWAL,3671000.0
T00008670,A0001423,2025-11-03,WITHDRAWAL,391000.0
T00008671,A0001706,2025-01-02,WITHDRAWAL,790000.0
T00008672,A0000593,2026-03-25,DEPOSIT,114000.0
T00008673,A0001543,2026-08-27,TRANSFER,4686000.0
T00008674,A0001085,2025-04-17,WITHDRAWAL,4901000.0
T00008675,A0001280,2026-08-06,WITHDRAWAL,3915000.0
T00008676,A0000604,2026-05-08,TRANSFER,4896000.0
T00008677,A0000900,2026-07-29,DEPOSIT,2240000.0
T00008678,A0000551,2026-01-28,DEPOSIT,1202000.0
T00008679,A0001401,2026-05-23,TRANSFER,1475000.0
T00008680,A0001301,2025-04-01,WITHDRAWAL,3620000.0
T00008681,A0001543,2025-07-13,TRANSFER,1803000.0
T00008682,A0001746,2026-08-08,DEPOSIT,3504000.0
T00008683,A0001722,2025-04-21,TRANSFER,4566000.0
T00008684,A0000138,2025-06-02,TRANSFER,3954000.0
T00008685,A0000421,2025-06-02,DEPOSIT,4862000.0
T00008686,A0000697,2026-06-08,DEPOSIT,4396000.0
T00008687,A0001579,2026-07-26,DEPOSIT,2703000.0
T00008688,A0000691,2025-01-30,DEPOSIT,164000.0
T00008689,A0001094,2026-07-29,DEPOSIT,2792000.0
T00008690,A0001794,2026-04-23,WITHDRAWAL,286000.0
T00008691,A0000221,2025-03-25,DEPOSIT,731000.0
T00008692,A0000363,2026-05-13,TRANSFER,136000.0
T00008693,A0000973,2026-01-09,TRANSFER,1404000.0
T00008694,A0000485,2025-02-16,TRANSFER,2862000.0
T00008695,A0001213,2025-09-24,TRANSFER,2790000.0
T00008696,A0000232,2025-01-03,TRANSFER,3501000.0
T00008697,A0000914,2025-03-12,DEPOSIT,3757000.0
T00008698,A0001359,2025-07-17,WITHDRAWAL,4786000.0
T00008699,A0000737,2026-05-01,TRANSFER,2876000.0
T00008700,A0001619,2026-04-07,DEPOSIT,337000.0
T00008701,A0001088,2025-07-09,WITHDRAWAL,367000.0
T00008702,A0001543,2026-06-09,DEPOSIT,541000.0
T00008703,A0000480,2025-11-18,WITHDRAWAL,1477000.0
T00008704,A0000373,2025-04-05,WITHDRAWAL,2990000.0
T00008705,A0001646,2025-08-30,DEPOSIT,1648000.0
T00008706,A0000488,2026-07-26,DEPOSIT,1149000.0
T00008707,A0000251,2025-07-11,TRANSFER,62000.0
T00008708,A0001241,2025-01-19,DEPOSIT,3751000.0
T00008709,A0001799,2025-08-31,WITHDRAWAL,1149000.0
T00008710,A0000119,2026-06-02,TRANSFER,2218000.0
T00008711,A0000431,2026-08-18,TRANSFER,3373000.0
T00008712,A0000946,2026-03-06,DEPOSIT,2136000.0
T00008713,A0000658,2025-11-26,DEPOSIT,865000.0
T00008714,A0000169,2026-02-01,TRANSFER,177000.0
T00008715,A0000358,2026-03-31,TRANSFER,1961000.0
T00008716,A0000953,2025-04-10,WITHDRAWAL,4165000.0
T00008717,A0001654,2025-05-08,WITHDRAWAL,2842000.0
T00008718,A0000465,2025-06-07,TRANSFER,2929000.0
T00008719,A0001424,2025-09-10,DEPOSIT,3409000.0
T00008720,A0000106,2026-05-23,TRANSFER,93000.0
T00008721,A0000862,2026-04-30,DEPOSIT,3542000.0
T00008722,A0001381,2026-08-01,TRANSFER,199000.0
T00008723,A0001675,2025-08-22,DEPOSIT,315000.0
T00008724,A0000915,2025-12-28,DEPOSIT,4007000.0
T00008725,A0000794,2025-06-22,WITHDRAWAL,4404000.0
T00008726,A0000511,2025-04-09,WITHDRAWAL,4292000.0
T00008727,A0000342,2025-02-24,WITHDRAWAL,3738000.0
T00008728,A0001174,2026-01-17,DEPOSIT,1672000.0
T00008729,A0000328,2025-02-22,WITHDRAWAL,4539000.0
T00008730,A0001068,2025-11-03,TRANSFER,992000.0
T00008731,A0001313,2025-05-30,DEPOSIT,414000.0
T00008732,A0000801,2025-08-04,WITHDRAWAL,2916000.0
T00008733,A0000675,2025-12-05,DEPOSIT,205000.0
T00008734,A0000900,2025-01-27,WITHDRAWAL,417000.0
T00008735,A0000744,2026-03-17,WITHDRAWAL,4182000.0
T00008736,A0001031,2026-02-17,DEPOSIT,4621000.0
T00008737,A0001671,2025-12-10,DEPOSIT,3231000.0
T00008738,A0001762,2026-06-28,TRANSFER,1019000.0
T00008739,A0000635,2025-11-16,TRANSFER,4403000.0
T00008740,A0000116,2025-01-09,TRANSFER,2045000.0
T00008741,A0000010,2026-04-18,TRANSFER,4072000.0
T00008742,A0000511,2025-07-23,WITHDRAWAL,1787000.0
T00008743,A0001110,2026-06-10,DEPOSIT,3657000.0
T00008744,A0000815,2025-09-04,DEPOSIT,4855000.0
T00008745,A0000302,2026-07-16,DEPOSIT,3256000.0
T00008746,A0001513,2025-12-14,TRANSFER,3239000.0
T00008747,A0000613,2025-06-03,WITHDRAWAL,236000.0
T00008748,A0001493,2025-11-15,DEPOSIT,150000.0
T00008749,A0001357,2026-07-31,DEPOSIT,1995000.0
T00008750,A0000061,2025-03-05,TRANSFER,2924000.0
T00008751,A0001686,2026-05-19,WITHDRAWAL,914000.0
T00008752,A0000670,2025-07-08,TRANSFER,3084000.0
T00008753,A0001523,2026-05-14,DEPOSIT,3181000.0
T00008754,A0000211,2026-04-29,TRANSFER,119000.0
T00008755,A0000753,2025-07-22,WITHDRAWAL,4799000.0
T00008756,A0000107,2025-04-01,WITHDRAWAL,708000.0
T00008757,A0000044,2025-03-25,DEPOSIT,4512000.0
T00008758,A0000225,2025-01-12,WITHDRAWAL,1377000.0
T00008759,A0001366,2026-03-07,TRANSFER,3316000.0
T00008760,A0000836,2025-09-15,WITHDRAWAL,3274000.0
T00008761,A0001456,2026-04-20,WITHDRAWAL,697000.0
T00008762,A0000854,2026-06-28,TRANSFER,743000.0
T00008763,A0000759,2025-07-22,DEPOSIT,1060000.0
T00008764,A0001651,2025-07-11,DEPOSIT,2562000.0
T00008765,A0000993,2025-11-01,TRANSFER,2956000.0
T00008766,A0001555,2026-03-30,TRANSFER,4345000.0
T00008767,A0000375,2025-07-05,DEPOSIT,4488000.0
T00008768,A0000791,2025-03-30,TRANSFER,4934000.0
T00008769,A0000306,2026-01-21,WITHDRAWAL,650000.0
T00008770,A0000813,2026-01-31,DEPOSIT,2333000.0
T00008771,A0001323,2026-08-05,TRANSFER,4277000.0
T00008772,A0001420,2025-11-04,WITHDRAWAL,4161000.0
T00008773,A0000280,2025-01-29,WITHDRAWAL,2081000.0
T00008774,A0001772,2026-01-11,TRANSFER,2283000.0
T00008775,A0001649,2026-05-26,TRANSFER,2073000.0
T00008776,A0000303,2025-06-17,TRANSFER,4997000.0
T00008777,A0001043,2025-08-06,DEPOSIT,653000.0
T00008778,A0001419,2025-10-08,TRANSFER,4493000.0
T00008779,A0000065,2025-08-29,WITHDRAWAL,2080000.0
T00008780,A0000143,2026-03-04,DEPOSIT,32000.0
T00008781,A0001293,2026-07-23,DEPOSIT,1801000.0
T00008782,A0000590,2026-01-28,WITHDRAWAL,1206000.0
T00008783,A0001731,2025-02-14,WITHDRAWAL,3057000.0
T00008784,A0000916,2026-06-20,WITHDRAWAL,3874000.0
T00008785,A0001740,2025-10-13,WITHDRAWAL,4513000.0
T00008786,A0000960,2026-07-27,DEPOSIT,1710000.0
T00008787,A0001006,2025-02-12,DEPOSIT,1719000.0
T00008788,A0001789,2025-03-04,DEPOSIT,4909000.0
T00008789,A0001471,2025-10-09,DEPOSIT,970000.0
T00008790,A0000886,2025-07-18,DEPOSIT,2752000.0
T00008791,A0001511,2026-08-17,DEPOSIT,94000.0
T00008792,A0001352,2026-06-16,WITHDRAWAL,4347000.0
T00008793,A0001151,2026-07-25,WITHDRAWAL,3268000.0
T00008794,A0000896,2025-06-20,DEPOSIT,506000.0
T00008795,A0001463,2025-05-25,WITHDRAWAL,2664000.0
T00008796,A0000961,2026-01-23,DEPOSIT,462000.0
T00008797,A0000141,2026-03-07,TRANSFER,4430000.0
T00008798,A0000227,2026-02-04,WITHDRAWAL,1915000.0
T00008799,A0001622,2026-06-03,WITHDRAWAL,4337000.0
T00008800,A0001655,2025-04-01,DEPOSIT,1989000.0
T00008801,A0001206,2025-05-19,WITHDRAWAL,3180000.0
T00008802,A0001798,2025-06-24,TRANSFER,3658000.0
T00008803,A0001681,2026-01-07,DEPOSIT,4672000.0
T00008804,A0001347,2026-07-06,WITHDRAWAL,3011000.0
T00008805,A0001682,2026-04-26,TRANSFER,403000.0
T00008806,A0001482,2025-04-21,DEPOSIT,4536000.0
T00008807,A0001484,2026-07-15,WITHDRAWAL,3296000.0
T00008808,A0000283,2026-02-05,WITHDRAWAL,4247000.0
T00008809,A0001353,2025-02-27,TRANSFER,3337000.0
T00008810,A0000408,2026-01-10,TRANSFER,3163000.0
T00008811,A0000963,2025-05-10,TRANSFER,1194000.0
T00008812,A0001643,2025-02-10,WITHDRAWAL,4219000.0
T00008813,A0001356,2026-01-03,TRANSFER,693000.0
T00008814,A0000644,2026-03-17,WITHDRAWAL,1597000.0
T00008815,A0001014,2025-03-03,WITHDRAWAL,1098000.0
T00008816,A0000771,2025-09-29,DEPOSIT,785000.0
T00008817,A0000790,2025-12-15,TRANSFER,1632000.0
T00008818,A0001609,2026-08-19,TRANSFER,2808000.0
T00008819,A0001640,2025-10-17,WITHDRAWAL,1179000.0
T00008820,A0000581,2025-08-16,DEPOSIT,4946000.0
T00008821,A0000328,2026-08-02,TRANSFER,1792000.0
T00008822,A0001607,2025-09-13,TRANSFER,4761000.0
T00008823,A0000706,2025-08-15,DEPOSIT,695000.0
T00008824,A0000418,2025-10-23,WITHDRAWAL,1729000.0
T00008825,A0001012,2025-03-01,TRANSFER,2615000.0
T00008826,A0000359,2026-04-03,WITHDRAWAL,3363000.0
T00008827,A0000911,2025-06-20,TRANSFER,4119000.0
T00008828,A0000877,2025-09-15,DEPOSIT,3371000.0
T00008829,A0001334,2025-05-20,DEPOSIT,896000.0
T00008830,A0000210,2026-07-15,TRANSFER,586000.0
T00008831,A0000141,2026-06-15,DEPOSIT,264000.0
T00008832,A0000267,2026-03-08,TRANSFER,4159000.0
T00008833,A0000023,2025-05-06,DEPOSIT,799000.0
T00008834,A0000442,2025-08-28,TRANSFER,3531000.0
T00008835,A0000851,2025-11-03,WITHDRAWAL,2266000.0
T00008836,A0001061,2026-01-08,TRANSFER,4499000.0
T00008837,A0000615,2026-02-14,TRANSFER,2388000.0
T00008838,A0001097,2025-06-23,DEPOSIT,2905000.0
T00008839,A0000485,2025-04-25,DEPOSIT,4433000.0
T00008840,A0000363,2026-04-06,TRANSFER,2687000.0
T00008841,A0000099,2025-11-27,DEPOSIT,1645000.0
T00008842,A0000890,2025-04-05,DEPOSIT,2145000.0
T00008843,A0000637,2025-05-25,DEPOSIT,2317000.0
T00008844,A0001796,2025-11-13,WITHDRAWAL,668000.0
T00008845,A0001306,2026-03-16,WITHDRAWAL,4852000.0
T00008846,A0000361,2025-07-19,DEPOSIT,149000.0
T00008847,A0000952,2026-05-04,WITHDRAWAL,1028000.0
T00008848,A0001644,2026-03-12,WITHDRAWAL,1931000.0
T00008849,A0000526,2026-04-28,WITHDRAWAL,227000.0
T00008850,A0001107,2025-04-30,WITHDRAWAL,1844000.0
T00008851,A0001762,2026-03-24,TRANSFER,1816000.0
T00008852,A0000151,2025-07-04,DEPOSIT,2902000.0
T00008853,A0001288,2025-12-24,DEPOSIT,4249000.0
T00008854,A0000622,2025-02-28,DEPOSIT,3288000.0
T00008855,A0001596,2025-03-07,WITHDRAWAL,2151000.0
T00008856,A0001211,2025-08-29,TRANSFER,2191000.0
T00008857,A0000143,2025-09-27,DEPOSIT,3125000.0
T00008858,A0000445,2025-09-07,DEPOSIT,3053000.0
T00008859,A0001431,2026-05-31,DEPOSIT,276000.0
T00008860,A0000931,2025-12-13,DEPOSIT,121000.0
T00008861,A0000589,2026-06-12,WITHDRAWAL,2298000.0
T00008862,A0000682,2025-10-26,DEPOSIT,4758000.0
T00008863,A0001178,2025-01-23,TRANSFER,322000.0
T00008864,A0000512,2025-09-13,DEPOSIT,507000.0
T00008865,A0001789,2026-06-24,TRANSFER,1285000.0
T00008866,A0000037,2025-02-09,DEPOSIT,2630000.0
T00008867,A0001641,2025-12-03,DEPOSIT,3867000.0
T00008868,A0000693,2026-02-23,WITHDRAWAL,1049000.0
T00008869,A0000385,2025-03-08,TRANSFER,3162000.0
T00008870,A0000259,2025-09-13,DEPOSIT,2143000.0
T00008871,A0000059,2025-10-06,TRANSFER,2415000.0
T00008872,A0000780,2025-01-01,DEPOSIT,2876000.0
T00008873,A0000206,2025-06-07,DEPOSIT,287000.0
T00008874,A0000899,2026-03-30,DEPOSIT,215000.0
T00008875,A0000653,2025-11-13,WITHDRAWAL,1377000.0
T00008876,A0001150,2026-06-06,DEPOSIT,3843000.0
T00008877,A0000655,2025-10-13,TRANSFER,3652000.0
T00008878,A0000540,2026-01-29,WITHDRAWAL,3682000.0
T00008879,A0001109,2026-01-23,WITHDRAWAL,4195000.0
T00008880,A0000604,2026-02-25,WITHDRAWAL,612000.0
T00008881,A0001492,2025-03-04,TRANSFER,3335000.0
T00008882,A0000343,2025-04-25,WITHDRAWAL,2769000.0
T00008883,A0001477,2026-07-23,TRANSFER,693000.0
T00008884,A0001646,2025-05-25,DEPOSIT,3208000.0
T00008885,A0000060,2026-05-05,WITHDRAWAL,610000.0
T00008886,A0000898,2025-09-26,TRANSFER,4756000.0
T00008887,A0000801,2025-12-26,TRANSFER,4872000.0
T00008888,A0001458,2025-10-28,TRANSFER,244000.0
T00008889,A0000592,2025-07-30,TRANSFER,3474000.0
T00008890,A0001519,2025-11-09,DEPOSIT,863000.0
T00008891,A0001580,2025-07-27,TRANSFER,3163000.0
T00008892,A0000067,2025-04-23,TRANSFER,2073000.0
T00008893,A0001778,2026-06-17,WITHDRAWAL,4053000.0
T00008894,A0000910,2025-03-29,TRANSFER,4515000.0
T00008895,A0001371,2025-12-12,DEPOSIT,1095000.0
T00008896,A0001379,2025-11-09,DEPOSIT,1194000.0
T00008897,A0000334,2025-02-20,WITHDRAWAL,3158000.0
T00008898,A0000925,2025-02-08,DEPOSIT,435000.0
T00008899,A0001002,2025-07-26,TRANSFER,2898000.0
T00008900,A0001257,2026-07-29,TRANSFER,1593000.0
T00008901,A0000617,2025-12-11,DEPOSIT,1038000.0
T00008902,A0001534,2025-05-11,TRANSFER,2689000.0
T00008903,A0000354,2026-05-23,DEPOSIT,4826000.0
T00008904,A0000223,2026-06-29,TRANSFER,4956000.0
T00008905,A0001443,2026-02-09,DEPOSIT,1377000.0
T00008906,A0000138,2026-03-24,WITHDRAWAL,1668000.0
T00008907,A0000206,2026-05-03,DEPOSIT,940000.0
T00008908,A0000455,2026-01-01,WITHDRAWAL,3040000.0
T00008909,A0001635,2025-08-12,WITHDRAWAL,4683000.0
T00008910,A0001764,2025-06-20,TRANSFER,4141000.0
T00008911,A0001040,2025-09-12,TRANSFER,4997000.0
T00008912,A0000821,2025-09-04,WITHDRAWAL,1463000.0
T00008913,A0000254,2026-03-04,DEPOSIT,2747000.0
T00008914,A0001778,2026-02-02,WITHDRAWAL,448000.0
T00008915,A0001010,2025-02-10,DEPOSIT,2857000.0
T00008916,A0000682,2026-08-12,DEPOSIT,4759000.0
T00008917,A0001042,2025-07-01,DEPOSIT,1982000.0
T00008918,A0000952,2025-03-20,TRANSFER,2200000.0
T00008919,A0000532,2026-06-21,TRANSFER,2321000.0
T00008920,A0000168,2026-04-09,TRANSFER,4668000.0
T00008921,A0001127,2025-09-06,TRANSFER,3226000.0
T00008922,A0001318,2025-11-12,TRANSFER,4940000.0
T00008923,A0000216,2025-03-18,DEPOSIT,4388000.0
T00008924,A0000686,2026-07-05,TRANSFER,3309000.0
T00008925,A0000990,2026-06-15,DEPOSIT,3079000.0
T00008926,A0001502,2025-06-29,WITHDRAWAL,3304000.0
T00008927,A0000827,2026-01-10,WITHDRAWAL,1423000.0
T00008928,A0001260,2025-12-16,DEPOSIT,3235000.0
T00008929,A0000846,2025-01-02,TRANSFER,2197000.0
T00008930,A0001281,2025-10-28,WITHDRAWAL,2536000.0
T00008931,A0000531,2025-04-23,DEPOSIT,800000.0
T00008932,A0001255,2025-11-14,WITHDRAWAL,802000.0
T00008933,A0000238,2026-07-27,WITHDRAWAL,777000.0
T00008934,A0000461,2025-02-10,WITHDRAWAL,456000.0
T00008935,A0000541,2025-06-12,WITHDRAWAL,4095000.0
T00008936,A0001065,2026-06-26,TRANSFER,3891000.0
T00008937,A0001700,2025-06-05,DEPOSIT,2871000.0
T00008938,A0001422,2026-05-17,DEPOSIT,1543000.0
T00008939,A0001666,2025-06-30,DEPOSIT,580000.0
T00008940,A0000738,2026-01-17,TRANSFER,1961000.0
T00008941,A0000334,2025-12-10,WITHDRAWAL,4421000.0
T00008942,A0000848,2026-02-15,WITHDRAWAL,4557000.0
T00008943,A0001731,2026-03-19,WITHDRAWAL,179000.0
T00008944,A0000604,2025-06-01,DEPOSIT,374000.0
T00008945,A0001101,2025-10-31,DEPOSIT,3055000.0
T00008946,A0000087,2025-02-17,TRANSFER,1447000.0
T00008947,A0000157,2026-03-31,TRANSFER,4790000.0
T00008948,A0001186,2025-12-04,DEPOSIT,3228000.0
T00008949,A0001734,2025-08-17,TRANSFER,1933000.0
T00008950,A0000803,2025-11-21,WITHDRAWAL,721000.0
T00008951,A0000563,2026-08-03,DEPOSIT,3452000.0
T00008952,A0000087,2026-02-26,DEPOSIT,2852000.0
T00008953,A0000078,2026-01-28,DEPOSIT,3542000.0
T00008954,A0000184,2026-05-01,DEPOSIT,2988000.0
T00008955,A0001419,2025-06-14,WITHDRAWAL,625000.0
T00008956,A0000985,2026-04-09,WITHDRAWAL,961000.0
T00008957,A0000957,2026-08-01,DEPOSIT,3805000.0
T00008958,A0001461,2025-06-04,TRANSFER,2377000.0
T00008959,A0001618,2026-01-12,TRANSFER,4778000.0
T00008960,A0000060,2025-06-02,TRANSFER,2395000.0
T00008961,A0000741,2025-07-10,TRANSFER,4196000.0
T00008962,A0001611,2025-10-13,WITHDRAWAL,1924000.0
T00008963,A0001088,2025-08-23,TRANSFER,676000.0
T00008964,A0000798,2025-06-28,DEPOSIT,2659000.0
T00008965,A0001776,2026-05-02,WITHDRAWAL,3049000.0
T00008966,A0000587,2025-08-01,TRANSFER,1389000.0
T00008967,A0001164,2025-12-05,TRANSFER,2109000.0
T00008968,A0000487,2026-08-05,DEPOSIT,4556000.0
T00008969,A0000628,2025-12-28,DEPOSIT,4812000.0
T00008970,A0000975,2025-05-13,WITHDRAWAL,1498000.0
T00008971,A0001188,2026-06-22,WITHDRAWAL,2937000.0
T00008972,A0001567,2025-05-29,DEPOSIT,4727000.0
T00008973,A0001200,2026-05-23,DEPOSIT,4479000.0
T00008974,A0001108,2026-07-02,DEPOSIT,5000000.0
T00008975,A0000601,2025-04-05,WITHDRAWAL,1847000.0
T00008976,A0000973,2026-05-19,TRANSFER,3426000.0
T00008977,A0001064,2026-03-01,DEPOSIT,941000.0
T00008978,A0001123,2026-01-17,WITHDRAWAL,1483000.0
T00008979,A0001210,2025-07-21,DEPOSIT,869000.0
T00008980,A0001507,2026-03-20,TRANSFER,168000.0
T00008981,A0000454,2025-07-19,DEPOSIT,4748000.0
T00008982,A0000469,2026-05-21,DEPOSIT,4812000.0
T00008983,A0000130,2025-11-18,DEPOSIT,1518000.0
T00008984,A0000656,2026-07-07,DEPOSIT,3481000.0
T00008985,A0000782,2025-11-17,DEPOSIT,1393000.0
T00008986,A0000084,2026-05-17,TRANSFER,3688000.0
T00008987,A0000555,2025-06-14,WITHDRAWAL,3039000.0
T00008988,A0000261,2025-03-03,DEPOSIT,3982000.0
T00008989,A0000741,2025-01-25,TRANSFER,2581000.0
T00008990,A0000575,2026-02-07,TRANSFER,1037000.0
T00008991,A0001308,2026-07-25,DEPOSIT,3444000.0
T00008992,A0000551,2025-10-23,WITHDRAWAL,2575000.0
T00008993,A0001007,2025-01-28,WITHDRAWAL,1359000.0
T00008994,A0000724,2026-04-03,WITHDRAWAL,4207000.0
T00008995,A0001274,2025-05-23,DEPOSIT,1677000.0
T00008996,A0000175,2026-07-24,DEPOSIT,3204000.0
T00008997,A0001060,2025-11-01,WITHDRAWAL,446000.0
T00008998,A0001135,2025-03-26,DEPOSIT,961000.0
T00008999,A0000500,2025-01-14,DEPOSIT,4977000.0
T00009000,A0001787,2025-09-12,DEPOSIT,1177000.0
T00009001,A0000736,2025-05-24,DEPOSIT,3782000.0
T00009002,A0001443,2025-11-30,DEPOSIT,1585000.0
T00009003,A0000478,2025-11-30,TRANSFER,2134000.0
T00009004,A0000584,2026-04-09,WITHDRAWAL,1804000.0
T00009005,A0001501,2025-03-04,TRANSFER,2433000.0
T00009006,A0000799,2025-01-15,WITHDRAWAL,942000.0
T00009007,A0000804,2025-03-02,DEPOSIT,1115000.0
T00009008,A0001191,2025-05-16,TRANSFER,3137000.0
T00009009,A0001729,2025-09-14,WITHDRAWAL,383000.0
T00009010,A0000444,2025-04-30,WITHDRAWAL,2157000.0
T00009011,A0001538,2025-04-28,WITHDRAWAL,59000.0
T00009012,A0000311,2025-04-03,WITHDRAWAL,945000.0
T00009013,A0000347,2025-06-19,DEPOSIT,605000.0
T00009014,A0001136,2026-05-21,DEPOSIT,820000.0
T00009015,A0000560,2026-07-21,TRANSFER,4994000.0
T00009016,A0000132,2025-06-25,WITHDRAWAL,2223000.0
T00009017,A0000241,2025-03-22,WITHDRAWAL,2456000.0
T00009018,A0000688,2026-04-26,DEPOSIT,1034000.0
T00009019,A0000323,2026-07-11,TRANSFER,3599000.0
T00009020,A0000531,2026-03-27,WITHDRAWAL,746000.0
T00009021,A0001267,2025-09-15,DEPOSIT,1169000.0
T00009022,A0000835,2025-08-20,WITHDRAWAL,2609000.0
T00009023,A0000405,2026-07-15,DEPOSIT,4699000.0
T00009024,A0000679,2026-07-11,TRANSFER,1935000.0
T00009025,A0001465,2025-03-01,WITHDRAWAL,499000.0
T00009026,A0001684,2025-06-27,DEPOSIT,2867000.0
T00009027,A0000103,2026-03-11,DEPOSIT,4042000.0
T00009028,A0000759,2026-05-26,DEPOSIT,3934000.0
T00009029,A0000217,2026-07-23,TRANSFER,434000.0
T00009030,A0000311,2025-09-16,WITHDRAWAL,1658000.0
T00009031,A0001758,2026-03-13,WITHDRAWAL,2064000.0
T00009032,A0001611,2025-05-24,TRANSFER,2768000.0
T00009033,A0001626,2026-02-06,DEPOSIT,852000.0
T00009034,A0001618,2025-07-01,WITHDRAWAL,732000.0
T00009035,A0000947,2026-05-12,DEPOSIT,2602000.0
T00009036,A0001756,2025-11-24,WITHDRAWAL,2236000.0
T00009037,A0001296,2025-02-12,TRANSFER,676000.0
T00009038,A0000629,2025-02-10,WITHDRAWAL,3719000.0
T00009039,A0000398,2025-06-20,TRANSFER,2591000.0
T00009040,A0000013,2025-08-26,WITHDRAWAL,4176000.0
T00009041,A0000856,2025-04-15,TRANSFER,2465000.0
T00009042,A0001290,2026-04-27,TRANSFER,4004000.0
T00009043,A0000340,2025-01-05,WITHDRAWAL,900000.0
T00009044,A0000433,2025-09-30,DEPOSIT,74000.0
T00009045,A0001185,2026-05-02,WITHDRAWAL,4674000.0
T00009046,A0001200,2026-08-25,WITHDRAWAL,4893000.0
T00009047,A0000804,2025-02-20,TRANSFER,4365000.0
T00009048,A0001266,2026-02-19,TRANSFER,4758000.0
T00009049,A0000144,2026-03-31,WITHDRAWAL,4864000.0
T00009050,A0000661,2026-04-01,TRANSFER,1346000.0
T00009051,A0001634,2025-12-17,TRANSFER,4944000.0
T00009052,A0001161,2026-03-12,TRANSFER,1556000.0
T00009053,A0000135,2026-05-03,DEPOSIT,3623000.0
T00009054,A0000710,2026-08-04,WITHDRAWAL,3529000.0
T00009055,A0000167,2025-10-19,WITHDRAWAL,4930000.0
T00009056,A0000087,2026-02-04,TRANSFER,3206000.0
T00009057,A0000809,2025-10-30,TRANSFER,352000.0
T00009058,A0000399,2025-10-03,DEPOSIT,808000.0
T00009059,A0001615,2026-05-19,WITHDRAWAL,1344000.0
T00009060,A0001622,2026-01-09,TRANSFER,595000.0
T00009061,A0000866,2025-11-27,DEPOSIT,809000.0
T00009062,A0001690,2025-11-21,DEPOSIT,2992000.0
T00009063,A0000380,2025-09-08,WITHDRAWAL,231000.0
T00009064,A0001713,2025-01-29,TRANSFER,1401000.0
T00009065,A0001546,2025-12-12,WITHDRAWAL,2583000.0
T00009066,A0001455,2025-03-02,WITHDRAWAL,1304000.0
T00009067,A0001680,2025-02-03,TRANSFER,3434000.0
T00009068,A0000963,2026-07-08,TRANSFER,2367000.0
T00009069,A0000810,2026-01-19,TRANSFER,889000.0
T00009070,A0001754,2025-04-09,DEPOSIT,1406000.0
T00009071,A0000625,2025-02-17,TRANSFER,861000.0
T00009072,A0000750,2025-10-02,TRANSFER,4293000.0
T00009073,A0001385,2026-07-25,WITHDRAWAL,913000.0
T00009074,A0000765,2025-03-12,TRANSFER,687000.0
T00009075,A0000888,2026-07-27,WITHDRAWAL,4309000.0
T00009076,A0000939,2026-04-29,TRANSFER,2157000.0
T00009077,A0001231,2025-04-07,WITHDRAWAL,2256000.0
T00009078,A0000278,2025-05-10,TRANSFER,4715000.0
T00009079,A0001192,2025-05-27,TRANSFER,2155000.0
T00009080,A0001513,2025-02-04,TRANSFER,3553000.0
T00009081,A0000390,2026-08-06,WITHDRAWAL,1885000.0
T00009082,A0000940,2026-02-16,DEPOSIT,1801000.0
T00009083,A0001026,2025-09-27,WITHDRAWAL,951000.0
T00009084,A0001193,2025-09-26,DEPOSIT,2789000.0
T00009085,A0001678,2026-03-14,TRANSFER,2503000.0
T00009086,A0000703,2025-02-01,DEPOSIT,3278000.0
T00009087,A0000258,2025-08-29,WITHDRAWAL,3980000.0
T00009088,A0001424,2026-07-31,DEPOSIT,3851000.0
T00009089,A0000099,2026-08-26,WITHDRAWAL,2947000.0
T00009090,A0000525,2026-01-20,TRANSFER,235000.0
T00009091,A0000195,2025-01-22,WITHDRAWAL,1303000.0
T00009092,A0000865,2025-06-03,TRANSFER,1822000.0
T00009093,A0000935,2025-04-18,TRANSFER,3283000.0
T00009094,A0001734,2026-04-15,TRANSFER,1942000.0
T00009095,A0000294,2025-10-23,WITHDRAWAL,1537000.0
T00009096,A0000782,2026-06-24,DEPOSIT,4310000.0
T00009097,A0000790,2025-08-26,WITHDRAWAL,2296000.0
T00009098,A0001060,2026-07-23,WITHDRAWAL,4383000.0
T00009099,A0001349,2026-01-15,WITHDRAWAL,3229000.0
T00009100,A0000631,2025-01-01,TRANSFER,3485000.0
T00009101,A0000519,2026-07-03,TRANSFER,4241000.0
T00009102,A0000462,2026-07-20,DEPOSIT,2914000.0
T00009103,A0001393,2026-08-03,DEPOSIT,3388000.0
T00009104,A0000695,2026-07-27,DEPOSIT,4909000.0
T00009105,A0000117,2025-06-11,WITHDRAWAL,432000.0
T00009106,A0000138,2025-10-23,WITHDRAWAL,4646000.0
T00009107,A0001027,2026-08-09,DEPOSIT,1859000.0
T00009108,A0001309,2025-06-10,WITHDRAWAL,733000.0
T00009109,A0001201,2025-10-15,WITHDRAWAL,4152000.0
T00009110,A0000814,2025-04-11,WITHDRAWAL,4343000.0
T00009111,A0000138,2025-11-14,WITHDRAWAL,1150000.0
T00009112,A0000948,2026-07-04,WITHDRAWAL,3502000.0
T00009113,A0001733,2025-01-09,WITHDRAWAL,1145000.0
T00009114,A0000507,2025-10-31,TRANSFER,1613000.0
T00009115,A0001117,2025-05-11,TRANSFER,2599000.0
T00009116,A0000564,2025-05-08,WITHDRAWAL,4161000.0
T00009117,A0000750,2025-11-22,TRANSFER,3535000.0
T00009118,A0001645,2025-11-26,DEPOSIT,4796000.0
T00009119,A0000141,2025-03-19,TRANSFER,2087000.0
T00009120,A0001371,2026-06-22,TRANSFER,3778000.0
T00009121,A0000449,2026-04-15,WITHDRAWAL,406000.0
T00009122,A0001282,2025-08-09,TRANSFER,2637000.0
T00009123,A0000004,2025-09-01,WITHDRAWAL,2638000.0
T00009124,A0000888,2026-05-18,DEPOSIT,1545000.0
T00009125,A0000905,2026-04-17,DEPOSIT,2903000.0
T00009126,A0001275,2026-05-26,TRANSFER,398000.0
T00009127,A0001208,2025-08-03,WITHDRAWAL,4902000.0
T00009128,A0000816,2025-01-30,TRANSFER,527000.0
T00009129,A0000388,2025-08-13,WITHDRAWAL,1381000.0
T00009130,A0001527,2025-05-02,DEPOSIT,3122000.0
T00009131,A0000152,2025-09-13,WITHDRAWAL,2088000.0
T00009132,A0001785,2025-07-01,DEPOSIT,1952000.0
T00009133,A0000627,2025-04-24,DEPOSIT,3327000.0
T00009134,A0000354,2026-01-05,WITHDRAWAL,2023000.0
T00009135,A0001317,2026-03-11,DEPOSIT,2223000.0
T00009136,A0000755,2026-06-13,WITHDRAWAL,2680000.0
T00009137,A0000756,2025-08-04,WITHDRAWAL,1577000.0
T00009138,A0000336,2025-04-15,WITHDRAWAL,2252000.0
T00009139,A0001063,2026-03-11,DEPOSIT,4657000.0
T00009140,A0001490,2026-07-15,TRANSFER,4744000.0
T00009141,A0000041,2025-08-24,TRANSFER,1080000.0
T00009142,A0001118,2026-04-12,WITHDRAWAL,2003000.0
T00009143,A0000979,2026-07-14,WITHDRAWAL,3955000.0
T00009144,A0001499,2025-08-12,DEPOSIT,311000.0
T00009145,A0001459,2025-04-20,TRANSFER,421000.0
T00009146,A0001616,2025-12-21,DEPOSIT,3284000.0
T00009147,A0000579,2026-02-27,DEPOSIT,116000.0
T00009148,A0001597,2025-06-28,WITHDRAWAL,2851000.0
T00009149,A0000687,2026-05-28,DEPOSIT,2440000.0
T00009150,A0000404,2025-08-20,TRANSFER,4140000.0
T00009151,A0000268,2026-06-19,WITHDRAWAL,1998000.0
T00009152,A0001176,2025-05-19,TRANSFER,2826000.0
T00009153,A0001073,2025-01-16,TRANSFER,2380000.0
T00009154,A0001058,2025-01-15,TRANSFER,4184000.0
T00009155,A0000049,2025-02-17,TRANSFER,4286000.0
T00009156,A0000810,2026-05-09,WITHDRAWAL,2607000.0
T00009157,A0000708,2026-08-24,TRANSFER,1002000.0
T00009158,A0001039,2026-05-04,DEPOSIT,3222000.0
T00009159,A0001793,2025-05-17,TRANSFER,3409000.0
T00009160,A0000637,2025-10-11,DEPOSIT,4423000.0
T00009161,A0001364,2025-08-21,WITHDRAWAL,3236000.0
T00009162,A0000055,2026-02-20,DEPOSIT,1063000.0
T00009163,A0001437,2026-08-06,WITHDRAWAL,2292000.0
T00009164,A0001301,2025-11-11,DEPOSIT,1069000.0
T00009165,A0000010,2025-03-07,DEPOSIT,2695000.0
T00009166,A0001680,2025-11-22,TRANSFER,4670000.0
T00009167,A0000499,2026-05-05,TRANSFER,2462000.0
T00009168,A0000614,2025-04-30,WITHDRAWAL,3015000.0
T00009169,A0001011,2026-06-29,DEPOSIT,1888000.0
T00009170,A0000320,2025-10-17,TRANSFER,3253000.0
T00009171,A0001499,2026-01-02,TRANSFER,3265000.0
T00009172,A0001738,2026-01-15,WITHDRAWAL,4158000.0
T00009173,A0001137,2026-01-18,WITHDRAWAL,3206000.0
T00009174,A0001098,2026-04-02,WITHDRAWAL,2134000.0
T00009175,A0001333,2025-08-28,DEPOSIT,4689000.0
T00009176,A0000429,2025-10-19,WITHDRAWAL,610000.0
T00009177,A0000140,2025-12-25,TRANSFER,310000.0
T00009178,A0000740,2025-02-06,TRANSFER,2117000.0
T00009179,A0001192,2025-04-01,WITHDRAWAL,1416000.0
T00009180,A0000244,2025-11-23,TRANSFER,2756000.0
T00009181,A0001372,2025-10-21,WITHDRAWAL,1141000.0
T00009182,A0000110,2026-06-12,DEPOSIT,4922000.0
T00009183,A0001341,2026-06-11,DEPOSIT,3862000.0
T00009184,A0001217,2026-02-04,TRANSFER,3453000.0
T00009185,A0001080,2025-09-07,WITHDRAWAL,2006000.0
T00009186,A0000543,2025-01-28,DEPOSIT,2172000.0
T00009187,A0001778,2026-06-06,DEPOSIT,3250000.0
T00009188,A0001301,2025-04-26,DEPOSIT,881000.0
T00009189,A0001746,2025-10-24,WITHDRAWAL,2686000.0
T00009190,A0000600,2026-08-05,DEPOSIT,4719000.0
T00009191,A0000771,2025-11-30,WITHDRAWAL,4892000.0
T00009192,A0000598,2025-08-24,WITHDRAWAL,2517000.0
T00009193,A0000258,2026-08-27,TRANSFER,1339000.0
T00009194,A0001133,2026-03-16,WITHDRAWAL,2745000.0
T00009195,A0001620,2026-02-13,TRANSFER,439000.0
T00009196,A0001241,2025-08-22,WITHDRAWAL,2066000.0
T00009197,A0001066,2026-08-13,TRANSFER,3260000.0
T00009198,A0000093,2025-07-28,TRANSFER,3610000.0
T00009199,A0000557,2025-08-25,WITHDRAWAL,1829000.0
T00009200,A0001583,2025-06-20,WITHDRAWAL,2113000.0
T00009201,A0001637,2025-10-10,TRANSFER,2505000.0
T00009202,A0000682,2025-01-28,TRANSFER,616000.0
T00009203,A0001386,2025-08-03,TRANSFER,4017000.0
T00009204,A0000565,2026-03-18,DEPOSIT,1881000.0
T00009205,A0000525,2025-01-29,TRANSFER,2175000.0
T00009206,A0000036,2026-01-04,TRANSFER,530000.0
T00009207,A0000283,2026-03-16,DEPOSIT,1185000.0
T00009208,A0001756,2025-03-30,WITHDRAWAL,2641000.0
T00009209,A0000035,2025-07-29,WITHDRAWAL,4190000.0
T00009210,A0001497,2025-11-30,WITHDRAWAL,2122000.0
T00009211,A0000837,2026-05-22,DEPOSIT,3743000.0
T00009212,A0001538,2025-05-31,WITHDRAWAL,4964000.0
T00009213,A0000410,2025-02-08,DEPOSIT,1285000.0
T00009214,A0001158,2025-08-12,DEPOSIT,4350000.0
T00009215,A0000711,2025-05-04,DEPOSIT,2360000.0
T00009216,A0000180,2026-07-10,WITHDRAWAL,4961000.0
T00009217,A0000400,2025-09-29,WITHDRAWAL,3581000.0
T00009218,A0001737,2025-12-21,WITHDRAWAL,1019000.0
T00009219,A0001800,2025-10-20,TRANSFER,2946000.0
T00009220,A0000506,2026-03-12,TRANSFER,1147000.0
T00009221,A0000551,2025-12-06,WITHDRAWAL,4079000.0
T00009222,A0001073,2026-01-15,DEPOSIT,3388000.0
T00009223,A0001163,2025-03-23,TRANSFER,3900000.0
T00009224,A0001595,2026-02-12,TRANSFER,3684000.0
T00009225,A0001571,2025-09-25,WITHDRAWAL,2808000.0
T00009226,A0001623,2025-06-05,WITHDRAWAL,3930000.0
T00009227,A0000628,2025-12-14,WITHDRAWAL,338000.0
T00009228,A0001377,2025-03-14,TRANSFER,3436000.0
T00009229,A0000197,2026-01-27,DEPOSIT,3320000.0
T00009230,A0001690,2025-01-14,TRANSFER,1258000.0
T00009231,A0000869,2026-08-10,TRANSFER,468000.0
T00009232,A0001446,2025-09-09,DEPOSIT,1884000.0
T00009233,A0001120,2026-07-18,TRANSFER,1571000.0
T00009234,A0000250,2025-06-11,TRANSFER,4220000.0
T00009235,A0000268,2025-10-28,DEPOSIT,1599000.0
T00009236,A0000372,2025-08-18,WITHDRAWAL,2979000.0
T00009237,A0000039,2025-03-24,DEPOSIT,895000.0
T00009238,A0000669,2026-03-08,WITHDRAWAL,3885000.0
T00009239,A0001725,2026-06-07,WITHDRAWAL,1821000.0
T00009240,A0000625,2026-07-29,DEPOSIT,2723000.0
T00009241,A0001582,2025-09-02,TRANSFER,98000.0
T00009242,A0000627,2025-02-10,WITHDRAWAL,4982000.0
T00009243,A0001104,2025-01-16,DEPOSIT,2806000.0
T00009244,A0000685,2025-04-14,DEPOSIT,4656000.0
T00009245,A0001576,2026-07-28,WITHDRAWAL,67000.0
T00009246,A0000666,2026-03-24,WITHDRAWAL,2882000.0
T00009247,A0000812,2026-06-23,WITHDRAWAL,4383000.0
T00009248,A0000737,2026-02-13,TRANSFER,3407000.0
T00009249,A0000486,2025-05-17,TRANSFER,14000.0
T00009250,A0001296,2025-12-09,TRANSFER,3631000.0
T00009251,A0001672,2025-07-04,DEPOSIT,83000.0
T00009252,A0000559,2026-04-02,TRANSFER,2318000.0
T00009253,A0001574,2025-06-30,WITHDRAWAL,2273000.0
T00009254,A0000727,2026-08-26,DEPOSIT,3661000.0
T00009255,A0000338,2025-03-29,TRANSFER,3271000.0
T00009256,A0000646,2025-10-09,WITHDRAWAL,4306000.0
T00009257,A0001601,2026-08-15,WITHDRAWAL,4978000.0
T00009258,A0001579,2026-04-24,DEPOSIT,4868000.0
T00009259,A0000785,2026-07-11,DEPOSIT,2544000.0
T00009260,A0001690,2026-06-07,DEPOSIT,204000.0
T00009261,A0000254,2025-06-08,DEPOSIT,2903000.0
T00009262,A0001033,2025-02-23,WITHDRAWAL,3457000.0
T00009263,A0001146,2025-01-01,DEPOSIT,3343000.0
T00009264,A0000015,2026-07-29,DEPOSIT,2016000.0
T00009265,A0001317,2025-10-20,WITHDRAWAL,2700000.0
T00009266,A0000363,2026-08-10,DEPOSIT,2603000.0
T00009267,A0001002,2026-07-24,WITHDRAWAL,1737000.0
T00009268,A0000785,2026-03-05,DEPOSIT,1123000.0
T00009269,A0001287,2025-12-31,WITHDRAWAL,3389000.0
T00009270,A0000386,2025-10-22,DEPOSIT,3341000.0
T00009271,A0000954,2025-07-20,TRANSFER,2388000.0
T00009272,A0001450,2025-05-19,WITHDRAWAL,1059000.0
T00009273,A0000550,2025-09-03,DEPOSIT,54000.0
T00009274,A0000170,2025-07-11,WITHDRAWAL,4411000.0
T00009275,A0001353,2025-11-06,DEPOSIT,3860000.0
T00009276,A0001502,2026-03-09,WITHDRAWAL,3848000.0
T00009277,A0000173,2025-09-16,TRANSFER,2724000.0
T00009278,A0000302,2026-04-21,DEPOSIT,4537000.0
T00009279,A0000317,2026-06-08,TRANSFER,3986000.0
T00009280,A0001332,2025-10-22,WITHDRAWAL,1982000.0
T00009281,A0001659,2025-11-20,DEPOSIT,4383000.0
T00009282,A0000752,2025-01-30,WITHDRAWAL,4603000.0
T00009283,A0000911,2025-04-16,TRANSFER,3535000.0
T00009284,A0000566,2025-05-16,WITHDRAWAL,2808000.0
T00009285,A0001329,2026-06-07,WITHDRAWAL,3260000.0
T00009286,A0001165,2026-03-10,WITHDRAWAL,4568000.0
T00009287,A0000023,2025-01-13,WITHDRAWAL,2086000.0
T00009288,A0001734,2025-09-28,DEPOSIT,2958000.0
T00009289,A0001649,2025-09-15,WITHDRAWAL,4641000.0
T00009290,A0000431,2025-12-05,DEPOSIT,2635000.0
T00009291,A0000508,2025-09-13,WITHDRAWAL,4814000.0
T00009292,A0001009,2025-12-24,DEPOSIT,641000.0
T00009293,A0001708,2026-04-02,DEPOSIT,2310000.0
T00009294,A0000483,2025-11-09,DEPOSIT,596000.0
T00009295,A0001314,2026-07-14,DEPOSIT,607000.0
T00009296,A0001096,2026-07-28,WITHDRAWAL,324000.0
T00009297,A0001179,2025-05-03,TRANSFER,2145000.0
T00009298,A0001298,2026-01-26,TRANSFER,691000.0
T00009299,A0000623,2025-04-06,WITHDRAWAL,439000.0
T00009300,A0001116,2025-04-04,WITHDRAWAL,2968000.0
T00009301,A0000182,2026-05-25,WITHDRAWAL,3699000.0
T00009302,A0000365,2026-05-01,WITHDRAWAL,4403000.0
T00009303,A0000259,2026-08-08,TRANSFER,336000.0
T00009304,A0001258,2026-05-28,TRANSFER,685000.0
T00009305,A0000711,2025-05-18,WITHDRAWAL,2227000.0
T00009306,A0001245,2026-03-24,DEPOSIT,3790000.0
T00009307,A0000725,2026-07-20,WITHDRAWAL,490000.0
T00009308,A0001337,2026-03-23,DEPOSIT,1073000.0
T00009309,A0000553,2025-01-07,WITHDRAWAL,3638000.0
T00009310,A0000479,2026-02-12,WITHDRAWAL,3976000.0
T00009311,A0000783,2025-02-09,TRANSFER,4208000.0
T00009312,A0001131,2025-05-10,TRANSFER,1307000.0
T00009313,A0000694,2025-09-02,WITHDRAWAL,2073000.0
T00009314,A0000367,2025-03-05,DEPOSIT,1086000.0
T00009315,A0000644,2025-02-28,DEPOSIT,1899000.0
T00009316,A0001203,2026-04-30,TRANSFER,372000.0
T00009317,A0000607,2025-01-29,DEPOSIT,4516000.0
T00009318,A0000564,2025-10-31,WITHDRAWAL,1581000.0
T00009319,A0001461,2025-01-24,DEPOSIT,2887000.0
T00009320,A0000936,2025-02-14,DEPOSIT,624000.0
T00009321,A0001583,2026-07-04,DEPOSIT,599000.0
T00009322,A0001253,2026-08-14,TRANSFER,4563000.0
T00009323,A0001054,2026-02-25,TRANSFER,1081000.0
T00009324,A0001114,2025-01-29,TRANSFER,122000.0
T00009325,A0001534,2026-08-30,TRANSFER,4971000.0
T00009326,A0001522,2025-05-29,DEPOSIT,4799000.0
T00009327,A0000545,2025-06-10,DEPOSIT,2268000.0
T00009328,A0000563,2026-06-02,WITHDRAWAL,170000.0
T00009329,A0001269,2026-04-06,DEPOSIT,278000.0
T00009330,A0000023,2026-06-01,TRANSFER,1465000.0
T00009331,A0000729,2026-05-10,TRANSFER,1137000.0
T00009332,A0001200,2026-04-30,WITHDRAWAL,963000.0
T00009333,A0000620,2026-04-28,WITHDRAWAL,2851000.0
T00009334,A0000503,2025-05-30,WITHDRAWAL,3266000.0
T00009335,A0000923,2026-01-03,WITHDRAWAL,1660000.0
T00009336,A0001006,2025-05-11,TRANSFER,4856000.0
T00009337,A0001779,2025-08-05,WITHDRAWAL,2591000.0
T00009338,A0001667,2025-04-28,TRANSFER,4919000.0
T00009339,A0001580,2026-05-16,WITHDRAWAL,4356000.0
T00009340,A0001043,2025-03-30,DEPOSIT,230000.0
T00009341,A0000604,2025-09-15,TRANSFER,2817000.0
T00009342,A0001206,2025-10-14,TRANSFER,3834000.0
T00009343,A0001074,2026-04-03,TRANSFER,4231000.0
T00009344,A0000958,2026-03-07,DEPOSIT,4798000.0
T00009345,A0001718,2025-05-19,WITHDRAWAL,693000.0
T00009346,A0001615,2026-01-26,WITHDRAWAL,815000.0
T00009347,A0001336,2026-05-03,TRANSFER,3658000.0
T00009348,A0001502,2025-06-27,WITHDRAWAL,3343000.0
T00009349,A0001239,2025-05-20,DEPOSIT,513000.0
T00009350,A0000098,2025-11-27,WITHDRAWAL,822000.0
T00009351,A0001411,2026-05-08,DEPOSIT,2095000.0
T00009352,A0000265,2025-02-11,DEPOSIT,506000.0
T00009353,A0001042,2026-07-31,TRANSFER,1518000.0
T00009354,A0000584,2026-01-18,WITHDRAWAL,4944000.0
T00009355,A0001063,2025-11-15,TRANSFER,271000.0
T00009356,A0000351,2026-03-16,WITHDRAWAL,4191000.0
T00009357,A0001330,2025-12-10,WITHDRAWAL,4620000.0
T00009358,A0000365,2026-05-28,WITHDRAWAL,387000.0
T00009359,A0000698,2026-02-23,DEPOSIT,3603000.0
T00009360,A0001337,2025-02-20,WITHDRAWAL,1963000.0
T00009361,A0000955,2025-08-15,WITHDRAWAL,1789000.0
T00009362,A0001726,2025-02-16,TRANSFER,1663000.0
T00009363,A0001351,2026-08-28,TRANSFER,4396000.0
T00009364,A0001262,2026-07-15,TRANSFER,65000.0
T00009365,A0001059,2026-04-10,DEPOSIT,1092000.0
T00009366,A0000018,2026-01-06,DEPOSIT,1942000.0
T00009367,A0000435,2026-01-14,DEPOSIT,3448000.0
T00009368,A0000561,2025-03-17,WITHDRAWAL,3446000.0
T00009369,A0000610,2026-06-14,TRANSFER,1998000.0
T00009370,A0000272,2025-04-01,DEPOSIT,1672000.0
T00009371,A0000905,2025-01-08,WITHDRAWAL,461000.0
T00009372,A0001411,2025-11-18,WITHDRAWAL,1208000.0
T00009373,A0000775,2026-04-27,DEPOSIT,3652000.0
T00009374,A0000894,2026-06-11,TRANSFER,2342000.0
T00009375,A0001009,2025-07-05,TRANSFER,2131000.0
T00009376,A0001762,2025-01-17,TRANSFER,1977000.0
T00009377,A0000969,2026-03-22,DEPOSIT,525000.0
T00009378,A0001053,2025-03-15,WITHDRAWAL,4364000.0
T00009379,A0000140,2025-03-10,DEPOSIT,2664000.0
T00009380,A0000177,2025-09-26,TRANSFER,707000.0
T00009381,A0000727,2026-08-26,WITHDRAWAL,3596000.0
T00009382,A0001057,2026-07-04,DEPOSIT,4935000.0
T00009383,A0000674,2025-04-11,TRANSFER,1603000.0
T00009384,A0001704,2025-09-24,WITHDRAWAL,241000.0
T00009385,A0000028,2026-01-20,WITHDRAWAL,1034000.0
T00009386,A0000677,2026-04-10,TRANSFER,4087000.0
T00009387,A0001255,2025-07-29,TRANSFER,1714000.0
T00009388,A0001748,2025-04-29,DEPOSIT,3132000.0
T00009389,A0000435,2025-04-10,WITHDRAWAL,2286000.0
T00009390,A0000656,2026-03-15,WITHDRAWAL,4111000.0
T00009391,A0000357,2025-01-12,TRANSFER,878000.0
T00009392,A0000844,2025-10-15,WITHDRAWAL,1766000.0
T00009393,A0001500,2026-02-14,TRANSFER,1507000.0
T00009394,A0000512,2026-08-10,DEPOSIT,1169000.0
T00009395,A0001051,2025-01-05,WITHDRAWAL,761000.0
T00009396,A0000291,2026-06-10,TRANSFER,4512000.0
T00009397,A0000824,2025-06-16,TRANSFER,3631000.0
T00009398,A0000353,2025-07-22,DEPOSIT,669000.0
T00009399,A0000172,2025-07-14,DEPOSIT,3364000.0
T00009400,A0000283,2025-04-10,TRANSFER,3207000.0
T00009401,A0001087,2025-03-31,TRANSFER,3728000.0
T00009402,A0001104,2026-02-19,TRANSFER,2868000.0
T00009403,A0001586,2025-05-25,DEPOSIT,2929000.0
T00009404,A0000171,2026-04-06,WITHDRAWAL,3243000.0
T00009405,A0001490,2025-03-08,DEPOSIT,2217000.0
T00009406,A0000230,2025-04-20,DEPOSIT,343000.0
T00009407,A0000698,2025-04-24,TRANSFER,1540000.0
T00009408,A0000030,2026-07-02,WITHDRAWAL,3356000.0
T00009409,A0001756,2026-07-28,TRANSFER,4197000.0
T00009410,A0000475,2025-06-10,DEPOSIT,231000.0
T00009411,A0000662,2025-04-15,TRANSFER,4963000.0
T00009412,A0000731,2025-12-28,TRANSFER,4112000.0
T00009413,A0000359,2025-02-14,DEPOSIT,962000.0
T00009414,A0001057,2025-05-05,TRANSFER,2322000.0
T00009415,A0000119,2025-10-12,TRANSFER,4623000.0
T00009416,A0000332,2025-09-25,WITHDRAWAL,3233000.0
T00009417,A0001118,2026-07-02,TRANSFER,3645000.0
T00009418,A0000119,2026-05-03,DEPOSIT,3085000.0
T00009419,A0000166,2025-11-29,DEPOSIT,4054000.0
T00009420,A0000416,2026-05-30,TRANSFER,3599000.0
T00009421,A0001274,2026-08-09,TRANSFER,1014000.0
T00009422,A0001178,2025-04-03,TRANSFER,1053000.0
T00009423,A0000853,2025-03-07,DEPOSIT,4524000.0
T00009424,A0001759,2025-07-03,TRANSFER,1904000.0
T00009425,A0001036,2025-04-29,WITHDRAWAL,1704000.0
T00009426,A0001006,2026-01-08,WITHDRAWAL,3049000.0
T00009427,A0001756,2025-01-13,DEPOSIT,3472000.0
T00009428,A0000407,2025-06-17,TRANSFER,3923000.0
T00009429,A0000279,2026-01-30,WITHDRAWAL,360000.0
T00009430,A0000867,2025-03-28,WITHDRAWAL,4934000.0
T00009431,A0001499,2025-10-05,DEPOSIT,566000.0
T00009432,A0000459,2026-04-15,TRANSFER,2262000.0
T00009433,A0000848,2025-07-02,DEPOSIT,1659000.0
T00009434,A0000624,2025-06-17,WITHDRAWAL,4194000.0
T00009435,A0001306,2025-06-30,TRANSFER,4719000.0
T00009436,A0000366,2026-08-12,DEPOSIT,746000.0
T00009437,A0000612,2026-05-19,TRANSFER,4948000.0
T00009438,A0000982,2025-11-03,TRANSFER,4966000.0
T00009439,A0001404,2026-05-31,WITHDRAWAL,326000.0
T00009440,A0000401,2026-03-03,WITHDRAWAL,4566000.0
T00009441,A0000622,2026-02-02,TRANSFER,3966000.0
T00009442,A0001012,2026-02-24,TRANSFER,4034000.0
T00009443,A0001101,2025-06-17,DEPOSIT,4083000.0
T00009444,A0000716,2025-02-03,DEPOSIT,1818000.0
T00009445,A0000388,2025-05-18,DEPOSIT,1213000.0
T00009446,A0000301,2026-05-06,TRANSFER,623000.0
T00009447,A0001571,2026-04-11,TRANSFER,3673000.0
T00009448,A0000780,2025-01-06,WITHDRAWAL,368000.0
T00009449,A0001683,2025-01-03,TRANSFER,932000.0
T00009450,A0000380,2025-12-15,WITHDRAWAL,559000.0
T00009451,A0000565,2025-02-01,TRANSFER,140000.0
T00009452,A0001285,2025-05-13,TRANSFER,3067000.0
T00009453,A0001259,2026-02-07,TRANSFER,2130000.0
T00009454,A0000917,2026-07-10,TRANSFER,3294000.0
T00009455,A0000005,2025-11-20,DEPOSIT,3343000.0
T00009456,A0000219,2026-05-21,WITHDRAWAL,1572000.0
T00009457,A0000874,2026-03-11,WITHDRAWAL,186000.0
T00009458,A0000482,2025-01-10,WITHDRAWAL,3492000.0
T00009459,A0001610,2026-02-02,WITHDRAWAL,4936000.0
T00009460,A0000794,2025-05-02,DEPOSIT,2969000.0
T00009461,A0000126,2026-08-01,TRANSFER,255000.0
T00009462,A0001101,2025-12-08,DEPOSIT,3636000.0
T00009463,A0000768,2026-08-21,WITHDRAWAL,3939000.0
T00009464,A0000855,2025-03-02,TRANSFER,2587000.0
T00009465,A0001632,2026-08-26,TRANSFER,2383000.0
T00009466,A0000033,2026-02-02,DEPOSIT,3103000.0
T00009467,A0000366,2026-05-23,DEPOSIT,2694000.0
T00009468,A0001082,2026-06-03,WITHDRAWAL,1119000.0
T00009469,A0000993,2025-06-16,WITHDRAWAL,1693000.0
T00009470,A0001291,2026-03-09,TRANSFER,1760000.0
T00009471,A0000968,2025-04-20,DEPOSIT,1992000.0
T00009472,A0000424,2025-12-20,WITHDRAWAL,4779000.0
T00009473,A0000709,2026-08-23,WITHDRAWAL,60000.0
T00009474,A0000410,2026-01-26,WITHDRAWAL,4178000.0
T00009475,A0000683,2025-04-23,TRANSFER,2610000.0
T00009476,A0001107,2025-05-11,WITHDRAWAL,2430000.0
T00009477,A0000206,2025-03-11,DEPOSIT,4566000.0
T00009478,A0000967,2025-08-18,DEPOSIT,25000.0
T00009479,A0000161,2025-01-28,DEPOSIT,2629000.0
T00009480,A0000705,2025-09-20,WITHDRAWAL,2407000.0
T00009481,A0000436,2026-02-02,DEPOSIT,1048000.0
T00009482,A0001281,2025-12-06,TRANSFER,4891000.0
T00009483,A0000401,2026-01-19,TRANSFER,1420000.0
T00009484,A0000993,2025-08-12,DEPOSIT,1677000.0
T00009485,A0001496,2025-12-17,DEPOSIT,2969000.0
T00009486,A0000202,2026-07-01,WITHDRAWAL,1229000.0
T00009487,A0000760,2026-04-19,TRANSFER,1183000.0
T00009488,A0001428,2025-09-11,WITHDRAWAL,2031000.0
T00009489,A0000435,2025-10-07,WITHDRAWAL,4022000.0
T00009490,A0000582,2025-01-08,DEPOSIT,4394000.0
T00009491,A0000793,2026-07-30,DEPOSIT,1242000.0
T00009492,A0001541,2026-05-29,WITHDRAWAL,2881000.0
T00009493,A0000368,2026-04-10,DEPOSIT,4107000.0
T00009494,A0001379,2025-10-04,WITHDRAWAL,2080000.0
T00009495,A0001450,2025-04-24,DEPOSIT,4814000.0
T00009496,A0000538,2025-06-25,DEPOSIT,2438000.0
T00009497,A0001067,2026-03-12,WITHDRAWAL,834000.0
T00009498,A0000206,2026-05-05,WITHDRAWAL,1558000.0
T00009499,A0001631,2025-09-30,WITHDRAWAL,3667000.0
T00009500,A0000435,2026-04-05,WITHDRAWAL,1571000.0
T00009501,A0001621,2025-01-16,DEPOSIT,2045000.0
T00009502,A0000777,2026-04-28,TRANSFER,1652000.0
T00009503,A0001368,2025-06-08,DEPOSIT,1879000.0
T00009504,A0001235,2026-05-08,TRANSFER,4301000.0
T00009505,A0001416,2026-03-17,DEPOSIT,1404000.0
T00009506,A0000208,2025-08-01,DEPOSIT,3444000.0
T00009507,A0001134,2025-05-11,TRANSFER,2175000.0
T00009508,A0000452,2026-05-19,WITHDRAWAL,2126000.0
T00009509,A0001018,2026-04-11,DEPOSIT,193000.0
T00009510,A0001724,2025-08-27,WITHDRAWAL,4455000.0
T00009511,A0001772,2025-05-19,DEPOSIT,1049000.0
T00009512,A0000318,2025-06-17,WITHDRAWAL,879000.0
T00009513,A0000339,2026-02-15,WITHDRAWAL,2630000.0
T00009514,A0000313,2026-08-09,TRANSFER,954000.0
T00009515,A0000153,2025-07-14,TRANSFER,1701000.0
T00009516,A0001488,2026-01-11,TRANSFER,3454000.0
T00009517,A0000293,2025-07-07,TRANSFER,4515000.0
T00009518,A0001178,2025-02-01,DEPOSIT,2651000.0
T00009519,A0000003,2025-04-28,TRANSFER,4929000.0
T00009520,A0000761,2026-07-02,DEPOSIT,4514000.0
T00009521,A0001578,2025-09-01,WITHDRAWAL,3755000.0
T00009522,A0001065,2026-07-27,WITHDRAWAL,2160000.0
T00009523,A0000723,2026-06-27,TRANSFER,185000.0
T00009524,A0001700,2025-01-08,WITHDRAWAL,3328000.0
T00009525,A0001467,2026-05-04,TRANSFER,2541000.0
T00009526,A0000758,2025-11-28,TRANSFER,4317000.0
T00009527,A0001670,2026-04-25,WITHDRAWAL,2605000.0
T00009528,A0001333,2025-12-18,WITHDRAWAL,4657000.0
T00009529,A0001394,2026-02-05,WITHDRAWAL,4253000.0
T00009530,A0001688,2026-04-21,WITHDRAWAL,1031000.0
T00009531,A0000733,2025-10-09,DEPOSIT,2575000.0
T00009532,A0000927,2026-08-06,TRANSFER,4788000.0
T00009533,A0001331,2025-04-08,DEPOSIT,4857000.0
T00009534,A0001242,2025-02-03,DEPOSIT,155000.0
T00009535,A0001000,2026-06-26,TRANSFER,3208000.0
T00009536,A0000071,2026-07-23,TRANSFER,4333000.0
T00009537,A0001134,2025-01-19,DEPOSIT,4900000.0
T00009538,A0001677,2025-12-25,DEPOSIT,328000.0
T00009539,A0001244,2025-07-07,WITHDRAWAL,3617000.0
T00009540,A0000251,2026-03-13,DEPOSIT,4741000.0
T00009541,A0000536,2026-08-15,TRANSFER,443000.0
T00009542,A0000978,2025-06-17,DEPOSIT,795000.0
T00009543,A0000166,2026-01-22,DEPOSIT,2408000.0
T00009544,A0000590,2025-10-03,TRANSFER,3131000.0
T00009545,A0001638,2026-04-04,WITHDRAWAL,1877000.0
T00009546,A0000348,2026-07-11,DEPOSIT,2420000.0
T00009547,A0001678,2025-06-26,DEPOSIT,51000.0
T00009548,A0001279,2025-03-09,TRANSFER,257000.0
T00009549,A0000692,2026-02-28,WITHDRAWAL,3591000.0
T00009550,A0000153,2026-06-06,WITHDRAWAL,482000.0
T00009551,A0000555,2025-01-09,TRANSFER,4591000.0
T00009552,A0000897,2025-11-12,DEPOSIT,784000.0
T00009553,A0001376,2025-04-22,TRANSFER,4795000.0
T00009554,A0000878,2025-08-28,WITHDRAWAL,3968000.0
T00009555,A0000839,2026-02-06,DEPOSIT,3131000.0
T00009556,A0000969,2025-03-23,WITHDRAWAL,2335000.0
T00009557,A0001314,2025-04-23,TRANSFER,3829000.0
T00009558,A0000491,2025-09-24,TRANSFER,3755000.0
T00009559,A0001509,2025-11-11,DEPOSIT,865000.0
T00009560,A0000634,2026-02-22,TRANSFER,2386000.0
T00009561,A0001091,2025-03-01,WITHDRAWAL,4381000.0
T00009562,A0001117,2025-01-06,DEPOSIT,1253000.0
T00009563,A0001444,2026-03-21,TRANSFER,3302000.0
T00009564,A0001043,2026-07-09,DEPOSIT,2931000.0
T00009565,A0000615,2025-01-23,TRANSFER,1315000.0
T00009566,A0001169,2025-11-19,TRANSFER,2097000.0
T00009567,A0000018,2025-12-12,WITHDRAWAL,2177000.0
T00009568,A0001168,2025-10-10,WITHDRAWAL,1607000.0
T00009569,A0000644,2026-01-15,TRANSFER,3642000.0
T00009570,A0000284,2025-11-24,TRANSFER,4499000.0
T00009571,A0001659,2025-02-25,WITHDRAWAL,219000.0
T00009572,A0001088,2026-01-19,TRANSFER,719000.0
T00009573,A0000318,2025-08-21,TRANSFER,4807000.0
T00009574,A0001191,2025-01-25,TRANSFER,4618000.0
T00009575,A0000794,2025-12-16,DEPOSIT,1720000.0
T00009576,A0000681,2026-03-16,DEPOSIT,40000.0
T00009577,A0000217,2026-06-17,TRANSFER,4666000.0
T00009578,A0001136,2026-07-09,DEPOSIT,4596000.0
T00009579,A0001360,2026-02-20,TRANSFER,2796000.0
T00009580,A0001611,2026-06-05,WITHDRAWAL,2949000.0
T00009581,A0000300,2025-12-08,DEPOSIT,531000.0
T00009582,A0000401,2025-11-02,DEPOSIT,4814000.0
T00009583,A0001234,2026-06-01,TRANSFER,572000.0
T00009584,A0001374,2026-07-25,DEPOSIT,2211000.0
T00009585,A0000986,2026-02-05,TRANSFER,4834000.0
T00009586,A0001111,2025-02-22,TRANSFER,702000.0
T00009587,A0000488,2025-09-28,DEPOSIT,3778000.0
T00009588,A0001411,2026-01-07,TRANSFER,1456000.0
T00009589,A0001138,2025-11-30,TRANSFER,1975000.0
T00009590,A0000965,2026-06-11,TRANSFER,3903000.0
T00009591,A0000424,2026-04-08,TRANSFER,4113000.0
T00009592,A0001367,2026-02-06,WITHDRAWAL,3477000.0
T00009593,A0001205,2025-03-30,DEPOSIT,2531000.0
T00009594,A0000338,2025-10-06,WITHDRAWAL,4561000.0
T00009595,A0000659,2025-03-18,TRANSFER,4598000.0
T00009596,A0001576,2025-03-12,TRANSFER,850000.0
T00009597,A0000504,2025-02-09,TRANSFER,4208000.0
T00009598,A0001228,2025-06-24,DEPOSIT,2141000.0
T00009599,A0000538,2025-05-11,DEPOSIT,1160000.0
T00009600,A0001741,2025-07-14,DEPOSIT,1185000.0
T00009601,A0000836,2026-03-13,TRANSFER,3473000.0
T00009602,A0001470,2026-05-09,DEPOSIT,1731000.0
T00009603,A0000666,2026-05-08,TRANSFER,1297000.0
T00009604,A0000443,2025-08-29,TRANSFER,892000.0
T00009605,A0000390,2025-07-26,TRANSFER,4926000.0
T00009606,A0001043,2025-08-16,DEPOSIT,688000.0
T00009607,A0001523,2025-02-17,DEPOSIT,122000.0
T00009608,A0001539,2026-03-09,WITHDRAWAL,436000.0
T00009609,A0000027,2025-03-04,WITHDRAWAL,2665000.0
T00009610,A0000627,2026-03-04,DEPOSIT,3359000.0
T00009611,A0001254,2025-07-09,WITHDRAWAL,4856000.0
T00009612,A0000182,2026-03-01,TRANSFER,4401000.0
T00009613,A0000187,2025-07-24,DEPOSIT,810000.0
T00009614,A0000265,2025-09-10,DEPOSIT,2885000.0
T00009615,A0000899,2025-01-24,DEPOSIT,4444000.0
T00009616,A0000214,2025-01-20,TRANSFER,3689000.0
T00009617,A0001434,2025-08-19,WITHDRAWAL,4295000.0
T00009618,A0000944,2025-11-14,TRANSFER,2779000.0
T00009619,A0000319,2025-12-08,WITHDRAWAL,3053000.0
T00009620,A0000218,2025-10-16,WITHDRAWAL,1706000.0
T00009621,A0000814,2025-12-26,WITHDRAWAL,3679000.0
T00009622,A0000127,2025-12-27,TRANSFER,4008000.0
T00009623,A0000582,2025-07-05,WITHDRAWAL,2511000.0
T00009624,A0001172,2025-03-13,WITHDRAWAL,790000.0
T00009625,A0000049,2025-07-03,DEPOSIT,1425000.0
T00009626,A0001048,2025-10-02,TRANSFER,1407000.0
T00009627,A0001317,2025-01-30,WITHDRAWAL,663000.0
T00009628,A0001249,2025-03-14,WITHDRAWAL,1008000.0
T00009629,A0000156,2025-02-16,TRANSFER,1021000.0
T00009630,A0000818,2026-03-31,WITHDRAWAL,296000.0
T00009631,A0000141,2025-11-20,DEPOSIT,757000.0
T00009632,A0000326,2025-03-01,DEPOSIT,3943000.0
T00009633,A0000980,2025-10-19,WITHDRAWAL,2702000.0
T00009634,A0001246,2025-07-24,DEPOSIT,2919000.0
T00009635,A0001745,2025-07-08,TRANSFER,3196000.0
T00009636,A0000150,2025-09-28,DEPOSIT,3969000.0
T00009637,A0000942,2025-08-19,DEPOSIT,3884000.0
T00009638,A0000731,2025-06-30,WITHDRAWAL,3565000.0
T00009639,A0000193,2025-12-17,DEPOSIT,1429000.0
T00009640,A0000417,2025-06-12,WITHDRAWAL,2891000.0
T00009641,A0000783,2026-05-23,TRANSFER,2283000.0
T00009642,A0001038,2026-01-24,DEPOSIT,4182000.0
T00009643,A0001038,2026-05-10,DEPOSIT,1165000.0
T00009644,A0000605,2026-05-20,DEPOSIT,4205000.0
T00009645,A0001135,2025-01-27,WITHDRAWAL,1612000.0
T00009646,A0001518,2025-10-01,TRANSFER,4845000.0
T00009647,A0000322,2026-08-08,TRANSFER,3942000.0
T00009648,A0001754,2025-02-01,WITHDRAWAL,3002000.0
T00009649,A0000353,2025-07-06,WITHDRAWAL,4795000.0
T00009650,A0000368,2025-08-01,TRANSFER,4563000.0
T00009651,A0001054,2025-03-25,TRANSFER,4131000.0
T00009652,A0000251,2025-11-29,TRANSFER,258000.0
T00009653,A0001748,2025-11-08,TRANSFER,2207000.0
T00009654,A0001374,2025-05-19,TRANSFER,166000.0
T00009655,A0000061,2026-07-21,DEPOSIT,326000.0
T00009656,A0001428,2025-12-15,TRANSFER,3502000.0
T00009657,A0001495,2025-09-16,WITHDRAWAL,2759000.0
T00009658,A0001536,2025-10-22,TRANSFER,1418000.0
T00009659,A0001425,2025-07-27,DEPOSIT,2223000.0
T00009660,A0000606,2026-08-31,DEPOSIT,4926000.0
T00009661,A0001393,2025-11-07,DEPOSIT,796000.0
T00009662,A0001723,2025-08-20,DEPOSIT,3460000.0
T00009663,A0001516,2026-04-24,WITHDRAWAL,821000.0
T00009664,A0001341,2025-06-14,DEPOSIT,3063000.0
T00009665,A0000468,2025-09-05,TRANSFER,4327000.0
T00009666,A0001362,2025-04-13,TRANSFER,3236000.0
T00009667,A0001457,2026-08-31,TRANSFER,4055000.0
T00009668,A0000185,2026-07-10,WITHDRAWAL,569000.0
T00009669,A0001067,2026-03-30,TRANSFER,4164000.0
T00009670,A0000200,2025-06-12,DEPOSIT,3260000.0
T00009671,A0000281,2025-02-02,WITHDRAWAL,1598000.0
T00009672,A0000757,2026-01-16,WITHDRAWAL,3900000.0
T00009673,A0000777,2026-02-24,DEPOSIT,2907000.0
T00009674,A0000679,2026-03-18,DEPOSIT,2517000.0
T00009675,A0000108,2025-05-04,TRANSFER,971000.0
T00009676,A0000176,2026-02-27,TRANSFER,3906000.0
T00009677,A0000877,2025-06-26,TRANSFER,25000.0
T00009678,A0001403,2025-04-25,DEPOSIT,2268000.0
T00009679,A0001548,2026-04-01,TRANSFER,699000.0
T00009680,A0001778,2026-06-11,TRANSFER,3215000.0
T00009681,A0001139,2025-10-28,DEPOSIT,4670000.0
T00009682,A0000166,2025-05-30,DEPOSIT,1394000.0
T00009683,A0000852,2025-08-08,DEPOSIT,1783000.0
T00009684,A0001518,2025-02-28,WITHDRAWAL,3595000.0
T00009685,A0000103,2025-03-15,DEPOSIT,4955000.0
T00009686,A0000513,2025-12-15,WITHDRAWAL,4625000.0
T00009687,A0001389,2026-08-27,DEPOSIT,2684000.0
T00009688,A0001686,2026-05-24,DEPOSIT,3029000.0
T00009689,A0000240,2025-05-15,WITHDRAWAL,3212000.0
T00009690,A0001643,2025-12-18,DEPOSIT,2760000.0
T00009691,A0001526,2025-06-07,TRANSFER,2007000.0
T00009692,A0000703,2025-05-22,DEPOSIT,4900000.0
T00009693,A0000382,2025-01-23,DEPOSIT,4599000.0
T00009694,A0001426,2025-05-18,WITHDRAWAL,927000.0
T00009695,A0000099,2025-02-14,WITHDRAWAL,3084000.0
T00009696,A0001419,2025-05-14,WITHDRAWAL,1117000.0
T00009697,A0001300,2025-01-28,WITHDRAWAL,3790000.0
T00009698,A0000388,2025-12-08,TRANSFER,2815000.0
T00009699,A0001434,2025-01-11,DEPOSIT,331000.0
T00009700,A0001368,2025-09-04,TRANSFER,4311000.0
T00009701,A0000992,2025-09-14,DEPOSIT,2650000.0
T00009702,A0000226,2026-03-28,WITHDRAWAL,2157000.0
T00009703,A0000911,2025-04-04,TRANSFER,952000.0
T00009704,A0001644,2025-02-12,TRANSFER,3104000.0
T00009705,A0000639,2026-07-21,DEPOSIT,4109000.0
T00009706,A0001654,2025-06-23,TRANSFER,2677000.0
T00009707,A0001739,2026-07-25,TRANSFER,3931000.0
T00009708,A0000328,2025-06-24,DEPOSIT,2827000.0
T00009709,A0001326,2025-05-18,TRANSFER,2730000.0
T00009710,A0001700,2025-02-01,TRANSFER,1300000.0
T00009711,A0001552,2026-03-06,WITHDRAWAL,4366000.0
T00009712,A0000901,2026-05-29,TRANSFER,4724000.0
T00009713,A0000711,2026-07-27,TRANSFER,25000.0
T00009714,A0000563,2025-01-17,DEPOSIT,1610000.0
T00009715,A0000180,2026-01-05,DEPOSIT,610000.0
T00009716,A0001441,2025-04-25,DEPOSIT,2866000.0
T00009717,A0000464,2025-12-09,DEPOSIT,827000.0
T00009718,A0001612,2025-02-04,DEPOSIT,2835000.0
T00009719,A0001564,2026-04-16,WITHDRAWAL,2644000.0
T00009720,A0000870,2025-03-08,DEPOSIT,681000.0
T00009721,A0000257,2025-08-20,WITHDRAWAL,531000.0
T00009722,A0001390,2026-08-13,WITHDRAWAL,1102000.0
T00009723,A0000134,2025-08-20,TRANSFER,1258000.0
T00009724,A0000874,2025-02-13,WITHDRAWAL,1509000.0
T00009725,A0001539,2025-11-02,DEPOSIT,1944000.0
T00009726,A0000368,2025-10-12,TRANSFER,2460000.0
T00009727,A0001511,2025-01-06,DEPOSIT,2624000.0
T00009728,A0001324,2025-10-12,DEPOSIT,3126000.0
T00009729,A0000819,2025-12-03,DEPOSIT,611000.0
T00009730,A0001430,2026-06-29,TRANSFER,2715000.0
T00009731,A0000552,2026-03-05,TRANSFER,3565000.0
T00009732,A0001327,2026-01-11,WITHDRAWAL,608000.0
T00009733,A0001771,2025-01-20,DEPOSIT,173000.0
T00009734,A0001425,2025-04-15,TRANSFER,2216000.0
T00009735,A0000719,2025-02-12,TRANSFER,2955000.0
T00009736,A0000969,2025-02-01,DEPOSIT,2243000.0
T00009737,A0000074,2026-03-08,TRANSFER,2487000.0
T00009738,A0000812,2025-09-06,TRANSFER,755000.0
T00009739,A0001695,2025-06-04,TRANSFER,2000.0
T00009740,A0000451,2025-04-04,TRANSFER,2135000.0
T00009741,A0000962,2025-06-14,DEPOSIT,4753000.0
T00009742,A0000239,2026-04-17,WITHDRAWAL,3807000.0
T00009743,A0000901,2025-05-19,TRANSFER,3370000.0
T00009744,A0000454,2025-02-12,WITHDRAWAL,1868000.0
T00009745,A0000075,2026-02-27,DEPOSIT,1806000.0
T00009746,A0001562,2026-07-09,DEPOSIT,1529000.0
T00009747,A0001367,2025-04-10,DEPOSIT,1190000.0
T00009748,A0000283,2026-07-15,DEPOSIT,2182000.0
T00009749,A0001387,2026-05-02,DEPOSIT,444000.0
T00009750,A0001730,2025-08-11,DEPOSIT,43000.0
T00009751,A0000703,2025-02-20,DEPOSIT,681000.0
T00009752,A0001733,2025-08-03,TRANSFER,4356000.0
T00009753,A0001700,2025-04-19,WITHDRAWAL,1137000.0
T00009754,A0001791,2025-12-12,DEPOSIT,30000.0
T00009755,A0000827,2025-05-09,DEPOSIT,347000.0
T00009756,A0000489,2025-07-31,WITHDRAWAL,719000.0
T00009757,A0001158,2025-10-08,WITHDRAWAL,150000.0
T00009758,A0001430,2026-05-01,WITHDRAWAL,4831000.0
T00009759,A0001759,2025-09-21,DEPOSIT,3929000.0
T00009760,A0000623,2025-08-17,DEPOSIT,4421000.0
T00009761,A0001532,2025-08-01,DEPOSIT,1726000.0
T00009762,A0001262,2026-08-22,WITHDRAWAL,3143000.0
T00009763,A0000788,2026-01-28,TRANSFER,393000.0
T00009764,A0000534,2025-06-28,DEPOSIT,4989000.0
T00009765,A0000030,2025-01-15,DEPOSIT,2493000.0
T00009766,A0000823,2025-02-19,TRANSFER,1334000.0
T00009767,A0000494,2026-02-11,DEPOSIT,4530000.0
T00009768,A0001606,2025-10-28,DEPOSIT,1970000.0
T00009769,A0000975,2026-04-10,DEPOSIT,955000.0
T00009770,A0001796,2025-01-30,WITHDRAWAL,2084000.0
T00009771,A0000665,2026-03-03,WITHDRAWAL,4496000.0
T00009772,A0001186,2026-08-13,TRANSFER,559000.0
T00009773,A0001622,2025-02-28,WITHDRAWAL,4812000.0
T00009774,A0000044,2025-09-24,WITHDRAWAL,3042000.0
T00009775,A0000171,2025-01-13,WITHDRAWAL,2371000.0
T00009776,A0000327,2026-06-27,TRANSFER,3753000.0
T00009777,A0000889,2025-08-14,WITHDRAWAL,4764000.0
T00009778,A0000578,2026-08-27,WITHDRAWAL,60000.0
T00009779,A0001685,2026-02-25,DEPOSIT,3339000.0
T00009780,A0000321,2025-04-09,WITHDRAWAL,120000.0
T00009781,A0000723,2025-11-24,WITHDRAWAL,4426000.0
T00009782,A0000459,2025-02-22,WITHDRAWAL,3153000.0
T00009783,A0001375,2025-10-19,DEPOSIT,3036000.0
T00009784,A0000593,2026-01-30,TRANSFER,4291000.0
T00009785,A0000020,2026-01-03,DEPOSIT,3339000.0
T00009786,A0000722,2025-03-26,TRANSFER,3848000.0
T00009787,A0001097,2025-10-20,DEPOSIT,3720000.0
T00009788,A0001439,2025-03-15,TRANSFER,3634000.0
T00009789,A0001621,2025-05-01,WITHDRAWAL,1602000.0
T00009790,A0000530,2025-04-12,TRANSFER,2496000.0
T00009791,A0001399,2025-04-26,DEPOSIT,3269000.0
T00009792,A0000463,2025-10-23,WITHDRAWAL,4244000.0
T00009793,A0001453,2025-08-25,WITHDRAWAL,3093000.0
T00009794,A0000333,2025-01-06,WITHDRAWAL,4039000.0
T00009795,A0000244,2026-02-04,TRANSFER,13000.0
T00009796,A0000908,2025-12-04,WITHDRAWAL,4807000.0
T00009797,A0001205,2025-10-05,DEPOSIT,3412000.0
T00009798,A0000956,2025-03-10,TRANSFER,2414000.0
T00009799,A0000631,2025-08-04,DEPOSIT,852000.0
T00009800,A0000347,2026-05-02,DEPOSIT,629000.0
T00009801,A0001078,2025-08-28,WITHDRAWAL,805000.0
T00009802,A0001591,2025-05-22,DEPOSIT,4468000.0
T00009803,A0001553,2025-09-12,WITHDRAWAL,4960000.0
T00009804,A0000048,2026-03-02,WITHDRAWAL,1965000.0
T00009805,A0001686,2026-01-29,TRANSFER,2494000.0
T00009806,A0000134,2026-04-04,DEPOSIT,4324000.0
T00009807,A0001432,2025-03-17,TRANSFER,495000.0
T00009808,A0001064,2026-04-19,TRANSFER,3015000.0
T00009809,A0001519,2025-04-07,WITHDRAWAL,3311000.0
T00009810,A0001753,2025-10-13,WITHDRAWAL,1849000.0
T00009811,A0000214,2026-08-13,WITHDRAWAL,195000.0
T00009812,A0000156,2025-02-17,WITHDRAWAL,377000.0
T00009813,A0000923,2026-03-04,TRANSFER,246000.0
T00009814,A0001482,2026-07-13,WITHDRAWAL,4598000.0
T00009815,A0000936,2025-01-19,TRANSFER,630000.0
T00009816,A0000612,2025-04-28,WITHDRAWAL,3746000.0
T00009817,A0000508,2026-01-16,DEPOSIT,4885000.0
T00009818,A0001695,2025-12-22,WITHDRAWAL,4868000.0
T00009819,A0000724,2025-03-03,WITHDRAWAL,1923000.0
T00009820,A0000053,2025-01-08,DEPOSIT,127000.0
T00009821,A0001516,2025-06-25,WITHDRAWAL,4242000.0
T00009822,A0000623,2025-04-02,DEPOSIT,4196000.0
T00009823,A0000450,2025-01-30,WITHDRAWAL,821000.0
T00009824,A0000987,2025-09-21,DEPOSIT,3632000.0
T00009825,A0000323,2025-10-31,WITHDRAWAL,4304000.0
T00009826,A0001652,2025-10-27,TRANSFER,1604000.0
T00009827,A0000244,2026-04-30,DEPOSIT,2289000.0
T00009828,A0000731,2025-10-06,TRANSFER,4612000.0
T00009829,A0001201,2025-04-18,DEPOSIT,1741000.0
T00009830,A0000931,2025-09-08,TRANSFER,743000.0
T00009831,A0000714,2026-07-13,DEPOSIT,2150000.0
T00009832,A0001450,2026-02-10,WITHDRAWAL,1084000.0
T00009833,A0000094,2025-03-07,TRANSFER,3695000.0
T00009834,A0000163,2025-07-12,DEPOSIT,465000.0
T00009835,A0001599,2026-03-27,TRANSFER,2397000.0
T00009836,A0001702,2026-03-20,DEPOSIT,773000.0
T00009837,A0001016,2026-06-01,TRANSFER,1965000.0
T00009838,A0001682,2025-06-01,TRANSFER,3224000.0
T00009839,A0001374,2025-07-21,TRANSFER,4153000.0
T00009840,A0001084,2025-09-23,WITHDRAWAL,2726000.0
T00009841,A0001172,2026-03-26,DEPOSIT,3580000.0
T00009842,A0001785,2025-08-22,WITHDRAWAL,884000.0
T00009843,A0000154,2025-02-01,TRANSFER,3796000.0
T00009844,A0001479,2025-12-10,TRANSFER,2275000.0
T00009845,A0001301,2025-04-18,WITHDRAWAL,4857000.0
T00009846,A0000682,2025-07-03,WITHDRAWAL,4694000.0
T00009847,A0000577,2026-07-13,TRANSFER,3953000.0
T00009848,A0000011,2025-06-27,DEPOSIT,2432000.0
T00009849,A0001795,2026-08-31,WITHDRAWAL,3357000.0
T00009850,A0000768,2025-07-13,TRANSFER,1221000.0
T00009851,A0000078,2026-03-21,WITHDRAWAL,2870000.0
T00009852,A0001539,2025-01-18,DEPOSIT,718000.0
T00009853,A0001268,2025-08-02,WITHDRAWAL,1244000.0
T00009854,A0001149,2025-10-31,DEPOSIT,3706000.0
T00009855,A0001067,2026-02-18,DEPOSIT,1049000.0
T00009856,A0000425,2026-05-08,TRANSFER,1871000.0
T00009857,A0000857,2026-01-12,TRANSFER,1802000.0
T00009858,A0000756,2026-05-30,TRANSFER,1229000.0
T00009859,A0000240,2026-03-03,DEPOSIT,4818000.0
T00009860,A0000869,2025-02-20,WITHDRAWAL,3949000.0
T00009861,A0000150,2025-07-30,TRANSFER,126000.0
T00009862,A0001664,2026-01-01,WITHDRAWAL,3952000.0
T00009863,A0000315,2025-08-25,DEPOSIT,3064000.0
T00009864,A0000451,2025-10-13,TRANSFER,4802000.0
T00009865,A0000339,2026-04-06,TRANSFER,1308000.0
T00009866,A0001301,2026-03-18,DEPOSIT,4239000.0
T00009867,A0001789,2026-07-23,WITHDRAWAL,2024000.0
T00009868,A0000775,2025-05-15,TRANSFER,478000.0
T00009869,A0001664,2025-10-10,DEPOSIT,4434000.0
T00009870,A0000724,2026-05-21,TRANSFER,4038000.0
T00009871,A0000332,2026-03-31,DEPOSIT,2190000.0
T00009872,A0001210,2025-02-06,TRANSFER,1791000.0
T00009873,A0000714,2025-11-16,TRANSFER,3229000.0
T00009874,A0000950,2025-10-02,TRANSFER,1533000.0
T00009875,A0000140,2026-03-05,TRANSFER,781000.0
T00009876,A0000789,2025-01-27,TRANSFER,4181000.0
T00009877,A0000723,2025-05-22,WITHDRAWAL,3568000.0
T00009878,A0001494,2025-05-19,DEPOSIT,2756000.0
T00009879,A0000140,2025-03-18,DEPOSIT,583000.0
T00009880,A0001726,2025-05-19,TRANSFER,3606000.0
T00009881,A0000559,2025-12-13,DEPOSIT,4260000.0
T00009882,A0000635,2025-09-21,WITHDRAWAL,2937000.0
T00009883,A0001651,2025-10-12,WITHDRAWAL,1770000.0
T00009884,A0000067,2026-08-29,DEPOSIT,2697000.0
T00009885,A0000451,2025-03-22,DEPOSIT,688000.0
T00009886,A0001058,2025-10-19,TRANSFER,1816000.0
T00009887,A0001662,2026-03-21,WITHDRAWAL,1148000.0
T00009888,A0001408,2026-07-14,WITHDRAWAL,2803000.0
T00009889,A0000313,2025-10-08,DEPOSIT,4687000.0
T00009890,A0000165,2026-04-13,TRANSFER,4745000.0
T00009891,A0001127,2026-07-23,TRANSFER,4529000.0
T00009892,A0001542,2025-06-18,WITHDRAWAL,2590000.0
T00009893,A0001561,2025-10-10,WITHDRAWAL,709000.0
T00009894,A0000598,2025-08-10,DEPOSIT,3349000.0
T00009895,A0000247,2026-07-05,TRANSFER,1122000.0
T00009896,A0000149,2026-04-18,WITHDRAWAL,4705000.0
T00009897,A0000216,2025-11-26,WITHDRAWAL,1240000.0
T00009898,A0000782,2025-02-12,DEPOSIT,2073000.0
T00009899,A0001717,2025-02-04,WITHDRAWAL,1977000.0
T00009900,A0000742,2025-11-10,DEPOSIT,3438000.0
T00009901,A0001200,2025-05-08,TRANSFER,3107000.0
T00009902,A0000056,2025-06-17,DEPOSIT,192000.0
T00009903,A0000996,2025-12-08,WITHDRAWAL,700000.0
T00009904,A0000630,2025-05-29,DEPOSIT,182000.0
T00009905,A0000293,2026-06-18,WITHDRAWAL,1673000.0
T00009906,A0000934,2025-11-26,DEPOSIT,2200000.0
T00009907,A0001705,2025-03-27,WITHDRAWAL,2039000.0
T00009908,A0000345,2025-02-24,TRANSFER,2723000.0
T00009909,A0001309,2025-06-08,WITHDRAWAL,2524000.0
T00009910,A0000335,2026-08-04,DEPOSIT,703000.0
T00009911,A0000665,2025-07-05,TRANSFER,99000.0
T00009912,A0000997,2025-05-14,DEPOSIT,3312000.0
T00009913,A0000078,2025-03-31,DEPOSIT,2904000.0
T00009914,A0001369,2026-01-25,WITHDRAWAL,2363000.0
T00009915,A0001632,2026-07-14,TRANSFER,4773000.0
T00009916,A0000711,2025-02-25,TRANSFER,4117000.0
T00009917,A0000923,2025-02-21,TRANSFER,742000.0
T00009918,A0000790,2025-06-27,DEPOSIT,1473000.0
T00009919,A0000027,2026-05-29,DEPOSIT,3151000.0
T00009920,A0001344,2026-04-10,WITHDRAWAL,2054000.0
T00009921,A0001459,2025-01-17,DEPOSIT,2694000.0
T00009922,A0000742,2025-06-26,WITHDRAWAL,2416000.0
T00009923,A0001579,2025-03-03,TRANSFER,2406000.0
T00009924,A0001708,2025-08-23,WITHDRAWAL,3791000.0
T00009925,A0001609,2025-07-09,TRANSFER,447000.0
T00009926,A0000168,2025-01-07,WITHDRAWAL,2023000.0
T00009927,A0000383,2026-08-24,TRANSFER,178000.0
T00009928,A0001018,2025-10-02,TRANSFER,3755000.0
T00009929,A0000332,2025-07-12,TRANSFER,559000.0
T00009930,A0001205,2026-06-16,TRANSFER,3101000.0
T00009931,A0000385,2025-09-08,DEPOSIT,2151000.0
T00009932,A0000850,2026-03-23,DEPOSIT,1721000.0
T00009933,A0001009,2026-03-31,DEPOSIT,781000.0
T00009934,A0000559,2025-02-23,TRANSFER,3993000.0
T00009935,A0000144,2025-02-27,TRANSFER,3335000.0
T00009936,A0001517,2025-08-12,DEPOSIT,1952000.0
T00009937,A0000863,2026-02-21,DEPOSIT,4692000.0
T00009938,A0001258,2025-10-07,WITHDRAWAL,1434000.0
T00009939,A0000903,2025-01-10,DEPOSIT,3305000.0
T00009940,A0001349,2026-03-21,DEPOSIT,639000.0
T00009941,A0001352,2025-05-14,TRANSFER,495000.0
T00009942,A0000332,2025-12-11,WITHDRAWAL,890000.0
T00009943,A0000685,2025-08-26,DEPOSIT,1345000.0
T00009944,A0000100,2025-07-16,DEPOSIT,1761000.0
T00009945,A0001712,2025-03-25,TRANSFER,3903000.0
T00009946,A0000183,2026-03-26,TRANSFER,4649000.0
T00009947,A0000324,2026-01-23,WITHDRAWAL,3759000.0
T00009948,A0000070,2025-04-21,DEPOSIT,4114000.0
T00009949,A0001473,2025-12-15,TRANSFER,943000.0
T00009950,A0000521,2026-01-29,DEPOSIT,4288000.0
T00009951,A0000501,2025-12-22,TRANSFER,3155000.0
T00009952,A0000810,2025-10-16,WITHDRAWAL,3342000.0
T00009953,A0000820,2025-01-10,DEPOSIT,4259000.0
T00009954,A0000228,2026-05-05,DEPOSIT,3083000.0
T00009955,A0001727,2025-06-01,TRANSFER,20000.0
T00009956,A0001416,2025-12-19,DEPOSIT,4390000.0
T00009957,A0000265,2026-05-26,TRANSFER,4327000.0
T00009958,A0000761,2025-01-27,TRANSFER,137000.0
T00009959,A0001165,2026-06-30,WITHDRAWAL,4802000.0
T00009960,A0000544,2025-06-14,WITHDRAWAL,1882000.0
T00009961,A0000351,2025-08-04,DEPOSIT,1177000.0
T00009962,A0001127,2025-04-08,WITHDRAWAL,3728000.0
T00009963,A0001280,2025-04-11,DEPOSIT,1479000.0
T00009964,A0000915,2025-09-18,DEPOSIT,2474000.0
T00009965,A0001046,2026-04-21,TRANSFER,3260000.0
T00009966,A0000752,2025-05-12,TRANSFER,4427000.0
T00009967,A0001656,2026-08-09,DEPOSIT,1216000.0
T00009968,A0000239,2025-07-03,TRANSFER,4089000.0
T00009969,A0000696,2025-12-22,TRANSFER,2492000.0
T00009970,A0000200,2026-05-29,TRANSFER,3259000.0
T00009971,A0001274,2025-08-31,WITHDRAWAL,2503000.0
T00009972,A0000578,2025-12-29,WITHDRAWAL,2531000.0
T00009973,A0001534,2025-04-28,DEPOSIT,1869000.0
T00009974,A0000245,2025-01-29,DEPOSIT,1330000.0
T00009975,A0000864,2026-01-23,DEPOSIT,4483000.0
T00009976,A0000806,2026-03-10,DEPOSIT,1254000.0
T00009977,A0001280,2025-05-12,WITHDRAWAL,4828000.0
T00009978,A0000421,2026-03-12,TRANSFER,2322000.0
T00009979,A0000512,2025-07-16,DEPOSIT,198000.0
T00009980,A0001463,2025-06-11,DEPOSIT,3668000.0
T00009981,A0001764,2026-02-28,DEPOSIT,1678000.0
T00009982,A0001760,2025-02-01,DEPOSIT,886000.0
T00009983,A0000400,2025-03-25,DEPOSIT,2997000.0
T00009984,A0001143,2025-03-04,WITHDRAWAL,4275000.0
T00009985,A0000804,2025-06-19,DEPOSIT,1913000.0
T00009986,A0001209,2026-07-04,TRANSFER,2049000.0
T00009987,A0000093,2025-05-14,TRANSFER,3968000.0
T00009988,A0001430,2025-12-06,DEPOSIT,41000.0
T00009989,A0000354,2025-05-02,TRANSFER,2737000.0
T00009990,A0001167,2025-05-17,WITHDRAWAL,4687000.0
T00009991,A0001216,2025-02-22,WITHDRAWAL,800000.0
T00009992,A0000270,2025-06-05,TRANSFER,1581000.0
T00009993,A0001471,2026-01-20,WITHDRAWAL,1550000.0
T00009994,A0000122,2025-05-14,DEPOSIT,511000.0
T00009995,A0000321,2026-01-10,DEPOSIT,4910000.0
T00009996,A0000831,2026-08-03,DEPOSIT,1987000.0
T00009997,A0000740,2025-10-31,DEPOSIT,4228000.0
T00009998,A0001204,2025-05-09,DEPOSIT,302000.0
T00009999,A0000890,2025-10-12,DEPOSIT,3264000.0
T00010000,A0000627,2026-07-12,TRANSFER,4531000.0
T00010001,A0000736,2025-04-18,TRANSFER,4575000.0
T00010002,A0000697,2025-03-07,TRANSFER,1386000.0
T00010003,A0001554,2025-01-02,WITHDRAWAL,333000.0
T00010004,A0000110,2025-05-06,TRANSFER,1546000.0
T00010005,A0000200,2026-05-01,TRANSFER,1069000.0
T00010006,A0000289,2025-03-01,DEPOSIT,3608000.0
T00010007,A0001101,2025-07-22,DEPOSIT,3623000.0
T00010008,A0000482,2025-04-23,WITHDRAWAL,3882000.0
T00010009,A0001677,2025-09-11,WITHDRAWAL,3345000.0
T00010010,A0000296,2025-07-12,TRANSFER,2122000.0
T00010011,A0001196,2025-11-05,TRANSFER,985000.0
T00010012,A0000438,2025-06-11,WITHDRAWAL,507000.0
T00010013,A0001506,2026-06-07,DEPOSIT,8000.0
T00010014,A0001669,2025-11-12,DEPOSIT,1015000.0
T00010015,A0000356,2025-05-30,WITHDRAWAL,4179000.0
T00010016,A0001365,2025-11-07,WITHDRAWAL,752000.0
T00010017,A0001694,2026-01-20,TRANSFER,44000.0
T00010018,A0000802,2025-02-05,WITHDRAWAL,464000.0
T00010019,A0000719,2026-05-04,WITHDRAWAL,4561000.0
T00010020,A0000139,2025-10-18,WITHDRAWAL,17000.0
T00010021,A0000335,2025-07-04,TRANSFER,3021000.0
T00010022,A0000634,2026-06-12,WITHDRAWAL,3183000.0
T00010023,A0001287,2025-09-23,WITHDRAWAL,2957000.0
T00010024,A0000643,2026-05-17,DEPOSIT,2317000.0
T00010025,A0000756,2026-07-28,WITHDRAWAL,1267000.0
T00010026,A0000405,2026-03-18,WITHDRAWAL,2201000.0
T00010027,A0000204,2026-01-07,DEPOSIT,1244000.0
T00010028,A0000955,2026-07-21,TRANSFER,193000.0
T00010029,A0001267,2026-03-01,DEPOSIT,4887000.0
T00010030,A0000708,2025-04-22,TRANSFER,2341000.0
T00010031,A0001017,2025-07-23,WITHDRAWAL,4685000.0
T00010032,A0001108,2026-07-14,WITHDRAWAL,2221000.0
T00010033,A0001125,2026-02-17,WITHDRAWAL,3696000.0
T00010034,A0000165,2026-01-11,DEPOSIT,836000.0
T00010035,A0000032,2026-08-09,WITHDRAWAL,1730000.0
T00010036,A0000260,2025-11-26,TRANSFER,103000.0
T00010037,A0000672,2026-02-18,WITHDRAWAL,702000.0
T00010038,A0001079,2025-04-24,TRANSFER,4095000.0
T00010039,A0000507,2025-12-16,WITHDRAWAL,624000.0
T00010040,A0000664,2025-01-16,DEPOSIT,608000.0
T00010041,A0000638,2026-07-07,WITHDRAWAL,281000.0
T00010042,A0001527,2025-06-12,DEPOSIT,4105000.0
T00010043,A0000562,2025-11-27,TRANSFER,2809000.0
T00010044,A0001757,2026-05-22,WITHDRAWAL,962000.0
T00010045,A0001143,2025-01-20,WITHDRAWAL,3472000.0
T00010046,A0000247,2026-02-22,DEPOSIT,3608000.0
T00010047,A0001632,2025-08-05,WITHDRAWAL,4818000.0
T00010048,A0000088,2026-05-31,TRANSFER,717000.0
T00010049,A0000278,2026-04-28,DEPOSIT,4903000.0
T00010050,A0000639,2026-06-01,DEPOSIT,4507000.0
T00010051,A0000874,2025-11-15,WITHDRAWAL,49000.0
T00010052,A0000465,2026-01-02,DEPOSIT,1647000.0
T00010053,A0001138,2026-02-12,WITHDRAWAL,1113000.0
T00010054,A0000330,2025-05-22,WITHDRAWAL,815000.0
T00010055,A0000796,2025-03-10,DEPOSIT,785000.0
T00010056,A0001303,2026-08-26,WITHDRAWAL,2144000.0
T00010057,A0000436,2026-08-03,TRANSFER,1569000.0
T00010058,A0000236,2025-09-15,TRANSFER,4433000.0
T00010059,A0000771,2025-02-06,TRANSFER,2168000.0
T00010060,A0001505,2026-01-20,DEPOSIT,966000.0
T00010061,A0000704,2026-07-08,WITHDRAWAL,3441000.0
T00010062,A0001195,2025-07-09,WITHDRAWAL,3858000.0
T00010063,A0001727,2026-06-21,TRANSFER,3441000.0
T00010064,A0000188,2025-02-25,WITHDRAWAL,2330000.0
T00010065,A0001402,2026-06-27,WITHDRAWAL,3115000.0
T00010066,A0000117,2025-05-21,TRANSFER,4726000.0
T00010067,A0001430,2026-02-28,DEPOSIT,1093000.0
T00010068,A0001103,2025-02-16,TRANSFER,1749000.0
T00010069,A0001263,2025-11-17,TRANSFER,3994000.0
T00010070,A0001634,2026-02-06,TRANSFER,4910000.0
T00010071,A0000958,2025-09-13,TRANSFER,2726000.0
T00010072,A0000194,2025-11-26,TRANSFER,4689000.0
T00010073,A0000601,2026-03-12,TRANSFER,2371000.0
T00010074,A0000150,2025-08-11,DEPOSIT,36000.0
T00010075,A0000059,2026-06-22,DEPOSIT,3081000.0
T00010076,A0001372,2025-02-05,WITHDRAWAL,1086000.0
T00010077,A0001375,2025-04-15,DEPOSIT,4029000.0
T00010078,A0001367,2026-07-28,DEPOSIT,4877000.0
T00010079,A0000481,2025-05-05,DEPOSIT,752000.0
T00010080,A0001090,2026-04-27,WITHDRAWAL,787000.0
T00010081,A0001798,2026-01-30,DEPOSIT,1217000.0
T00010082,A0000408,2026-07-07,DEPOSIT,4157000.0
T00010083,A0000579,2025-06-13,DEPOSIT,1940000.0
T00010084,A0000361,2025-05-31,TRANSFER,1702000.0
T00010085,A0000943,2025-09-08,TRANSFER,2043000.0
T00010086,A0001429,2025-08-26,TRANSFER,2873000.0
T00010087,A0001660,2025-04-24,WITHDRAWAL,3595000.0
T00010088,A0000167,2026-03-22,WITHDRAWAL,2284000.0
T00010089,A0001754,2025-11-04,DEPOSIT,17000.0
T00010090,A0001233,2025-05-19,WITHDRAWAL,2782000.0
T00010091,A0001378,2025-11-22,TRANSFER,3145000.0
T00010092,A0000815,2026-01-11,TRANSFER,914000.0
T00010093,A0000554,2026-04-13,WITHDRAWAL,4113000.0
T00010094,A0000187,2026-08-05,TRANSFER,3532000.0
T00010095,A0000475,2026-08-09,TRANSFER,2830000.0
T00010096,A0000883,2025-07-23,DEPOSIT,1852000.0
T00010097,A0000580,2026-04-11,TRANSFER,1891000.0
T00010098,A0000332,2026-03-25,TRANSFER,814000.0
T00010099,A0000382,2025-04-16,WITHDRAWAL,3596000.0
T00010100,A0001626,2026-06-19,DEPOSIT,3415000.0
T00010101,A0000049,2025-08-01,DEPOSIT,2310000.0
T00010102,A0000380,2025-12-03,DEPOSIT,4478000.0
T00010103,A0001719,2026-01-16,WITHDRAWAL,3118000.0
T00010104,A0000322,2025-05-17,TRANSFER,2103000.0
T00010105,A0000610,2025-03-24,TRANSFER,3423000.0
T00010106,A0000230,2025-07-27,WITHDRAWAL,3083000.0
T00010107,A0001564,2026-07-06,TRANSFER,84000.0
T00010108,A0001392,2026-07-15,TRANSFER,3777000.0
T00010109,A0000011,2026-03-10,DEPOSIT,1943000.0
T00010110,A0000797,2025-12-08,WITHDRAWAL,1688000.0
T00010111,A0001309,2025-10-14,TRANSFER,4425000.0
T00010112,A0000303,2025-12-19,TRANSFER,1542000.0
T00010113,A0001744,2026-03-02,WITHDRAWAL,2034000.0
T00010114,A0001720,2025-12-22,TRANSFER,509000.0
T00010115,A0000015,2025-07-19,TRANSFER,3794000.0
T00010116,A0001377,2025-10-19,WITHDRAWAL,1432000.0
T00010117,A0001677,2026-02-09,DEPOSIT,4038000.0
T00010118,A0001613,2026-06-15,TRANSFER,2780000.0
T00010119,A0001486,2025-09-08,DEPOSIT,730000.0
T00010120,A0001473,2025-04-24,DEPOSIT,4966000.0
T00010121,A0000355,2025-06-01,DEPOSIT,1857000.0
T00010122,A0001041,2026-03-31,DEPOSIT,1034000.0
T00010123,A0000962,2025-10-10,TRANSFER,2922000.0
T00010124,A0000746,2026-07-09,WITHDRAWAL,1911000.0
T00010125,A0001374,2025-08-13,DEPOSIT,1634000.0
T00010126,A0000047,2025-07-03,DEPOSIT,216000.0
T00010127,A0000742,2025-08-27,TRANSFER,4485000.0
T00010128,A0001490,2026-06-04,DEPOSIT,3964000.0
T00010129,A0000602,2025-11-29,TRANSFER,4558000.0
T00010130,A0000938,2026-05-14,WITHDRAWAL,3037000.0
T00010131,A0001537,2026-03-07,WITHDRAWAL,1264000.0
T00010132,A0001247,2026-03-06,WITHDRAWAL,1357000.0
T00010133,A0000951,2025-06-30,WITHDRAWAL,56000.0
T00010134,A0000292,2025-03-27,DEPOSIT,2517000.0
T00010135,A0001472,2025-12-20,TRANSFER,2668000.0
T00010136,A0000086,2026-06-09,TRANSFER,3483000.0
T00010137,A0000824,2025-01-07,DEPOSIT,298000.0
T00010138,A0001301,2025-02-10,WITHDRAWAL,1697000.0
T00010139,A0000038,2026-08-31,DEPOSIT,968000.0
T00010140,A0000063,2026-01-28,TRANSFER,3306000.0
T00010141,A0000685,2026-01-09,WITHDRAWAL,1932000.0
T00010142,A0000955,2025-10-08,DEPOSIT,1220000.0
T00010143,A0001390,2025-10-23,TRANSFER,4945000.0
T00010144,A0001280,2025-12-24,WITHDRAWAL,2472000.0
T00010145,A0000860,2025-09-18,DEPOSIT,3746000.0
T00010146,A0000140,2025-03-31,DEPOSIT,984000.0
T00010147,A0000010,2025-11-02,WITHDRAWAL,48000.0
T00010148,A0001037,2025-07-08,TRANSFER,4553000.0
T00010149,A0001481,2025-06-03,DEPOSIT,4177000.0
T00010150,A0000664,2026-07-16,DEPOSIT,334000.0
T00010151,A0000763,2025-01-21,DEPOSIT,3281000.0
T00010152,A0000186,2026-05-23,DEPOSIT,240000.0
T00010153,A0001777,2026-05-20,DEPOSIT,2589000.0
T00010154,A0001404,2025-03-04,WITHDRAWAL,392000.0
T00010155,A0000289,2025-06-20,WITHDRAWAL,1260000.0
T00010156,A0000224,2026-07-01,WITHDRAWAL,4993000.0
T00010157,A0001195,2025-06-26,TRANSFER,1379000.0
T00010158,A0001262,2026-05-08,WITHDRAWAL,3468000.0
T00010159,A0000301,2025-06-19,WITHDRAWAL,4728000.0
T00010160,A0000256,2025-12-10,WITHDRAWAL,171000.0
T00010161,A0000142,2026-01-13,WITHDRAWAL,1759000.0
T00010162,A0000305,2026-04-20,TRANSFER,420000.0
T00010163,A0001687,2026-04-07,TRANSFER,3279000.0
T00010164,A0001082,2026-06-02,WITHDRAWAL,3174000.0
T00010165,A0000769,2026-04-25,WITHDRAWAL,4070000.0
T00010166,A0000763,2025-06-21,WITHDRAWAL,1951000.0
T00010167,A0000907,2026-06-15,WITHDRAWAL,4843000.0
T00010168,A0000963,2025-03-29,DEPOSIT,2269000.0
T00010169,A0000244,2025-04-22,WITHDRAWAL,4816000.0
T00010170,A0001408,2025-04-24,WITHDRAWAL,4462000.0
T00010171,A0000282,2025-07-06,WITHDRAWAL,2383000.0
T00010172,A0001495,2025-08-15,WITHDRAWAL,1324000.0
T00010173,A0000330,2025-06-18,DEPOSIT,3156000.0
T00010174,A0000008,2025-06-16,TRANSFER,4851000.0
T00010175,A0001800,2025-06-08,WITHDRAWAL,990000.0
T00010176,A0000207,2026-04-18,DEPOSIT,625000.0
T00010177,A0001465,2025-09-10,WITHDRAWAL,3706000.0
T00010178,A0000968,2025-05-10,TRANSFER,126000.0
T00010179,A0001742,2026-08-21,DEPOSIT,1330000.0
T00010180,A0000925,2025-05-17,TRANSFER,1124000.0
T00010181,A0000250,2026-07-17,WITHDRAWAL,3660000.0
T00010182,A0001062,2025-05-28,WITHDRAWAL,4813000.0
T00010183,A0001174,2026-08-06,DEPOSIT,166000.0
T00010184,A0000881,2025-12-09,WITHDRAWAL,4529000.0
T00010185,A0000486,2025-05-16,WITHDRAWAL,1981000.0
T00010186,A0001537,2026-05-07,TRANSFER,2271000.0
T00010187,A0001214,2026-08-22,DEPOSIT,3577000.0
T00010188,A0001648,2025-12-16,TRANSFER,1406000.0
T00010189,A0000048,2025-12-26,DEPOSIT,348000.0
T00010190,A0001377,2026-03-28,DEPOSIT,3876000.0
T00010191,A0000561,2026-06-15,TRANSFER,2716000.0
T00010192,A0001777,2025-05-22,TRANSFER,1389000.0
T00010193,A0001521,2025-06-15,WITHDRAWAL,2132000.0
T00010194,A0000114,2026-04-11,TRANSFER,4591000.0
T00010195,A0001152,2026-03-05,WITHDRAWAL,15000.0
T00010196,A0000726,2025-09-05,TRANSFER,1405000.0
T00010197,A0000582,2026-02-11,TRANSFER,3950000.0
T00010198,A0000233,2025-02-26,DEPOSIT,1936000.0
T00010199,A0000165,2025-03-29,DEPOSIT,508000.0
T00010200,A0000154,2025-09-04,WITHDRAWAL,2571000.0
T00010201,A0001485,2026-05-10,WITHDRAWAL,805000.0
T00010202,A0001687,2025-12-19,TRANSFER,2272000.0
T00010203,A0000151,2025-05-23,WITHDRAWAL,1651000.0
T00010204,A0000211,2026-07-11,TRANSFER,2871000.0
T00010205,A0001361,2025-12-28,WITHDRAWAL,1995000.0
T00010206,A0000086,2025-12-30,TRANSFER,22000.0
T00010207,A0000289,2025-01-21,TRANSFER,1489000.0
T00010208,A0000068,2026-06-13,TRANSFER,1469000.0
T00010209,A0001469,2025-04-08,DEPOSIT,59000.0
T00010210,A0001300,2025-06-15,WITHDRAWAL,3929000.0
T00010211,A0001494,2025-06-13,WITHDRAWAL,3701000.0
T00010212,A0001350,2026-06-07,DEPOSIT,2134000.0
T00010213,A0000457,2025-07-19,DEPOSIT,2296000.0
T00010214,A0001029,2025-03-21,DEPOSIT,3740000.0
T00010215,A0000759,2026-08-31,TRANSFER,3068000.0
T00010216,A0001498,2026-06-27,TRANSFER,550000.0
T00010217,A0001642,2026-02-08,TRANSFER,3578000.0
T00010218,A0000613,2026-05-28,WITHDRAWAL,3988000.0
T00010219,A0000164,2025-02-13,TRANSFER,538000.0
T00010220,A0000188,2025-12-28,DEPOSIT,2121000.0
T00010221,A0001748,2025-07-07,WITHDRAWAL,2906000.0
T00010222,A0000583,2025-10-25,WITHDRAWAL,272000.0
T00010223,A0000328,2025-01-01,WITHDRAWAL,2573000.0
T00010224,A0000030,2025-04-08,DEPOSIT,2538000.0
T00010225,A0000055,2026-05-30,WITHDRAWAL,3493000.0
T00010226,A0000921,2026-08-10,WITHDRAWAL,1473000.0
T00010227,A0000416,2025-03-21,TRANSFER,4420000.0
T00010228,A0000701,2025-06-12,DEPOSIT,3989000.0
T00010229,A0000653,2025-10-08,TRANSFER,1729000.0
T00010230,A0001070,2026-03-13,TRANSFER,4656000.0
T00010231,A0001545,2026-03-25,DEPOSIT,3746000.0
T00010232,A0000163,2025-01-20,TRANSFER,2982000.0
T00010233,A0000160,2026-06-19,DEPOSIT,4712000.0
T00010234,A0001762,2025-07-18,TRANSFER,4611000.0
T00010235,A0001113,2025-11-05,WITHDRAWAL,775000.0
T00010236,A0000439,2025-09-24,TRANSFER,1737000.0
T00010237,A0000235,2026-01-07,TRANSFER,4135000.0
T00010238,A0000746,2026-02-02,DEPOSIT,3435000.0
T00010239,A0000238,2026-03-08,WITHDRAWAL,2072000.0
T00010240,A0001352,2025-03-07,TRANSFER,4777000.0
T00010241,A0001646,2026-01-30,WITHDRAWAL,2214000.0
T00010242,A0001368,2026-07-20,TRANSFER,2723000.0
T00010243,A0000594,2026-01-07,WITHDRAWAL,86000.0
T00010244,A0000013,2025-04-26,WITHDRAWAL,2486000.0
T00010245,A0000413,2025-02-04,WITHDRAWAL,3332000.0
T00010246,A0001770,2026-04-05,DEPOSIT,4214000.0
T00010247,A0000867,2026-06-23,DEPOSIT,1789000.0
T00010248,A0001611,2026-02-17,TRANSFER,4429000.0
T00010249,A0001174,2025-01-20,WITHDRAWAL,4141000.0
T00010250,A0000918,2026-05-02,TRANSFER,2233000.0
T00010251,A0000461,2026-04-26,WITHDRAWAL,1168000.0
T00010252,A0001534,2025-02-28,TRANSFER,4345000.0
T00010253,A0001242,2025-11-13,DEPOSIT,3054000.0
T00010254,A0000797,2026-01-07,WITHDRAWAL,3476000.0
T00010255,A0000442,2025-01-22,DEPOSIT,4254000.0
T00010256,A0001231,2026-05-15,TRANSFER,358000.0
T00010257,A0001332,2026-01-27,DEPOSIT,2147000.0
T00010258,A0000588,2025-05-16,TRANSFER,893000.0
T00010259,A0001384,2025-03-28,DEPOSIT,2869000.0
T00010260,A0000871,2026-02-08,TRANSFER,4091000.0
T00010261,A0001321,2025-03-15,WITHDRAWAL,3553000.0
T00010262,A0001552,2026-08-06,DEPOSIT,4887000.0
T00010263,A0001571,2025-07-14,DEPOSIT,1517000.0
T00010264,A0000998,2025-04-25,DEPOSIT,2807000.0
T00010265,A0000132,2025-02-27,WITHDRAWAL,365000.0
T00010266,A0000568,2025-10-20,TRANSFER,84000.0
T00010267,A0001130,2025-06-28,WITHDRAWAL,795000.0
T00010268,A0001573,2025-09-29,WITHDRAWAL,3379000.0
T00010269,A0001371,2025-05-14,TRANSFER,1697000.0
T00010270,A0000581,2026-04-09,DEPOSIT,113000.0
T00010271,A0001681,2026-06-12,TRANSFER,1086000.0
T00010272,A0001796,2026-02-12,WITHDRAWAL,325000.0
T00010273,A0000810,2025-08-17,WITHDRAWAL,4896000.0
T00010274,A0001629,2025-11-27,DEPOSIT,2882000.0
T00010275,A0000189,2026-04-16,TRANSFER,2063000.0
T00010276,A0000329,2026-05-22,DEPOSIT,3596000.0
T00010277,A0001738,2025-01-03,WITHDRAWAL,3757000.0
T00010278,A0000360,2025-05-10,WITHDRAWAL,2908000.0
T00010279,A0000529,2026-02-28,WITHDRAWAL,1962000.0
T00010280,A0000010,2025-11-13,TRANSFER,4899000.0
T00010281,A0000166,2026-06-24,DEPOSIT,1877000.0
T00010282,A0001104,2025-04-01,DEPOSIT,238000.0
T00010283,A0001225,2025-11-02,WITHDRAWAL,3388000.0
T00010284,A0000774,2026-06-05,TRANSFER,3178000.0
T00010285,A0000102,2026-08-11,WITHDRAWAL,310000.0
T00010286,A0001555,2025-11-24,TRANSFER,1770000.0
T00010287,A0001435,2025-01-06,WITHDRAWAL,788000.0
T00010288,A0001666,2026-05-17,TRANSFER,3657000.0
T00010289,A0000258,2026-03-19,WITHDRAWAL,944000.0
T00010290,A0000797,2025-11-29,WITHDRAWAL,1050000.0
T00010291,A0001466,2025-08-11,WITHDRAWAL,1891000.0
T00010292,A0000552,2025-08-09,DEPOSIT,5000.0
T00010293,A0000218,2025-07-22,DEPOSIT,662000.0
T00010294,A0000451,2026-03-12,DEPOSIT,4655000.0
T00010295,A0001684,2025-11-15,DEPOSIT,1162000.0
T00010296,A0000992,2025-05-09,TRANSFER,1117000.0
T00010297,A0001158,2025-08-04,WITHDRAWAL,2655000.0
T00010298,A0000741,2026-04-06,DEPOSIT,1811000.0
T00010299,A0000077,2025-02-05,WITHDRAWAL,4255000.0
T00010300,A0000602,2026-08-02,DEPOSIT,2641000.0
T00010301,A0001412,2025-09-01,TRANSFER,4266000.0
T00010302,A0001219,2026-07-18,TRANSFER,4671000.0
T00010303,A0001266,2025-02-03,TRANSFER,3688000.0
T00010304,A0000412,2025-03-20,TRANSFER,4344000.0
T00010305,A0000514,2026-08-10,WITHDRAWAL,4948000.0
T00010306,A0000196,2026-07-30,TRANSFER,626000.0
T00010307,A0000841,2025-08-24,WITHDRAWAL,1119000.0
T00010308,A0000337,2025-09-10,DEPOSIT,4189000.0
T00010309,A0001657,2025-04-26,TRANSFER,3712000.0
T00010310,A0001300,2026-03-27,WITHDRAWAL,4303000.0
T00010311,A0001738,2026-01-03,TRANSFER,396000.0
T00010312,A0000187,2026-03-21,WITHDRAWAL,874000.0
T00010313,A0001411,2026-05-14,DEPOSIT,3416000.0
T00010314,A0001587,2025-06-05,DEPOSIT,4007000.0
T00010315,A0000770,2025-05-13,WITHDRAWAL,1192000.0
T00010316,A0000644,2025-07-11,DEPOSIT,3973000.0
T00010317,A0000702,2025-02-28,WITHDRAWAL,2809000.0
T00010318,A0001266,2025-04-02,TRANSFER,2171000.0
T00010319,A0000553,2026-06-16,DEPOSIT,3020000.0
T00010320,A0000412,2026-08-22,WITHDRAWAL,2377000.0
T00010321,A0000107,2026-06-06,WITHDRAWAL,4062000.0
T00010322,A0000446,2025-08-12,TRANSFER,1804000.0
T00010323,A0000994,2025-03-04,DEPOSIT,2094000.0
T00010324,A0001524,2026-01-31,DEPOSIT,4452000.0
T00010325,A0000153,2025-02-24,DEPOSIT,1389000.0
T00010326,A0001398,2025-05-11,DEPOSIT,929000.0
T00010327,A0000091,2025-09-03,DEPOSIT,2472000.0
T00010328,A0000792,2025-06-20,WITHDRAWAL,2818000.0
T00010329,A0000503,2026-03-06,DEPOSIT,2471000.0
T00010330,A0001696,2026-05-20,TRANSFER,1299000.0
T00010331,A0001030,2026-07-22,TRANSFER,4315000.0
T00010332,A0000123,2026-03-11,WITHDRAWAL,1297000.0
T00010333,A0000045,2025-04-02,TRANSFER,2694000.0
T00010334,A0000968,2026-02-09,WITHDRAWAL,2358000.0
T00010335,A0001366,2026-01-15,DEPOSIT,2703000.0
T00010336,A0001606,2025-09-08,DEPOSIT,2594000.0
T00010337,A0000033,2025-09-20,DEPOSIT,2814000.0
T00010338,A0001204,2026-05-20,WITHDRAWAL,1730000.0
T00010339,A0000252,2025-02-01,TRANSFER,799000.0
T00010340,A0001445,2025-07-09,TRANSFER,1734000.0
T00010341,A0001575,2025-11-20,DEPOSIT,3349000.0
T00010342,A0001129,2025-08-17,DEPOSIT,578000.0
T00010343,A0000636,2026-08-23,DEPOSIT,3502000.0
T00010344,A0000364,2025-10-22,DEPOSIT,3326000.0
T00010345,A0000604,2025-01-08,DEPOSIT,3475000.0
T00010346,A0000966,2025-02-13,DEPOSIT,3154000.0
T00010347,A0000504,2025-11-23,DEPOSIT,3214000.0
T00010348,A0000625,2026-01-25,DEPOSIT,1922000.0
T00010349,A0000222,2025-01-28,TRANSFER,175000.0
T00010350,A0000688,2026-01-10,WITHDRAWAL,3758000.0
T00010351,A0000199,2026-05-20,TRANSFER,3729000.0
T00010352,A0000569,2025-12-19,WITHDRAWAL,1631000.0
T00010353,A0000747,2025-11-06,DEPOSIT,1791000.0
T00010354,A0001691,2025-12-17,DEPOSIT,3294000.0
T00010355,A0001444,2025-07-04,WITHDRAWAL,3761000.0
T00010356,A0000665,2025-07-08,TRANSFER,715000.0
T00010357,A0000980,2026-07-21,WITHDRAWAL,3530000.0
T00010358,A0001463,2025-09-01,WITHDRAWAL,4670000.0
T00010359,A0001800,2026-05-03,DEPOSIT,1475000.0
T00010360,A0001404,2025-10-08,DEPOSIT,693000.0
T00010361,A0000282,2025-12-09,WITHDRAWAL,47000.0
T00010362,A0000925,2026-01-25,DEPOSIT,3633000.0
T00010363,A0001736,2025-01-26,DEPOSIT,2245000.0
T00010364,A0001388,2025-07-30,WITHDRAWAL,1127000.0
T00010365,A0000161,2025-12-07,TRANSFER,2840000.0
T00010366,A0001475,2025-04-16,DEPOSIT,3943000.0
T00010367,A0001173,2026-07-03,WITHDRAWAL,1281000.0
T00010368,A0001357,2026-01-18,DEPOSIT,2971000.0
T00010369,A0000515,2026-02-27,WITHDRAWAL,4692000.0
T00010370,A0001377,2026-05-05,TRANSFER,2508000.0
T00010371,A0001215,2026-05-23,WITHDRAWAL,2933000.0
T00010372,A0000967,2026-01-13,DEPOSIT,3216000.0
T00010373,A0000745,2026-01-11,DEPOSIT,695000.0
T00010374,A0000240,2026-03-25,TRANSFER,2840000.0
T00010375,A0001088,2026-08-21,DEPOSIT,4914000.0
T00010376,A0001081,2025-07-18,WITHDRAWAL,3464000.0
T00010377,A0001768,2025-02-03,TRANSFER,423000.0
T00010378,A0000477,2025-02-20,WITHDRAWAL,1710000.0
T00010379,A0001352,2025-10-18,WITHDRAWAL,1607000.0
T00010380,A0000016,2026-07-19,DEPOSIT,2583000.0
T00010381,A0001592,2025-03-12,TRANSFER,511000.0
T00010382,A0000516,2025-07-14,TRANSFER,3284000.0
T00010383,A0000371,2025-12-29,TRANSFER,3049000.0
T00010384,A0001070,2025-03-20,TRANSFER,1982000.0
T00010385,A0001373,2026-06-30,TRANSFER,1773000.0
T00010386,A0000124,2026-07-08,TRANSFER,1096000.0
T00010387,A0001764,2025-09-21,WITHDRAWAL,4815000.0
T00010388,A0001632,2025-12-27,DEPOSIT,2869000.0
T00010389,A0000817,2026-06-23,DEPOSIT,312000.0
T00010390,A0000197,2025-01-18,DEPOSIT,4170000.0
T00010391,A0000676,2025-01-25,TRANSFER,3667000.0
T00010392,A0001367,2026-07-12,TRANSFER,717000.0
T00010393,A0000172,2025-09-06,WITHDRAWAL,3229000.0
T00010394,A0001563,2025-06-23,WITHDRAWAL,3821000.0
T00010395,A0001660,2026-04-29,DEPOSIT,4988000.0
T00010396,A0000783,2025-03-31,WITHDRAWAL,873000.0
T00010397,A0001486,2025-10-16,DEPOSIT,4209000.0
T00010398,A0000259,2025-03-05,TRANSFER,3650000.0
T00010399,A0000871,2026-06-09,DEPOSIT,1729000.0
T00010400,A0000838,2025-10-16,DEPOSIT,1968000.0
T00010401,A0001239,2026-08-05,WITHDRAWAL,4577000.0
T00010402,A0000948,2026-01-20,WITHDRAWAL,4444000.0
T00010403,A0000857,2026-03-22,DEPOSIT,2339000.0
T00010404,A0001490,2025-12-23,WITHDRAWAL,3698000.0
T00010405,A0000205,2025-05-16,WITHDRAWAL,4023000.0
T00010406,A0000672,2026-04-10,WITHDRAWAL,888000.0
T00010407,A0001130,2026-02-21,TRANSFER,2805000.0
T00010408,A0000370,2025-07-02,WITHDRAWAL,3291000.0
T00010409,A0001533,2026-05-19,TRANSFER,4080000.0
T00010410,A0000547,2025-01-21,TRANSFER,2011000.0
T00010411,A0000650,2026-04-10,WITHDRAWAL,3257000.0
T00010412,A0001299,2025-02-17,WITHDRAWAL,1581000.0
T00010413,A0001435,2026-01-16,DEPOSIT,1108000.0
T00010414,A0000064,2025-03-28,DEPOSIT,4489000.0
T00010415,A0000899,2025-01-03,DEPOSIT,1803000.0
T00010416,A0001200,2025-06-24,TRANSFER,4179000.0
T00010417,A0001767,2026-07-30,DEPOSIT,4215000.0
T00010418,A0001165,2025-09-19,WITHDRAWAL,4634000.0
T00010419,A0000720,2025-07-15,TRANSFER,307000.0
T00010420,A0001660,2026-08-14,DEPOSIT,2306000.0
T00010421,A0001663,2025-04-19,DEPOSIT,2113000.0
T00010422,A0000296,2025-08-31,TRANSFER,2216000.0
T00010423,A0000407,2026-02-19,WITHDRAWAL,2826000.0
T00010424,A0001554,2026-05-23,WITHDRAWAL,1453000.0
T00010425,A0001116,2025-12-08,WITHDRAWAL,1472000.0
T00010426,A0000217,2026-02-19,TRANSFER,3167000.0
T00010427,A0001143,2026-06-28,WITHDRAWAL,1993000.0
T00010428,A0000402,2025-05-31,WITHDRAWAL,107000.0
T00010429,A0000931,2026-02-06,TRANSFER,2385000.0
T00010430,A0001251,2025-06-13,TRANSFER,411000.0
T00010431,A0001105,2025-11-15,TRANSFER,3053000.0
T00010432,A0000396,2025-05-19,TRANSFER,638000.0
T00010433,A0000609,2026-05-01,WITHDRAWAL,459000.0
T00010434,A0000748,2026-07-03,DEPOSIT,2647000.0
T00010435,A0000666,2025-12-30,DEPOSIT,122000.0
T00010436,A0001462,2026-03-05,WITHDRAWAL,1201000.0
T00010437,A0000682,2025-05-31,DEPOSIT,2518000.0
T00010438,A0001309,2025-09-12,DEPOSIT,901000.0
T00010439,A0000245,2026-07-29,DEPOSIT,2391000.0
T00010440,A0000087,2025-05-06,WITHDRAWAL,240000.0
T00010441,A0001007,2026-02-17,TRANSFER,3132000.0
T00010442,A0000263,2026-03-05,TRANSFER,3388000.0
T00010443,A0000298,2025-10-06,WITHDRAWAL,2248000.0
T00010444,A0000601,2025-11-26,DEPOSIT,4246000.0
T00010445,A0001656,2025-12-07,WITHDRAWAL,1568000.0
T00010446,A0000284,2026-06-17,DEPOSIT,1062000.0
T00010447,A0000775,2026-04-10,DEPOSIT,151000.0
T00010448,A0000188,2025-03-14,DEPOSIT,716000.0
T00010449,A0001283,2025-09-03,TRANSFER,4962000.0
T00010450,A0001113,2025-01-14,WITHDRAWAL,720000.0
T00010451,A0000775,2026-05-25,WITHDRAWAL,1039000.0
T00010452,A0000082,2026-03-10,WITHDRAWAL,4871000.0
T00010453,A0000510,2026-08-28,TRANSFER,2206000.0
T00010454,A0001057,2026-01-14,WITHDRAWAL,4423000.0
T00010455,A0001512,2026-07-22,WITHDRAWAL,2417000.0
T00010456,A0001799,2025-08-23,TRANSFER,4510000.0
T00010457,A0001096,2026-05-29,TRANSFER,1762000.0
T00010458,A0001429,2025-07-02,WITHDRAWAL,4054000.0
T00010459,A0000504,2026-02-12,WITHDRAWAL,3277000.0
T00010460,A0000793,2025-12-06,TRANSFER,2249000.0
T00010461,A0001087,2026-05-16,TRANSFER,4177000.0
T00010462,A0001454,2025-10-27,WITHDRAWAL,3738000.0
T00010463,A0000219,2026-01-21,TRANSFER,3298000.0
T00010464,A0000156,2026-02-23,TRANSFER,16000.0
T00010465,A0000469,2025-09-30,WITHDRAWAL,2537000.0
T00010466,A0001301,2026-08-24,DEPOSIT,590000.0
T00010467,A0000449,2025-04-06,TRANSFER,3000.0
T00010468,A0001061,2026-02-05,DEPOSIT,18000.0
T00010469,A0001098,2025-05-13,TRANSFER,4281000.0
T00010470,A0001591,2025-09-13,DEPOSIT,414000.0
T00010471,A0000255,2025-10-15,TRANSFER,2754000.0
T00010472,A0000730,2026-05-03,WITHDRAWAL,1443000.0
T00010473,A0001371,2026-02-27,WITHDRAWAL,1700000.0
T00010474,A0000877,2025-01-13,TRANSFER,1080000.0
T00010475,A0000885,2025-12-02,DEPOSIT,2784000.0
T00010476,A0000880,2025-01-01,TRANSFER,2062000.0
T00010477,A0000095,2025-09-26,TRANSFER,2356000.0
T00010478,A0001576,2026-01-30,DEPOSIT,3778000.0
T00010479,A0001435,2025-11-08,DEPOSIT,4473000.0
T00010480,A0001730,2026-01-29,TRANSFER,766000.0
T00010481,A0001261,2026-07-17,DEPOSIT,738000.0
T00010482,A0001690,2026-05-02,TRANSFER,2792000.0
T00010483,A0001223,2026-02-17,DEPOSIT,2472000.0
T00010484,A0001211,2025-03-15,DEPOSIT,4917000.0
T00010485,A0000002,2026-03-04,WITHDRAWAL,3122000.0
T00010486,A0001342,2025-09-30,DEPOSIT,3662000.0
T00010487,A0001174,2026-05-07,WITHDRAWAL,3238000.0
T00010488,A0001560,2025-10-24,WITHDRAWAL,205000.0
T00010489,A0001090,2025-01-09,TRANSFER,2877000.0
T00010490,A0001785,2026-04-18,WITHDRAWAL,4701000.0
T00010491,A0001711,2026-03-09,TRANSFER,2723000.0
T00010492,A0001672,2025-09-08,TRANSFER,2609000.0
T00010493,A0000510,2025-01-02,TRANSFER,733000.0
T00010494,A0001550,2026-05-11,DEPOSIT,135000.0
T00010495,A0001201,2025-06-23,TRANSFER,2282000.0
T00010496,A0000480,2025-05-22,TRANSFER,832000.0
T00010497,A0001547,2026-03-02,WITHDRAWAL,4146000.0
T00010498,A0000110,2026-05-18,TRANSFER,1254000.0
T00010499,A0001735,2025-07-02,DEPOSIT,4383000.0
T00010500,A0000786,2025-12-22,WITHDRAWAL,4513000.0
T00010501,A0000342,2026-01-20,WITHDRAWAL,4149000.0
T00010502,A0001193,2025-05-28,DEPOSIT,2251000.0
T00010503,A0001219,2026-02-14,TRANSFER,2539000.0
T00010504,A0000095,2025-12-03,WITHDRAWAL,2598000.0
T00010505,A0001378,2026-05-28,DEPOSIT,477000.0
T00010506,A0000197,2026-07-11,DEPOSIT,266000.0
T00010507,A0000472,2025-07-02,DEPOSIT,2629000.0
T00010508,A0000758,2026-03-15,DEPOSIT,1421000.0
T00010509,A0000316,2025-12-06,DEPOSIT,1301000.0
T00010510,A0001400,2025-08-01,TRANSFER,1364000.0
T00010511,A0000784,2026-07-16,DEPOSIT,1339000.0
T00010512,A0000675,2026-08-08,TRANSFER,600000.0
T00010513,A0001170,2025-09-15,DEPOSIT,3481000.0
T00010514,A0000790,2025-08-15,WITHDRAWAL,1797000.0
T00010515,A0000485,2025-04-05,WITHDRAWAL,262000.0
T00010516,A0000774,2026-02-15,TRANSFER,3316000.0
T00010517,A0000880,2026-05-22,WITHDRAWAL,2415000.0
T00010518,A0001668,2025-08-30,TRANSFER,2512000.0
T00010519,A0000167,2025-08-27,DEPOSIT,653000.0
T00010520,A0001546,2025-09-11,TRANSFER,268000.0
T00010521,A0000886,2026-02-22,DEPOSIT,1386000.0
T00010522,A0001386,2025-01-15,TRANSFER,4548000.0
T00010523,A0001074,2025-06-29,WITHDRAWAL,1758000.0
T00010524,A0000538,2026-07-06,DEPOSIT,873000.0
T00010525,A0001210,2026-03-22,TRANSFER,485000.0
T00010526,A0001523,2025-08-24,WITHDRAWAL,3287000.0
T00010527,A0000337,2026-01-10,WITHDRAWAL,4671000.0
T00010528,A0001557,2025-12-19,WITHDRAWAL,654000.0
T00010529,A0000735,2026-04-06,DEPOSIT,2596000.0
T00010530,A0000807,2025-08-08,DEPOSIT,550000.0
T00010531,A0000007,2025-03-28,WITHDRAWAL,1627000.0
T00010532,A0000008,2025-07-12,WITHDRAWAL,391000.0
T00010533,A0001526,2026-04-13,DEPOSIT,1431000.0
T00010534,A0001722,2025-12-25,DEPOSIT,3089000.0
T00010535,A0000264,2026-04-03,WITHDRAWAL,627000.0
T00010536,A0000942,2026-05-23,DEPOSIT,3121000.0
T00010537,A0000011,2025-05-23,WITHDRAWAL,4244000.0
T00010538,A0001503,2025-02-12,WITHDRAWAL,601000.0
T00010539,A0001326,2026-05-13,TRANSFER,4434000.0
T00010540,A0001665,2026-04-04,WITHDRAWAL,4489000.0
T00010541,A0000257,2025-02-21,DEPOSIT,1179000.0
T00010542,A0000214,2025-02-10,DEPOSIT,2291000.0
T00010543,A0001388,2025-04-22,TRANSFER,2591000.0
T00010544,A0001192,2026-06-17,DEPOSIT,141000.0
T00010545,A0001555,2025-05-12,WITHDRAWAL,558000.0
T00010546,A0001692,2026-08-29,WITHDRAWAL,4126000.0
T00010547,A0000587,2026-02-01,TRANSFER,775000.0
T00010548,A0000713,2026-03-02,WITHDRAWAL,1825000.0
T00010549,A0001668,2026-06-22,DEPOSIT,3785000.0
T00010550,A0001159,2025-08-26,WITHDRAWAL,2885000.0
T00010551,A0001211,2026-06-19,WITHDRAWAL,509000.0
T00010552,A0001432,2025-02-01,DEPOSIT,3681000.0
T00010553,A0000643,2025-02-08,TRANSFER,3500000.0
T00010554,A0000116,2025-02-09,DEPOSIT,132000.0
T00010555,A0000961,2026-05-20,WITHDRAWAL,190000.0
T00010556,A0001165,2026-06-17,TRANSFER,685000.0
T00010557,A0001179,2026-01-21,WITHDRAWAL,3594000.0
T00010558,A0000426,2025-09-18,DEPOSIT,2289000.0
T00010559,A0001605,2025-06-28,WITHDRAWAL,637000.0
T00010560,A0001280,2026-04-18,DEPOSIT,2463000.0
T00010561,A0000030,2025-11-13,WITHDRAWAL,482000.0
T00010562,A0001595,2026-08-10,TRANSFER,3355000.0
T00010563,A0000061,2026-02-02,WITHDRAWAL,790000.0
T00010564,A0000258,2025-06-18,WITHDRAWAL,905000.0
T00010565,A0001746,2025-07-19,DEPOSIT,1390000.0
T00010566,A0001231,2026-06-28,WITHDRAWAL,4871000.0
T00010567,A0000517,2025-12-05,TRANSFER,3184000.0
T00010568,A0000261,2025-07-21,WITHDRAWAL,1441000.0
T00010569,A0001542,2025-06-02,TRANSFER,777000.0
T00010570,A0000089,2026-05-05,DEPOSIT,2121000.0
T00010571,A0001627,2025-04-16,DEPOSIT,2706000.0
T00010572,A0001792,2025-05-19,DEPOSIT,1560000.0
T00010573,A0001184,2026-01-13,DEPOSIT,4015000.0
T00010574,A0001396,2025-04-24,DEPOSIT,217000.0
T00010575,A0000287,2026-04-12,DEPOSIT,3127000.0
T00010576,A0000522,2025-12-25,WITHDRAWAL,4142000.0
T00010577,A0000639,2025-12-02,DEPOSIT,3212000.0
T00010578,A0000236,2025-02-10,DEPOSIT,4824000.0
T00010579,A0000702,2025-10-26,TRANSFER,1444000.0
T00010580,A0000581,2026-04-25,WITHDRAWAL,4489000.0
T00010581,A0001688,2025-01-17,WITHDRAWAL,853000.0
T00010582,A0000613,2025-12-17,TRANSFER,2265000.0
T00010583,A0001180,2025-03-19,DEPOSIT,2159000.0
T00010584,A0000604,2026-03-07,WITHDRAWAL,596000.0
T00010585,A0000023,2025-07-24,DEPOSIT,2203000.0
T00010586,A0001366,2025-08-08,TRANSFER,4927000.0
T00010587,A0001085,2026-03-31,WITHDRAWAL,1247000.0
T00010588,A0000983,2025-08-24,WITHDRAWAL,4121000.0
T00010589,A0000101,2025-04-11,WITHDRAWAL,2262000.0
T00010590,A0000313,2025-02-28,TRANSFER,1148000.0
T00010591,A0001703,2025-05-20,WITHDRAWAL,4054000.0
T00010592,A0000957,2025-03-20,WITHDRAWAL,2803000.0
T00010593,A0001145,2025-02-28,DEPOSIT,3921000.0
T00010594,A0000122,2026-03-03,WITHDRAWAL,3555000.0
T00010595,A0000591,2025-12-24,WITHDRAWAL,1100000.0
T00010596,A0000218,2026-06-14,DEPOSIT,1365000.0
T00010597,A0000765,2025-08-05,WITHDRAWAL,221000.0
T00010598,A0000089,2025-03-06,DEPOSIT,3786000.0
T00010599,A0000077,2025-02-01,TRANSFER,3882000.0
T00010600,A0001656,2026-08-23,TRANSFER,2911000.0
T00010601,A0001240,2026-07-23,WITHDRAWAL,178000.0
T00010602,A0001161,2026-05-11,DEPOSIT,1334000.0
T00010603,A0001232,2026-02-16,TRANSFER,4339000.0
T00010604,A0000755,2026-07-14,WITHDRAWAL,1089000.0
T00010605,A0000719,2026-01-13,DEPOSIT,1177000.0
T00010606,A0001424,2026-08-26,TRANSFER,1084000.0
T00010607,A0000018,2025-09-22,WITHDRAWAL,1332000.0
T00010608,A0000831,2025-07-01,WITHDRAWAL,867000.0
T00010609,A0001775,2025-04-26,DEPOSIT,119000.0
T00010610,A0000132,2025-10-06,DEPOSIT,1464000.0
T00010611,A0000419,2026-03-16,DEPOSIT,3868000.0
T00010612,A0001042,2025-08-01,DEPOSIT,612000.0
T00010613,A0000998,2026-03-18,TRANSFER,244000.0
T00010614,A0000858,2025-03-16,WITHDRAWAL,1726000.0
T00010615,A0000133,2026-07-25,WITHDRAWAL,4013000.0
T00010616,A0001164,2025-01-12,DEPOSIT,646000.0
T00010617,A0000120,2026-06-18,TRANSFER,935000.0
T00010618,A0001069,2026-08-20,DEPOSIT,4105000.0
T00010619,A0000403,2025-07-09,DEPOSIT,3192000.0
T00010620,A0000479,2026-05-16,DEPOSIT,4732000.0
T00010621,A0000772,2025-01-06,WITHDRAWAL,4062000.0
T00010622,A0001304,2026-06-12,WITHDRAWAL,2894000.0
T00010623,A0000244,2025-05-25,DEPOSIT,4758000.0
T00010624,A0000383,2025-07-13,WITHDRAWAL,3143000.0
T00010625,A0001196,2026-03-16,DEPOSIT,3984000.0
T00010626,A0001003,2025-09-05,DEPOSIT,3941000.0
T00010627,A0000794,2025-03-10,TRANSFER,2176000.0
T00010628,A0001662,2025-07-21,DEPOSIT,2005000.0
T00010629,A0000116,2026-08-20,TRANSFER,2239000.0
T00010630,A0001303,2026-01-17,TRANSFER,3275000.0
T00010631,A0000920,2025-07-17,TRANSFER,1423000.0
T00010632,A0000868,2026-08-29,TRANSFER,506000.0
T00010633,A0001262,2026-08-05,WITHDRAWAL,1775000.0
T00010634,A0000410,2025-05-13,WITHDRAWAL,80000.0
T00010635,A0000935,2025-08-30,TRANSFER,774000.0
T00010636,A0000815,2025-01-03,DEPOSIT,4762000.0
T00010637,A0000774,2025-10-27,TRANSFER,4518000.0
T00010638,A0000598,2026-06-04,TRANSFER,4628000.0
T00010639,A0000200,2025-03-13,DEPOSIT,2444000.0
T00010640,A0000235,2025-01-04,WITHDRAWAL,4866000.0
T00010641,A0000342,2025-01-09,TRANSFER,539000.0
T00010642,A0000255,2025-08-14,WITHDRAWAL,3831000.0
T00010643,A0001006,2026-01-29,DEPOSIT,1848000.0
T00010644,A0001719,2025-11-01,WITHDRAWAL,524000.0
T00010645,A0001653,2025-03-21,DEPOSIT,1269000.0
T00010646,A0001088,2026-08-02,DEPOSIT,2580000.0
T00010647,A0000835,2025-03-01,DEPOSIT,2896000.0
T00010648,A0001706,2025-12-03,WITHDRAWAL,913000.0
T00010649,A0000028,2025-06-29,DEPOSIT,1599000.0
T00010650,A0001498,2026-08-02,WITHDRAWAL,4735000.0
T00010651,A0001161,2025-10-21,WITHDRAWAL,1959000.0
T00010652,A0000745,2025-02-25,DEPOSIT,3032000.0
T00010653,A0001383,2025-10-21,DEPOSIT,2381000.0
T00010654,A0000571,2026-04-27,TRANSFER,4855000.0
T00010655,A0000794,2025-10-02,WITHDRAWAL,1308000.0
T00010656,A0000727,2026-04-14,TRANSFER,4170000.0
T00010657,A0001688,2026-02-02,DEPOSIT,2397000.0
T00010658,A0001322,2025-05-01,WITHDRAWAL,1965000.0
T00010659,A0001783,2025-04-13,WITHDRAWAL,4457000.0
T00010660,A0001353,2025-05-20,TRANSFER,4720000.0
T00010661,A0000073,2025-08-08,DEPOSIT,54000.0
T00010662,A0000594,2025-06-08,DEPOSIT,4250000.0
T00010663,A0001108,2025-04-29,DEPOSIT,4128000.0
T00010664,A0001584,2026-08-03,DEPOSIT,875000.0
T00010665,A0000032,2026-08-04,WITHDRAWAL,2319000.0
T00010666,A0000693,2025-03-28,WITHDRAWAL,1626000.0
T00010667,A0001214,2026-07-04,TRANSFER,2093000.0
T00010668,A0001078,2025-04-14,DEPOSIT,83000.0
T00010669,A0001642,2026-02-27,TRANSFER,1315000.0
T00010670,A0000113,2026-08-09,DEPOSIT,868000.0
T00010671,A0000535,2025-10-29,WITHDRAWAL,2254000.0
T00010672,A0001384,2025-06-24,WITHDRAWAL,3913000.0
T00010673,A0001714,2025-02-01,DEPOSIT,1037000.0
T00010674,A0000838,2026-07-31,WITHDRAWAL,4999000.0
T00010675,A0000800,2025-11-14,WITHDRAWAL,191000.0
T00010676,A0001512,2025-11-16,WITHDRAWAL,1830000.0
T00010677,A0001160,2025-12-27,DEPOSIT,119000.0
T00010678,A0000840,2026-07-10,TRANSFER,1029000.0
T00010679,A0001105,2025-03-15,WITHDRAWAL,2704000.0
T00010680,A0000347,2025-05-12,WITHDRAWAL,318000.0
T00010681,A0001003,2026-04-20,WITHDRAWAL,1244000.0
T00010682,A0000226,2025-07-26,TRANSFER,4231000.0
T00010683,A0000391,2025-05-26,TRANSFER,2409000.0
T00010684,A0000738,2026-06-21,DEPOSIT,1656000.0
T00010685,A0001655,2025-11-20,TRANSFER,2908000.0
T00010686,A0001239,2025-09-19,TRANSFER,4654000.0
T00010687,A0001654,2025-06-20,DEPOSIT,166000.0
T00010688,A0000619,2025-06-07,DEPOSIT,1906000.0
T00010689,A0000032,2026-08-31,DEPOSIT,3804000.0
T00010690,A0001004,2025-07-12,TRANSFER,2234000.0
T00010691,A0000247,2025-12-20,DEPOSIT,1997000.0
T00010692,A0000833,2025-12-18,WITHDRAWAL,1304000.0
T00010693,A0000007,2025-09-03,TRANSFER,3906000.0
T00010694,A0001704,2025-08-15,DEPOSIT,3521000.0
T00010695,A0001733,2025-07-16,DEPOSIT,159000.0
T00010696,A0001786,2026-04-23,WITHDRAWAL,697000.0
T00010697,A0000725,2025-04-14,WITHDRAWAL,530000.0
T00010698,A0000771,2025-12-19,TRANSFER,2578000.0
T00010699,A0001537,2025-09-19,TRANSFER,2829000.0
T00010700,A0001733,2026-01-21,DEPOSIT,1958000.0
T00010701,A0001326,2025-08-11,WITHDRAWAL,43000.0
T00010702,A0000100,2026-01-02,WITHDRAWAL,970000.0
T00010703,A0001075,2025-06-05,WITHDRAWAL,4966000.0
T00010704,A0000014,2025-11-14,WITHDRAWAL,1703000.0
T00010705,A0000096,2025-11-07,DEPOSIT,4410000.0
T00010706,A0000348,2025-05-26,TRANSFER,3561000.0
T00010707,A0000778,2026-07-11,WITHDRAWAL,4832000.0
T00010708,A0001635,2025-08-31,TRANSFER,3283000.0
T00010709,A0000365,2026-07-30,TRANSFER,2946000.0
T00010710,A0000654,2025-10-07,DEPOSIT,3061000.0
T00010711,A0001144,2025-12-31,WITHDRAWAL,1653000.0
T00010712,A0000110,2025-06-19,TRANSFER,1386000.0
T00010713,A0000101,2025-08-08,DEPOSIT,43000.0
T00010714,A0001367,2025-05-17,WITHDRAWAL,417000.0
T00010715,A0000769,2025-07-05,TRANSFER,147000.0
T00010716,A0000351,2026-08-01,DEPOSIT,2176000.0
T00010717,A0001729,2025-05-12,WITHDRAWAL,492000.0
T00010718,A0001046,2025-01-06,TRANSFER,1273000.0
T00010719,A0001331,2025-03-09,WITHDRAWAL,758000.0
T00010720,A0000132,2025-11-16,WITHDRAWAL,2845000.0
T00010721,A0000556,2025-01-12,WITHDRAWAL,3082000.0
T00010722,A0000044,2026-06-12,DEPOSIT,4683000.0
T00010723,A0001525,2025-05-19,DEPOSIT,3894000.0
T00010724,A0001330,2025-02-07,WITHDRAWAL,1625000.0
T00010725,A0001295,2025-12-18,DEPOSIT,1189000.0
T00010726,A0000881,2025-03-09,WITHDRAWAL,1248000.0
T00010727,A0000229,2025-08-31,DEPOSIT,1309000.0
T00010728,A0001112,2026-08-22,WITHDRAWAL,3381000.0
T00010729,A0000949,2025-10-04,DEPOSIT,4060000.0
T00010730,A0001116,2025-09-26,TRANSFER,1345000.0
T00010731,A0001721,2026-03-13,WITHDRAWAL,4001000.0
T00010732,A0000994,2025-10-31,DEPOSIT,317000.0
T00010733,A0000726,2026-08-12,TRANSFER,3899000.0
T00010734,A0000013,2026-08-07,TRANSFER,4374000.0
T00010735,A0000999,2026-02-21,DEPOSIT,371000.0
T00010736,A0000173,2025-04-15,WITHDRAWAL,131000.0
T00010737,A0000711,2026-05-17,WITHDRAWAL,3784000.0
T00010738,A0001656,2025-04-06,DEPOSIT,1685000.0
T00010739,A0000663,2026-07-14,DEPOSIT,2740000.0
T00010740,A0001519,2026-03-08,DEPOSIT,2055000.0
T00010741,A0001689,2025-05-04,TRANSFER,951000.0
T00010742,A0000339,2026-08-17,WITHDRAWAL,4551000.0
T00010743,A0001553,2026-06-27,TRANSFER,530000.0
T00010744,A0001745,2026-05-15,DEPOSIT,4221000.0
T00010745,A0000845,2025-07-07,DEPOSIT,3195000.0
T00010746,A0001391,2025-04-04,WITHDRAWAL,1567000.0
T00010747,A0001371,2025-01-20,DEPOSIT,3550000.0
T00010748,A0000581,2025-11-08,DEPOSIT,2194000.0
T00010749,A0001417,2025-11-24,DEPOSIT,182000.0
T00010750,A0000950,2025-01-07,DEPOSIT,2872000.0
T00010751,A0000188,2025-11-04,WITHDRAWAL,2850000.0
T00010752,A0000246,2025-05-19,TRANSFER,3172000.0
T00010753,A0000535,2026-02-25,TRANSFER,2028000.0
T00010754,A0001123,2026-06-04,WITHDRAWAL,1330000.0
T00010755,A0001266,2025-06-07,DEPOSIT,1666000.0
T00010756,A0000723,2026-03-10,WITHDRAWAL,1116000.0
T00010757,A0000539,2025-05-29,DEPOSIT,4264000.0
T00010758,A0001065,2026-08-16,WITHDRAWAL,626000.0
T00010759,A0000775,2025-05-05,TRANSFER,2150000.0
T00010760,A0000850,2026-08-09,DEPOSIT,2792000.0
T00010761,A0000351,2026-08-21,DEPOSIT,919000.0
T00010762,A0000429,2025-01-21,WITHDRAWAL,1756000.0
T00010763,A0001716,2025-06-25,DEPOSIT,3524000.0
T00010764,A0001393,2026-03-13,DEPOSIT,1453000.0
T00010765,A0000167,2026-04-16,DEPOSIT,665000.0
T00010766,A0000080,2025-03-13,WITHDRAWAL,2380000.0
T00010767,A0000210,2025-07-13,TRANSFER,1791000.0
T00010768,A0000439,2025-02-06,WITHDRAWAL,2056000.0
T00010769,A0000978,2025-10-13,TRANSFER,4724000.0
T00010770,A0001513,2025-12-30,TRANSFER,2089000.0
T00010771,A0001411,2025-12-16,DEPOSIT,829000.0
T00010772,A0001049,2026-08-02,TRANSFER,1882000.0
T00010773,A0000317,2026-07-28,TRANSFER,958000.0
T00010774,A0001660,2025-02-11,TRANSFER,3589000.0
T00010775,A0001712,2025-07-09,DEPOSIT,1836000.0
T00010776,A0000572,2025-02-07,TRANSFER,1141000.0
T00010777,A0001744,2025-05-12,TRANSFER,4257000.0
T00010778,A0001053,2025-10-09,TRANSFER,3882000.0
T00010779,A0001302,2026-02-17,WITHDRAWAL,3868000.0
T00010780,A0001519,2025-02-16,WITHDRAWAL,214000.0
T00010781,A0001749,2025-06-22,DEPOSIT,1009000.0
T00010782,A0001022,2025-03-31,DEPOSIT,3663000.0
T00010783,A0000742,2025-08-26,DEPOSIT,3564000.0
T00010784,A0001011,2025-12-02,TRANSFER,3591000.0
T00010785,A0001472,2025-05-03,DEPOSIT,4681000.0
T00010786,A0000799,2026-07-02,DEPOSIT,3648000.0
T00010787,A0001717,2026-07-08,DEPOSIT,2320000.0
T00010788,A0000057,2026-07-08,DEPOSIT,2506000.0
T00010789,A0000021,2025-09-20,DEPOSIT,311000.0
T00010790,A0001518,2025-03-17,WITHDRAWAL,2678000.0
T00010791,A0001405,2025-03-02,WITHDRAWAL,4432000.0
T00010792,A0000437,2026-02-26,WITHDRAWAL,3211000.0
T00010793,A0000756,2025-04-17,WITHDRAWAL,3471000.0
T00010794,A0001229,2026-04-23,TRANSFER,1284000.0
T00010795,A0000032,2025-04-30,WITHDRAWAL,1792000.0
T00010796,A0000899,2026-08-21,WITHDRAWAL,1326000.0
T00010797,A0001287,2025-08-05,WITHDRAWAL,3122000.0
T00010798,A0000206,2025-09-25,WITHDRAWAL,4797000.0
T00010799,A0000395,2025-02-09,DEPOSIT,3534000.0
T00010800,A0001352,2025-10-23,DEPOSIT,3323000.0
T00010801,A0001383,2025-07-28,DEPOSIT,725000.0
T00010802,A0000226,2025-09-21,DEPOSIT,1400000.0
T00010803,A0000093,2025-02-06,DEPOSIT,436000.0
T00010804,A0000933,2025-02-22,TRANSFER,2337000.0
T00010805,A0001302,2025-09-29,TRANSFER,4125000.0
T00010806,A0000639,2026-04-24,TRANSFER,1655000.0
T00010807,A0001351,2025-03-14,DEPOSIT,4583000.0
T00010808,A0000861,2025-12-14,TRANSFER,438000.0
T00010809,A0001079,2025-06-11,TRANSFER,632000.0
T00010810,A0000207,2026-05-17,WITHDRAWAL,2796000.0
T00010811,A0000929,2025-01-03,TRANSFER,4332000.0
T00010812,A0001432,2025-07-22,DEPOSIT,2645000.0
T00010813,A0000474,2026-03-31,TRANSFER,1789000.0
T00010814,A0000606,2026-05-12,WITHDRAWAL,2187000.0
T00010815,A0000259,2026-06-22,TRANSFER,4333000.0
T00010816,A0000904,2025-12-21,TRANSFER,2102000.0
T00010817,A0000351,2025-02-01,DEPOSIT,2238000.0
T00010818,A0001048,2025-06-01,WITHDRAWAL,4966000.0
T00010819,A0000316,2025-10-08,WITHDRAWAL,2749000.0
T00010820,A0000746,2026-03-13,DEPOSIT,4701000.0
T00010821,A0001020,2026-02-25,DEPOSIT,3561000.0
T00010822,A0001774,2026-02-06,TRANSFER,412000.0
T00010823,A0000061,2026-07-04,DEPOSIT,1100000.0
T00010824,A0000735,2026-01-17,TRANSFER,1672000.0
T00010825,A0000166,2026-05-12,TRANSFER,1192000.0
T00010826,A0000756,2025-02-02,DEPOSIT,4935000.0
T00010827,A0001675,2026-01-03,TRANSFER,3746000.0
T00010828,A0000920,2026-02-23,DEPOSIT,805000.0
T00010829,A0000054,2026-02-17,TRANSFER,1163000.0
T00010830,A0001178,2026-07-24,DEPOSIT,1951000.0
T00010831,A0000135,2025-04-23,WITHDRAWAL,894000.0
T00010832,A0000447,2026-01-23,WITHDRAWAL,1597000.0
T00010833,A0000232,2025-09-03,TRANSFER,2063000.0
T00010834,A0000924,2025-01-23,TRANSFER,4097000.0
T00010835,A0001174,2025-02-23,DEPOSIT,3748000.0
T00010836,A0000929,2025-05-25,TRANSFER,3508000.0
T00010837,A0001315,2025-01-17,DEPOSIT,1706000.0
T00010838,A0001352,2025-08-25,DEPOSIT,1895000.0
T00010839,A0001191,2026-06-02,WITHDRAWAL,1878000.0
T00010840,A0001456,2025-04-15,WITHDRAWAL,458000.0
T00010841,A0001314,2026-08-28,DEPOSIT,1136000.0
T00010842,A0000928,2025-02-24,WITHDRAWAL,3408000.0
T00010843,A0000164,2026-03-27,DEPOSIT,4252000.0
T00010844,A0001068,2026-02-05,WITHDRAWAL,1441000.0
T00010845,A0001547,2026-04-13,TRANSFER,447000.0
T00010846,A0000373,2026-06-08,WITHDRAWAL,2414000.0
T00010847,A0000637,2025-07-09,WITHDRAWAL,2796000.0
T00010848,A0001786,2026-05-15,WITHDRAWAL,3758000.0
T00010849,A0001503,2025-01-28,TRANSFER,97000.0
T00010850,A0001173,2025-11-18,WITHDRAWAL,3437000.0
T00010851,A0001050,2025-12-10,TRANSFER,3251000.0
T00010852,A0000487,2026-01-27,TRANSFER,2087000.0
T00010853,A0001548,2026-03-29,TRANSFER,3171000.0
T00010854,A0001526,2025-05-23,WITHDRAWAL,4387000.0
T00010855,A0000574,2026-01-22,TRANSFER,3320000.0
T00010856,A0001188,2025-08-23,WITHDRAWAL,2718000.0
T00010857,A0000227,2025-12-09,TRANSFER,2868000.0
T00010858,A0001044,2026-01-16,WITHDRAWAL,2857000.0
T00010859,A0001276,2025-05-03,WITHDRAWAL,4872000.0
T00010860,A0001392,2025-12-15,WITHDRAWAL,2808000.0
T00010861,A0000370,2025-08-30,DEPOSIT,1587000.0
T00010862,A0001258,2026-01-14,TRANSFER,4760000.0
T00010863,A0000132,2025-03-27,TRANSFER,2170000.0
T00010864,A0000621,2025-07-09,TRANSFER,1818000.0
T00010865,A0001377,2026-06-09,WITHDRAWAL,2405000.0
T00010866,A0001433,2026-08-04,DEPOSIT,3296000.0
T00010867,A0000479,2026-02-24,DEPOSIT,1731000.0
T00010868,A0001702,2026-01-15,DEPOSIT,4936000.0
T00010869,A0000144,2025-04-11,DEPOSIT,932000.0
T00010870,A0001546,2025-12-31,TRANSFER,4750000.0
T00010871,A0000412,2025-01-20,TRANSFER,4740000.0
T00010872,A0000452,2026-01-09,TRANSFER,3609000.0
T00010873,A0000614,2026-06-12,TRANSFER,3608000.0
T00010874,A0001145,2026-08-30,WITHDRAWAL,3400000.0
T00010875,A0001422,2026-03-06,DEPOSIT,3184000.0
T00010876,A0000450,2026-02-27,WITHDRAWAL,1938000.0
T00010877,A0000368,2026-01-31,TRANSFER,24000.0
T00010878,A0000162,2025-08-06,TRANSFER,567000.0
T00010879,A0000475,2025-12-27,TRANSFER,1076000.0
T00010880,A0001627,2025-12-23,WITHDRAWAL,109000.0
T00010881,A0000208,2025-10-23,DEPOSIT,4113000.0
T00010882,A0001523,2026-08-14,TRANSFER,1227000.0
T00010883,A0001360,2025-01-13,TRANSFER,1545000.0
T00010884,A0000468,2025-07-05,DEPOSIT,3444000.0
T00010885,A0000516,2026-04-26,TRANSFER,589000.0
T00010886,A0000380,2025-05-07,WITHDRAWAL,584000.0
T00010887,A0000318,2025-07-17,DEPOSIT,466000.0
T00010888,A0000569,2026-04-09,TRANSFER,3204000.0
T00010889,A0000649,2025-05-11,DEPOSIT,933000.0
T00010890,A0001098,2025-10-02,WITHDRAWAL,3710000.0
T00010891,A0000586,2026-02-07,DEPOSIT,4820000.0
T00010892,A0000408,2026-03-15,DEPOSIT,292000.0
T00010893,A0000879,2026-08-28,WITHDRAWAL,200000.0
T00010894,A0001007,2025-02-28,TRANSFER,4265000.0
T00010895,A0000005,2025-02-09,WITHDRAWAL,3995000.0
T00010896,A0001737,2026-05-04,DEPOSIT,372000.0
T00010897,A0001400,2025-04-14,TRANSFER,628000.0
T00010898,A0000077,2026-06-27,TRANSFER,877000.0
T00010899,A0001346,2026-05-23,WITHDRAWAL,895000.0
T00010900,A0000843,2026-02-27,WITHDRAWAL,2742000.0
T00010901,A0001629,2025-02-13,WITHDRAWAL,4969000.0
T00010902,A0001173,2025-05-06,DEPOSIT,2849000.0
T00010903,A0000080,2025-10-18,WITHDRAWAL,2433000.0
T00010904,A0001091,2025-10-17,TRANSFER,871000.0
T00010905,A0000745,2026-01-05,DEPOSIT,458000.0
T00010906,A0000086,2025-12-15,WITHDRAWAL,530000.0
T00010907,A0001392,2026-06-03,WITHDRAWAL,4748000.0
T00010908,A0000230,2025-05-26,TRANSFER,679000.0
T00010909,A0000029,2025-09-27,DEPOSIT,3085000.0
T00010910,A0000284,2025-08-15,TRANSFER,2485000.0
T00010911,A0001134,2026-03-21,WITHDRAWAL,2821000.0
T00010912,A0001679,2026-05-19,DEPOSIT,4989000.0
T00010913,A0000127,2026-08-30,DEPOSIT,4734000.0
T00010914,A0000780,2025-12-14,DEPOSIT,2737000.0
T00010915,A0000711,2026-02-14,TRANSFER,1707000.0
T00010916,A0000286,2025-05-21,TRANSFER,3433000.0
T00010917,A0001469,2026-05-18,TRANSFER,47000.0
T00010918,A0001273,2026-03-12,TRANSFER,1071000.0
T00010919,A0000016,2025-03-03,WITHDRAWAL,2932000.0
T00010920,A0000651,2025-01-15,TRANSFER,1613000.0
T00010921,A0000120,2026-01-01,WITHDRAWAL,1497000.0
T00010922,A0000337,2025-05-25,DEPOSIT,1577000.0
T00010923,A0001035,2025-10-15,DEPOSIT,4270000.0
T00010924,A0001672,2025-08-07,DEPOSIT,2486000.0
T00010925,A0001127,2025-02-28,TRANSFER,1029000.0
T00010926,A0001532,2025-09-24,WITHDRAWAL,2863000.0
T00010927,A0000856,2025-11-03,TRANSFER,2326000.0
T00010928,A0001313,2025-02-21,TRANSFER,470000.0
T00010929,A0000676,2025-05-07,WITHDRAWAL,4671000.0
T00010930,A0001446,2025-01-12,WITHDRAWAL,369000.0
T00010931,A0000088,2025-06-10,DEPOSIT,3000.0
T00010932,A0000145,2025-03-28,DEPOSIT,2610000.0
T00010933,A0000588,2025-04-15,TRANSFER,4150000.0
T00010934,A0001526,2026-01-08,WITHDRAWAL,2495000.0
T00010935,A0000528,2025-02-26,TRANSFER,4429000.0
T00010936,A0000728,2025-09-03,TRANSFER,919000.0
T00010937,A0000372,2025-05-01,DEPOSIT,387000.0
T00010938,A0001114,2025-05-23,WITHDRAWAL,2817000.0
T00010939,A0000384,2025-08-28,DEPOSIT,2039000.0
T00010940,A0000445,2026-03-17,WITHDRAWAL,765000.0
T00010941,A0001073,2025-08-16,DEPOSIT,4923000.0
T00010942,A0001744,2026-06-20,TRANSFER,3278000.0
T00010943,A0000402,2025-04-19,WITHDRAWAL,4004000.0
T00010944,A0000310,2025-07-05,WITHDRAWAL,4623000.0
T00010945,A0000975,2025-12-30,TRANSFER,2793000.0
T00010946,A0001652,2025-02-05,TRANSFER,3401000.0
T00010947,A0001372,2025-09-29,DEPOSIT,3913000.0
T00010948,A0000440,2026-03-20,WITHDRAWAL,956000.0
T00010949,A0000210,2026-06-24,TRANSFER,2463000.0
T00010950,A0001522,2026-03-24,DEPOSIT,2508000.0
T00010951,A0001329,2025-08-31,TRANSFER,4780000.0
T00010952,A0001678,2026-07-19,TRANSFER,1545000.0
T00010953,A0000690,2025-07-23,WITHDRAWAL,2338000.0
T00010954,A0000939,2025-11-12,WITHDRAWAL,2646000.0
T00010955,A0000942,2025-08-31,WITHDRAWAL,4806000.0
T00010956,A0001396,2025-06-05,DEPOSIT,682000.0
T00010957,A0000508,2025-09-22,WITHDRAWAL,3654000.0
T00010958,A0000188,2025-11-22,TRANSFER,3826000.0
T00010959,A0000558,2025-04-30,WITHDRAWAL,4668000.0
T00010960,A0000446,2026-05-10,DEPOSIT,2043000.0
T00010961,A0001027,2025-05-02,DEPOSIT,319000.0
T00010962,A0000574,2026-04-19,WITHDRAWAL,2614000.0
T00010963,A0000604,2025-06-18,TRANSFER,4946000.0
T00010964,A0000180,2025-05-15,DEPOSIT,4828000.0
T00010965,A0000618,2025-10-24,TRANSFER,1244000.0
T00010966,A0000836,2025-06-11,WITHDRAWAL,4756000.0
T00010967,A0000721,2026-06-01,DEPOSIT,1295000.0
T00010968,A0001533,2025-11-30,DEPOSIT,4328000.0
T00010969,A0000392,2026-07-21,DEPOSIT,2293000.0
T00010970,A0001284,2025-02-11,WITHDRAWAL,1086000.0
T00010971,A0000944,2025-12-13,TRANSFER,1760000.0
T00010972,A0000757,2026-05-15,TRANSFER,3445000.0
T00010973,A0001746,2026-02-06,TRANSFER,461000.0
T00010974,A0000090,2025-11-05,WITHDRAWAL,3516000.0
T00010975,A0000292,2025-04-22,WITHDRAWAL,3693000.0
T00010976,A0001708,2025-06-16,TRANSFER,4889000.0
T00010977,A0001223,2025-06-18,WITHDRAWAL,2945000.0
T00010978,A0000096,2026-02-13,WITHDRAWAL,1709000.0
T00010979,A0000422,2025-01-26,WITHDRAWAL,4154000.0
T00010980,A0000070,2025-07-08,DEPOSIT,117000.0
T00010981,A0001788,2026-01-19,TRANSFER,963000.0
T00010982,A0000276,2026-06-14,WITHDRAWAL,789000.0
T00010983,A0000749,2026-04-09,DEPOSIT,1019000.0
T00010984,A0000525,2026-02-27,WITHDRAWAL,370000.0
T00010985,A0001494,2025-08-30,DEPOSIT,3216000.0
T00010986,A0000547,2025-09-17,WITHDRAWAL,2703000.0
T00010987,A0001520,2026-07-10,TRANSFER,4694000.0
T00010988,A0001553,2026-05-21,TRANSFER,1094000.0
T00010989,A0000081,2025-09-25,WITHDRAWAL,1102000.0
T00010990,A0001102,2025-01-20,DEPOSIT,4566000.0
T00010991,A0000147,2025-09-23,TRANSFER,4233000.0
T00010992,A0001226,2026-02-24,DEPOSIT,3323000.0
T00010993,A0001498,2025-02-27,TRANSFER,1957000.0
T00010994,A0001137,2026-04-14,DEPOSIT,3686000.0
T00010995,A0000136,2026-08-31,DEPOSIT,2705000.0
T00010996,A0000360,2026-02-22,TRANSFER,1076000.0
T00010997,A0000258,2026-05-07,WITHDRAWAL,3188000.0
T00010998,A0000073,2025-10-29,TRANSFER,3788000.0
T00010999,A0000162,2025-03-18,TRANSFER,3091000.0
T00011000,A0000947,2025-07-26,WITHDRAWAL,4856000.0
T00011001,A0001201,2025-04-11,TRANSFER,1846000.0
T00011002,A0001145,2026-07-17,DEPOSIT,4112000.0
T00011003,A0000705,2025-02-06,DEPOSIT,3654000.0
T00011004,A0001464,2025-02-17,TRANSFER,2909000.0
T00011005,A0000685,2025-03-07,DEPOSIT,4144000.0
T00011006,A0000362,2026-01-08,DEPOSIT,1284000.0
T00011007,A0001505,2026-02-17,TRANSFER,277000.0
T00011008,A0001274,2025-03-04,TRANSFER,2974000.0
T00011009,A0000283,2025-08-15,TRANSFER,687000.0
T00011010,A0000463,2025-09-01,DEPOSIT,4117000.0
T00011011,A0000774,2026-06-14,TRANSFER,1803000.0
T00011012,A0000112,2026-06-21,DEPOSIT,3061000.0
T00011013,A0001615,2025-11-09,WITHDRAWAL,3927000.0
T00011014,A0001540,2025-06-01,WITHDRAWAL,3029000.0
T00011015,A0001208,2026-06-21,TRANSFER,4644000.0
T00011016,A0000963,2025-12-21,DEPOSIT,3439000.0
T00011017,A0001175,2025-10-31,WITHDRAWAL,1200000.0
T00011018,A0000694,2025-06-13,DEPOSIT,2021000.0
T00011019,A0001124,2025-06-12,DEPOSIT,4855000.0
T00011020,A0001107,2025-05-06,TRANSFER,1926000.0
T00011021,A0000947,2025-08-23,DEPOSIT,4141000.0
T00011022,A0001155,2025-07-03,DEPOSIT,3552000.0
T00011023,A0001244,2026-08-28,DEPOSIT,4756000.0
T00011024,A0000122,2025-08-04,TRANSFER,402000.0
T00011025,A0000863,2025-08-21,WITHDRAWAL,3440000.0
T00011026,A0000327,2025-09-06,WITHDRAWAL,4088000.0
T00011027,A0001542,2026-05-16,DEPOSIT,1619000.0
T00011028,A0000908,2025-10-28,DEPOSIT,2739000.0
T00011029,A0000230,2026-08-12,TRANSFER,2794000.0
T00011030,A0001372,2026-07-18,TRANSFER,3953000.0
T00011031,A0000891,2026-01-20,TRANSFER,1588000.0
T00011032,A0000875,2026-08-03,DEPOSIT,4923000.0
T00011033,A0001714,2026-06-02,WITHDRAWAL,452000.0
T00011034,A0001773,2026-02-16,WITHDRAWAL,3081000.0
T00011035,A0000900,2026-01-31,DEPOSIT,4764000.0
T00011036,A0001784,2025-01-27,DEPOSIT,635000.0
T00011037,A0000586,2026-07-10,WITHDRAWAL,4115000.0
T00011038,A0001759,2025-01-27,WITHDRAWAL,902000.0
T00011039,A0001780,2025-10-11,TRANSFER,4043000.0
T00011040,A0001529,2025-12-12,TRANSFER,4794000.0
T00011041,A0000988,2025-08-01,TRANSFER,4356000.0
T00011042,A0001191,2025-01-18,TRANSFER,1544000.0
T00011043,A0000872,2025-11-17,WITHDRAWAL,622000.0
T00011044,A0000402,2026-05-04,TRANSFER,4539000.0
T00011045,A0001759,2025-01-04,WITHDRAWAL,198000.0
T00011046,A0001298,2026-05-31,TRANSFER,3076000.0
T00011047,A0001188,2026-04-03,WITHDRAWAL,2561000.0
T00011048,A0000836,2025-11-02,DEPOSIT,3530000.0
T00011049,A0001619,2026-03-02,TRANSFER,1673000.0
T00011050,A0001540,2025-06-16,TRANSFER,2375000.0
T00011051,A0001604,2025-05-02,TRANSFER,1320000.0
T00011052,A0001148,2026-04-08,WITHDRAWAL,1602000.0
T00011053,A0000461,2026-05-31,WITHDRAWAL,847000.0
T00011054,A0000618,2025-08-23,DEPOSIT,4790000.0
T00011055,A0000093,2025-10-05,TRANSFER,2252000.0
T00011056,A0000347,2026-08-28,TRANSFER,3373000.0
T00011057,A0000806,2026-07-07,TRANSFER,3634000.0
T00011058,A0000470,2025-06-17,TRANSFER,692000.0
T00011059,A0000117,2025-09-10,WITHDRAWAL,2506000.0
T00011060,A0000605,2025-08-25,DEPOSIT,3953000.0
T00011061,A0001283,2025-11-27,DEPOSIT,2364000.0
T00011062,A0000503,2026-04-16,WITHDRAWAL,4527000.0
T00011063,A0000420,2026-05-17,TRANSFER,2774000.0
T00011064,A0000634,2026-06-20,TRANSFER,1944000.0
T00011065,A0000916,2026-04-07,WITHDRAWAL,375000.0
T00011066,A0000020,2025-03-15,DEPOSIT,212000.0
T00011067,A0001354,2025-01-22,DEPOSIT,4925000.0
T00011068,A0001787,2025-05-14,TRANSFER,4752000.0
T00011069,A0000515,2026-03-07,TRANSFER,1280000.0
T00011070,A0001254,2025-10-04,DEPOSIT,4160000.0
T00011071,A0000739,2025-07-09,DEPOSIT,3994000.0
T00011072,A0001675,2026-04-01,TRANSFER,4071000.0
T00011073,A0001313,2025-11-11,TRANSFER,4502000.0
T00011074,A0001351,2026-06-20,TRANSFER,3667000.0
T00011075,A0001043,2026-05-14,DEPOSIT,1612000.0
T00011076,A0000295,2026-06-25,DEPOSIT,3079000.0
T00011077,A0001054,2026-04-24,WITHDRAWAL,4040000.0
T00011078,A0000001,2025-02-14,TRANSFER,1906000.0
T00011079,A0001343,2025-05-06,WITHDRAWAL,3934000.0
T00011080,A0000080,2025-05-26,DEPOSIT,4138000.0
T00011081,A0001109,2026-08-17,DEPOSIT,1201000.0
T00011082,A0000251,2026-06-06,WITHDRAWAL,2128000.0
T00011083,A0000330,2025-12-02,DEPOSIT,3954000.0
T00011084,A0000656,2025-10-26,TRANSFER,393000.0
T00011085,A0001445,2025-03-17,TRANSFER,1010000.0
T00011086,A0001608,2026-02-09,WITHDRAWAL,2084000.0
T00011087,A0000407,2025-04-22,DEPOSIT,2765000.0
T00011088,A0000102,2025-12-08,TRANSFER,282000.0
T00011089,A0001139,2025-01-22,TRANSFER,2677000.0
T00011090,A0001670,2025-05-09,TRANSFER,307000.0
T00011091,A0000841,2025-02-12,WITHDRAWAL,873000.0
T00011092,A0000225,2025-04-12,WITHDRAWAL,2176000.0
T00011093,A0000595,2025-08-29,WITHDRAWAL,4822000.0
T00011094,A0001135,2025-07-25,WITHDRAWAL,2392000.0
T00011095,A0001252,2025-03-27,DEPOSIT,4933000.0
T00011096,A0001422,2025-11-23,WITHDRAWAL,1534000.0
T00011097,A0000416,2026-02-26,WITHDRAWAL,1006000.0
T00011098,A0001611,2025-11-20,TRANSFER,2728000.0
T00011099,A0001660,2026-01-15,TRANSFER,4115000.0
T00011100,A0000131,2026-07-18,WITHDRAWAL,3882000.0
T00011101,A0001399,2026-08-16,TRANSFER,3166000.0
T00011102,A0000559,2025-05-05,WITHDRAWAL,4546000.0
T00011103,A0000377,2026-06-11,TRANSFER,2339000.0
T00011104,A0000091,2025-06-16,DEPOSIT,1569000.0
T00011105,A0000344,2026-08-15,DEPOSIT,1514000.0
T00011106,A0000742,2025-10-03,TRANSFER,4404000.0
T00011107,A0000086,2025-01-01,TRANSFER,1732000.0
T00011108,A0000320,2025-02-24,TRANSFER,3384000.0
T00011109,A0000578,2025-12-27,TRANSFER,616000.0
T00011110,A0000616,2026-03-28,DEPOSIT,426000.0
T00011111,A0001168,2025-11-14,WITHDRAWAL,4868000.0
T00011112,A0000347,2025-06-24,TRANSFER,1134000.0
T00011113,A0001442,2026-01-29,WITHDRAWAL,851000.0
T00011114,A0001558,2026-05-11,DEPOSIT,234000.0
T00011115,A0000212,2025-07-01,WITHDRAWAL,2951000.0
T00011116,A0000249,2026-03-30,DEPOSIT,3681000.0
T00011117,A0000107,2025-11-11,WITHDRAWAL,2913000.0
T00011118,A0001074,2026-05-30,WITHDRAWAL,4035000.0
T00011119,A0001495,2025-09-27,DEPOSIT,2897000.0
T00011120,A0000520,2025-10-22,WITHDRAWAL,2817000.0
T00011121,A0001462,2026-05-30,DEPOSIT,4787000.0
T00011122,A0000902,2026-07-01,WITHDRAWAL,3908000.0
T00011123,A0001699,2025-03-05,WITHDRAWAL,2003000.0
T00011124,A0001561,2025-09-24,WITHDRAWAL,2838000.0
T00011125,A0001642,2026-05-24,WITHDRAWAL,847000.0
T00011126,A0001256,2025-06-08,DEPOSIT,48000.0
T00011127,A0000670,2025-04-05,DEPOSIT,742000.0
T00011128,A0000430,2026-08-28,DEPOSIT,4647000.0
T00011129,A0000484,2026-04-28,DEPOSIT,4773000.0
T00011130,A0001601,2026-07-27,WITHDRAWAL,166000.0
T00011131,A0000263,2026-01-18,DEPOSIT,474000.0
T00011132,A0001086,2025-02-06,TRANSFER,3159000.0
T00011133,A0001001,2025-10-22,TRANSFER,4955000.0
T00011134,A0000064,2026-06-09,WITHDRAWAL,547000.0
T00011135,A0001453,2025-02-26,TRANSFER,1287000.0
T00011136,A0001090,2025-04-12,WITHDRAWAL,830000.0
T00011137,A0000969,2026-06-04,DEPOSIT,4773000.0
T00011138,A0001255,2025-06-15,TRANSFER,2906000.0
T00011139,A0001044,2026-05-31,DEPOSIT,3778000.0
T00011140,A0000174,2026-02-08,WITHDRAWAL,2962000.0
T00011141,A0000443,2026-08-24,WITHDRAWAL,2298000.0
T00011142,A0001002,2025-10-14,DEPOSIT,2896000.0
T00011143,A0000315,2025-08-04,TRANSFER,3766000.0
T00011144,A0001654,2026-03-07,DEPOSIT,3054000.0
T00011145,A0000133,2025-01-28,TRANSFER,3890000.0
T00011146,A0001596,2025-10-18,DEPOSIT,1541000.0
T00011147,A0001253,2025-05-16,WITHDRAWAL,120000.0
T00011148,A0001534,2025-12-16,TRANSFER,784000.0
T00011149,A0000636,2025-09-07,DEPOSIT,1526000.0
T00011150,A0000927,2026-04-06,WITHDRAWAL,4918000.0
T00011151,A0001022,2025-03-14,WITHDRAWAL,233000.0
T00011152,A0001679,2025-12-31,TRANSFER,1786000.0
T00011153,A0001778,2025-01-12,DEPOSIT,2714000.0
T00011154,A0000862,2026-04-02,WITHDRAWAL,1791000.0
T00011155,A0000269,2025-03-29,DEPOSIT,385000.0
T00011156,A0001407,2025-06-30,WITHDRAWAL,4032000.0
T00011157,A0000663,2025-12-06,DEPOSIT,4595000.0
T00011158,A0001044,2026-06-09,TRANSFER,2977000.0
T00011159,A0000100,2026-03-23,DEPOSIT,1346000.0
T00011160,A0001161,2025-05-09,DEPOSIT,1276000.0
T00011161,A0001320,2026-03-12,TRANSFER,951000.0
T00011162,A0000354,2025-03-25,WITHDRAWAL,525000.0
T00011163,A0001717,2026-07-21,WITHDRAWAL,2042000.0
T00011164,A0001789,2025-09-21,DEPOSIT,2073000.0
T00011165,A0001047,2026-02-07,TRANSFER,3048000.0
T00011166,A0000697,2025-01-27,DEPOSIT,291000.0
T00011167,A0001185,2025-09-15,DEPOSIT,1829000.0
T00011168,A0000262,2026-05-25,WITHDRAWAL,770000.0
T00011169,A0001235,2025-07-25,WITHDRAWAL,514000.0
T00011170,A0000795,2025-01-09,TRANSFER,2461000.0
T00011171,A0000659,2026-02-04,TRANSFER,4104000.0
T00011172,A0000778,2025-03-25,TRANSFER,1373000.0
T00011173,A0001553,2026-02-21,WITHDRAWAL,1325000.0
T00011174,A0001705,2026-02-15,TRANSFER,1238000.0
T00011175,A0001363,2025-05-10,DEPOSIT,2566000.0
T00011176,A0000323,2025-01-23,WITHDRAWAL,580000.0
T00011177,A0001666,2025-02-08,TRANSFER,2945000.0
T00011178,A0001277,2025-12-19,DEPOSIT,446000.0
T00011179,A0000015,2025-04-15,TRANSFER,3028000.0
T00011180,A0001206,2025-11-14,WITHDRAWAL,3129000.0
T00011181,A0001502,2025-07-06,WITHDRAWAL,249000.0
T00011182,A0000525,2025-05-08,TRANSFER,2519000.0
T00011183,A0001270,2025-06-27,DEPOSIT,3863000.0
T00011184,A0000258,2026-03-13,WITHDRAWAL,2420000.0
T00011185,A0001741,2025-10-25,DEPOSIT,228000.0
T00011186,A0000317,2025-07-07,DEPOSIT,2967000.0
T00011187,A0001475,2026-08-06,WITHDRAWAL,713000.0
T00011188,A0000807,2026-05-10,TRANSFER,543000.0
T00011189,A0000629,2026-01-20,TRANSFER,109000.0
T00011190,A0000624,2025-10-03,DEPOSIT,2774000.0
T00011191,A0000182,2025-05-09,WITHDRAWAL,2886000.0
T00011192,A0000487,2025-04-26,WITHDRAWAL,2674000.0
T00011193,A0000401,2025-11-02,WITHDRAWAL,1543000.0
T00011194,A0000710,2025-10-16,DEPOSIT,1035000.0
T00011195,A0000521,2025-05-19,DEPOSIT,2279000.0
T00011196,A0001096,2025-07-16,TRANSFER,2012000.0
T00011197,A0000246,2026-06-03,DEPOSIT,4427000.0
T00011198,A0001380,2026-06-09,TRANSFER,2828000.0
T00011199,A0000576,2025-07-24,TRANSFER,1355000.0
T00011200,A0000955,2025-07-31,WITHDRAWAL,4285000.0
T00011201,A0000710,2026-03-10,WITHDRAWAL,488000.0
T00011202,A0000396,2025-07-21,DEPOSIT,4558000.0
T00011203,A0000772,2025-07-02,DEPOSIT,2489000.0
T00011204,A0000421,2026-01-25,TRANSFER,3255000.0
T00011205,A0001391,2025-03-08,TRANSFER,3232000.0
T00011206,A0001427,2026-06-30,TRANSFER,2243000.0
T00011207,A0000124,2026-08-24,DEPOSIT,2527000.0
T00011208,A0000156,2026-02-14,DEPOSIT,4841000.0
T00011209,A0001172,2026-04-04,WITHDRAWAL,877000.0
T00011210,A0000186,2026-04-23,DEPOSIT,3583000.0
T00011211,A0000660,2025-12-30,TRANSFER,1019000.0
T00011212,A0001637,2026-04-18,TRANSFER,2882000.0
T00011213,A0001692,2025-07-01,DEPOSIT,2019000.0
T00011214,A0000643,2025-06-18,WITHDRAWAL,1238000.0
T00011215,A0000928,2025-12-01,WITHDRAWAL,3959000.0
T00011216,A0000504,2025-08-18,TRANSFER,710000.0
T00011217,A0000476,2026-02-16,TRANSFER,4825000.0
T00011218,A0000255,2025-08-28,WITHDRAWAL,4047000.0
T00011219,A0000643,2026-02-23,WITHDRAWAL,3264000.0
T00011220,A0001211,2026-01-07,TRANSFER,2767000.0
T00011221,A0000094,2026-07-27,DEPOSIT,2143000.0
T00011222,A0000132,2026-04-13,DEPOSIT,3025000.0
T00011223,A0000904,2026-01-17,DEPOSIT,3025000.0
T00011224,A0001663,2025-01-11,TRANSFER,4684000.0
T00011225,A0001680,2025-11-01,TRANSFER,194000.0
T00011226,A0000779,2025-02-09,DEPOSIT,3318000.0
T00011227,A0000556,2025-06-17,DEPOSIT,4063000.0
T00011228,A0000837,2025-07-20,TRANSFER,1863000.0
T00011229,A0000933,2026-08-29,WITHDRAWAL,999000.0
T00011230,A0001785,2025-05-02,DEPOSIT,2569000.0
T00011231,A0001398,2026-02-07,WITHDRAWAL,2555000.0
T00011232,A0000538,2025-04-03,TRANSFER,3430000.0
T00011233,A0000271,2025-10-22,TRANSFER,4309000.0
T00011234,A0001660,2025-11-21,WITHDRAWAL,413000.0
T00011235,A0000279,2025-12-02,TRANSFER,4265000.0
T00011236,A0001177,2026-04-18,TRANSFER,4737000.0
T00011237,A0000894,2025-01-13,TRANSFER,2899000.0
T00011238,A0001121,2026-04-20,WITHDRAWAL,3131000.0
T00011239,A0001293,2026-08-20,WITHDRAWAL,4093000.0
T00011240,A0001742,2025-09-23,DEPOSIT,2539000.0
T00011241,A0000072,2026-03-20,DEPOSIT,1532000.0
T00011242,A0000332,2025-05-22,DEPOSIT,4320000.0
T00011243,A0000795,2025-05-04,TRANSFER,2538000.0
T00011244,A0001017,2026-07-24,DEPOSIT,3311000.0
T00011245,A0000564,2025-03-02,WITHDRAWAL,2010000.0
T00011246,A0001671,2026-02-02,TRANSFER,2342000.0
T00011247,A0000658,2025-08-28,DEPOSIT,4697000.0
T00011248,A0001717,2026-05-06,WITHDRAWAL,56000.0
T00011249,A0000572,2026-01-25,DEPOSIT,1960000.0
T00011250,A0000253,2025-02-05,WITHDRAWAL,757000.0
T00011251,A0001034,2026-07-20,TRANSFER,1607000.0
T00011252,A0001667,2025-10-24,DEPOSIT,3786000.0
T00011253,A0000059,2025-02-07,DEPOSIT,4895000.0
T00011254,A0000319,2026-06-04,DEPOSIT,3269000.0
T00011255,A0001100,2025-08-28,DEPOSIT,324000.0
T00011256,A0000974,2025-10-01,DEPOSIT,2118000.0
T00011257,A0000778,2026-04-10,WITHDRAWAL,3092000.0
T00011258,A0001506,2025-07-24,TRANSFER,3208000.0
T00011259,A0001521,2025-09-22,WITHDRAWAL,2185000.0
T00011260,A0001283,2026-01-14,WITHDRAWAL,3875000.0
T00011261,A0001291,2026-05-12,WITHDRAWAL,4853000.0
T00011262,A0000685,2026-08-26,WITHDRAWAL,1497000.0
T00011263,A0000660,2025-07-17,DEPOSIT,407000.0
T00011264,A0000588,2026-02-10,DEPOSIT,1444000.0
T00011265,A0000330,2026-02-09,WITHDRAWAL,3087000.0
T00011266,A0001610,2025-01-19,TRANSFER,1658000.0
T00011267,A0000872,2025-04-23,DEPOSIT,178000.0
T00011268,A0001452,2025-12-16,TRANSFER,3111000.0
T00011269,A0000888,2025-01-22,DEPOSIT,3907000.0
T00011270,A0000055,2025-08-18,DEPOSIT,1805000.0
T00011271,A0000231,2025-12-19,WITHDRAWAL,4781000.0
T00011272,A0001434,2025-06-20,TRANSFER,3683000.0
T00011273,A0001659,2025-08-18,TRANSFER,3768000.0
T00011274,A0001192,2025-09-23,WITHDRAWAL,431000.0
T00011275,A0001099,2025-01-27,WITHDRAWAL,4053000.0
T00011276,A0000719,2025-02-11,DEPOSIT,1508000.0
T00011277,A0000784,2026-06-10,WITHDRAWAL,1603000.0
T00011278,A0001643,2025-03-03,TRANSFER,2706000.0
T00011279,A0000089,2025-08-10,TRANSFER,1712000.0
T00011280,A0000222,2026-05-01,WITHDRAWAL,640000.0
T00011281,A0000199,2025-06-17,DEPOSIT,3818000.0
T00011282,A0001154,2025-06-15,WITHDRAWAL,3923000.0
T00011283,A0000792,2025-01-10,TRANSFER,2935000.0
T00011284,A0000694,2025-11-06,DEPOSIT,1950000.0
T00011285,A0001430,2026-07-18,WITHDRAWAL,997000.0
T00011286,A0001133,2025-01-24,TRANSFER,1156000.0
T00011287,A0001032,2025-07-31,TRANSFER,1483000.0
T00011288,A0001620,2026-08-27,TRANSFER,3648000.0
T00011289,A0001531,2025-10-03,TRANSFER,4524000.0
T00011290,A0001482,2026-06-17,WITHDRAWAL,4662000.0
T00011291,A0000831,2025-02-22,WITHDRAWAL,149000.0
T00011292,A0001799,2026-01-31,WITHDRAWAL,2859000.0
T00011293,A0001277,2025-07-06,WITHDRAWAL,345000.0
T00011294,A0001201,2025-10-31,TRANSFER,2689000.0
T00011295,A0000527,2025-11-16,WITHDRAWAL,3872000.0
T00011296,A0001571,2025-06-23,TRANSFER,3958000.0
T00011297,A0001364,2026-05-04,TRANSFER,558000.0
T00011298,A0000455,2026-03-31,DEPOSIT,2350000.0
T00011299,A0001158,2026-03-29,TRANSFER,4438000.0
T00011300,A0000729,2025-11-12,DEPOSIT,3360000.0
T00011301,A0001284,2025-02-22,DEPOSIT,4847000.0
T00011302,A0001704,2025-07-08,TRANSFER,1487000.0
T00011303,A0000981,2026-05-30,DEPOSIT,3706000.0
T00011304,A0000715,2025-08-14,TRANSFER,2934000.0
T00011305,A0001696,2025-10-11,TRANSFER,198000.0
T00011306,A0000661,2025-08-06,TRANSFER,339000.0
T00011307,A0000627,2025-03-13,TRANSFER,673000.0
T00011308,A0000654,2025-01-16,DEPOSIT,1877000.0
T00011309,A0000969,2025-07-01,DEPOSIT,309000.0
T00011310,A0000869,2025-03-06,WITHDRAWAL,3106000.0
T00011311,A0001227,2026-04-03,WITHDRAWAL,579000.0
T00011312,A0000104,2025-11-23,DEPOSIT,4928000.0
T00011313,A0000134,2025-06-24,WITHDRAWAL,3878000.0
T00011314,A0001309,2026-07-02,DEPOSIT,357000.0
T00011315,A0000173,2025-04-18,DEPOSIT,165000.0
T00011316,A0000528,2025-12-20,TRANSFER,888000.0
T00011317,A0001342,2026-02-26,DEPOSIT,1794000.0
T00011318,A0001177,2025-01-22,TRANSFER,488000.0
T00011319,A0000309,2025-09-23,WITHDRAWAL,2657000.0
T00011320,A0000310,2025-04-04,TRANSFER,2064000.0
T00011321,A0000936,2026-07-06,TRANSFER,3843000.0
T00011322,A0000526,2025-02-02,DEPOSIT,2826000.0
T00011323,A0001005,2025-07-05,DEPOSIT,3587000.0
T00011324,A0000902,2025-04-14,DEPOSIT,3101000.0
T00011325,A0001475,2025-01-20,DEPOSIT,301000.0
T00011326,A0000426,2025-04-06,TRANSFER,2150000.0
T00011327,A0001439,2026-05-17,WITHDRAWAL,2535000.0
T00011328,A0001665,2025-06-11,DEPOSIT,3612000.0
T00011329,A0000144,2025-09-01,DEPOSIT,4590000.0
T00011330,A0001121,2025-09-19,WITHDRAWAL,1771000.0
T00011331,A0000906,2025-04-06,WITHDRAWAL,242000.0
T00011332,A0000320,2026-06-23,TRANSFER,2546000.0
T00011333,A0000904,2025-08-30,TRANSFER,488000.0
T00011334,A0001528,2025-03-07,WITHDRAWAL,230000.0
T00011335,A0000680,2025-09-15,TRANSFER,2874000.0
T00011336,A0001561,2025-11-19,WITHDRAWAL,19000.0
T00011337,A0000207,2025-06-20,TRANSFER,2331000.0
T00011338,A0000420,2025-01-18,WITHDRAWAL,623000.0
T00011339,A0001187,2025-01-30,TRANSFER,4311000.0
T00011340,A0001659,2026-06-03,DEPOSIT,1484000.0
T00011341,A0000609,2025-09-14,DEPOSIT,252000.0
T00011342,A0000627,2025-05-28,DEPOSIT,2599000.0
T00011343,A0000923,2025-10-07,TRANSFER,3178000.0
T00011344,A0001775,2026-04-09,DEPOSIT,1485000.0
T00011345,A0000373,2025-04-30,DEPOSIT,3354000.0
T00011346,A0001132,2026-04-10,WITHDRAWAL,1414000.0
T00011347,A0000072,2025-07-30,WITHDRAWAL,1037000.0
T00011348,A0001559,2025-10-19,TRANSFER,2752000.0
T00011349,A0000111,2025-11-06,WITHDRAWAL,2140000.0
T00011350,A0000484,2025-06-08,DEPOSIT,3674000.0
T00011351,A0001320,2026-08-21,DEPOSIT,4959000.0
T00011352,A0001440,2026-06-19,WITHDRAWAL,1407000.0
T00011353,A0000819,2025-06-22,DEPOSIT,2188000.0
T00011354,A0000617,2025-11-10,TRANSFER,4822000.0
T00011355,A0000414,2025-02-05,TRANSFER,4692000.0
T00011356,A0000122,2026-06-24,DEPOSIT,4019000.0
T00011357,A0000951,2026-03-26,WITHDRAWAL,779000.0
T00011358,A0001429,2025-10-19,TRANSFER,996000.0
T00011359,A0001644,2025-12-29,TRANSFER,1823000.0
T00011360,A0000815,2025-10-30,TRANSFER,770000.0
T00011361,A0000567,2025-06-17,WITHDRAWAL,545000.0
T00011362,A0000323,2026-06-04,WITHDRAWAL,2933000.0
T00011363,A0001039,2026-07-06,DEPOSIT,2968000.0
T00011364,A0001009,2026-05-22,DEPOSIT,2964000.0
T00011365,A0001201,2026-03-22,DEPOSIT,1479000.0
T00011366,A0001326,2025-04-30,WITHDRAWAL,3882000.0
T00011367,A0000524,2025-11-22,TRANSFER,293000.0
T00011368,A0000535,2025-03-26,WITHDRAWAL,2724000.0
T00011369,A0000826,2025-11-13,DEPOSIT,1856000.0
T00011370,A0001429,2025-03-23,DEPOSIT,493000.0
T00011371,A0000021,2025-12-20,TRANSFER,2044000.0
T00011372,A0001175,2026-05-31,DEPOSIT,4790000.0
T00011373,A0000454,2025-01-18,DEPOSIT,4144000.0
T00011374,A0001477,2025-11-23,DEPOSIT,3330000.0
T00011375,A0001271,2026-07-04,TRANSFER,4335000.0
T00011376,A0001623,2025-02-26,TRANSFER,296000.0
T00011377,A0000910,2026-01-31,TRANSFER,2663000.0
T00011378,A0000280,2025-01-15,WITHDRAWAL,1422000.0
T00011379,A0000391,2025-07-04,WITHDRAWAL,4595000.0
T00011380,A0001329,2026-01-21,WITHDRAWAL,3082000.0
T00011381,A0000169,2026-03-09,TRANSFER,2743000.0
T00011382,A0000626,2026-03-27,WITHDRAWAL,2758000.0
T00011383,A0000651,2025-10-05,TRANSFER,441000.0
T00011384,A0001676,2026-06-13,DEPOSIT,1180000.0
T00011385,A0001725,2026-01-02,TRANSFER,1626000.0
T00011386,A0000778,2026-01-23,DEPOSIT,3290000.0
T00011387,A0001309,2025-01-14,TRANSFER,4902000.0
T00011388,A0000051,2025-04-30,DEPOSIT,4938000.0
T00011389,A0001412,2025-08-10,TRANSFER,2611000.0
T00011390,A0000649,2025-06-20,DEPOSIT,4850000.0
T00011391,A0000468,2025-04-28,DEPOSIT,655000.0
T00011392,A0001133,2025-07-22,DEPOSIT,2527000.0
T00011393,A0000712,2025-04-29,TRANSFER,1439000.0
T00011394,A0000403,2025-12-09,TRANSFER,406000.0
T00011395,A0001775,2025-09-25,TRANSFER,2303000.0
T00011396,A0000011,2026-02-12,WITHDRAWAL,690000.0
T00011397,A0001459,2025-03-24,DEPOSIT,928000.0
T00011398,A0000257,2026-06-16,DEPOSIT,3411000.0
T00011399,A0001618,2026-03-07,DEPOSIT,4359000.0
T00011400,A0000527,2026-06-30,TRANSFER,4823000.0
T00011401,A0001168,2025-12-31,TRANSFER,3552000.0
T00011402,A0000868,2026-06-27,DEPOSIT,2720000.0
T00011403,A0001573,2025-04-02,WITHDRAWAL,2658000.0
T00011404,A0001219,2025-08-15,TRANSFER,4579000.0
T00011405,A0000129,2026-08-18,WITHDRAWAL,1140000.0
T00011406,A0001269,2025-04-22,DEPOSIT,1077000.0
T00011407,A0000805,2025-09-27,WITHDRAWAL,4156000.0
T00011408,A0000612,2026-08-03,WITHDRAWAL,2166000.0
T00011409,A0000548,2026-02-27,WITHDRAWAL,3180000.0
T00011410,A0000662,2026-07-12,DEPOSIT,3667000.0
T00011411,A0000190,2026-01-14,TRANSFER,315000.0
T00011412,A0000178,2025-02-05,WITHDRAWAL,4774000.0
T00011413,A0001800,2025-12-23,TRANSFER,2265000.0
T00011414,A0001202,2025-01-23,WITHDRAWAL,224000.0
T00011415,A0000670,2026-05-26,DEPOSIT,1516000.0
T00011416,A0001041,2025-05-13,DEPOSIT,3846000.0
T00011417,A0000913,2026-08-07,DEPOSIT,654000.0
T00011418,A0000220,2026-06-06,WITHDRAWAL,242000.0
T00011419,A0000896,2026-02-25,WITHDRAWAL,610000.0
T00011420,A0001130,2025-12-07,WITHDRAWAL,4996000.0
T00011421,A0000836,2025-04-26,TRANSFER,350000.0
T00011422,A0000545,2025-11-30,DEPOSIT,2109000.0
T00011423,A0001574,2025-07-17,WITHDRAWAL,2177000.0
T00011424,A0000051,2026-03-16,TRANSFER,177000.0
T00011425,A0001285,2026-03-01,WITHDRAWAL,3105000.0
T00011426,A0001428,2026-08-20,WITHDRAWAL,3689000.0
T00011427,A0000468,2026-08-05,DEPOSIT,2356000.0
T00011428,A0001563,2026-02-06,TRANSFER,371000.0
T00011429,A0000129,2026-04-19,TRANSFER,535000.0
T00011430,A0001611,2025-11-08,DEPOSIT,4284000.0
T00011431,A0000568,2025-02-05,DEPOSIT,2773000.0
T00011432,A0000880,2026-07-17,WITHDRAWAL,2288000.0
T00011433,A0001426,2025-04-09,DEPOSIT,1804000.0
T00011434,A0000272,2025-11-15,DEPOSIT,60000.0
T00011435,A0001361,2026-03-05,TRANSFER,1353000.0
T00011436,A0001710,2025-09-03,TRANSFER,1084000.0
T00011437,A0000871,2025-03-15,DEPOSIT,2583000.0
T00011438,A0000477,2025-09-16,DEPOSIT,532000.0
T00011439,A0001057,2025-02-03,WITHDRAWAL,2404000.0
T00011440,A0000127,2026-05-22,TRANSFER,777000.0
T00011441,A0000034,2025-05-17,TRANSFER,4709000.0
T00011442,A0001160,2025-11-16,TRANSFER,3563000.0
T00011443,A0001487,2025-07-29,WITHDRAWAL,3582000.0
T00011444,A0000866,2025-09-01,TRANSFER,4386000.0
T00011445,A0001464,2025-05-29,WITHDRAWAL,1407000.0
T00011446,A0000007,2025-12-09,DEPOSIT,1210000.0
T00011447,A0000699,2025-08-13,TRANSFER,2229000.0
T00011448,A0000824,2026-07-24,DEPOSIT,4323000.0
T00011449,A0000792,2026-02-27,WITHDRAWAL,2899000.0
T00011450,A0000346,2025-01-14,WITHDRAWAL,1141000.0
T00011451,A0000116,2026-02-26,WITHDRAWAL,1415000.0
T00011452,A0001307,2026-08-04,DEPOSIT,899000.0
T00011453,A0001222,2026-04-23,DEPOSIT,2218000.0
T00011454,A0000930,2025-02-10,DEPOSIT,1269000.0
T00011455,A0000975,2025-06-07,WITHDRAWAL,201000.0
T00011456,A0001374,2025-11-26,WITHDRAWAL,3428000.0
T00011457,A0000793,2025-05-19,TRANSFER,3909000.0
T00011458,A0001588,2025-08-14,WITHDRAWAL,4377000.0
T00011459,A0000126,2025-06-22,TRANSFER,596000.0
T00011460,A0001167,2025-08-22,TRANSFER,4875000.0
T00011461,A0000818,2025-02-24,DEPOSIT,2364000.0
T00011462,A0000745,2026-04-29,TRANSFER,2368000.0
T00011463,A0000589,2025-10-30,DEPOSIT,2036000.0
T00011464,A0001163,2025-01-21,WITHDRAWAL,4686000.0
T00011465,A0001535,2026-01-29,WITHDRAWAL,1246000.0
T00011466,A0000962,2025-11-15,DEPOSIT,2339000.0
T00011467,A0001643,2025-04-19,TRANSFER,2405000.0
T00011468,A0000334,2026-05-01,TRANSFER,3250000.0
T00011469,A0001756,2025-11-05,WITHDRAWAL,1303000.0
T00011470,A0001365,2025-02-15,TRANSFER,961000.0
T00011471,A0000196,2025-06-12,TRANSFER,3458000.0
T00011472,A0000764,2025-11-03,TRANSFER,438000.0
T00011473,A0000171,2026-03-21,DEPOSIT,4842000.0
T00011474,A0001660,2025-06-26,TRANSFER,128000.0
T00011475,A0000034,2025-11-28,DEPOSIT,477000.0
T00011476,A0001413,2025-01-05,WITHDRAWAL,4534000.0
T00011477,A0001397,2026-01-08,DEPOSIT,4962000.0
T00011478,A0000903,2025-04-05,DEPOSIT,2829000.0
T00011479,A0001537,2025-07-15,WITHDRAWAL,3053000.0
T00011480,A0000176,2026-05-31,DEPOSIT,2712000.0
T00011481,A0000367,2026-05-02,DEPOSIT,581000.0
T00011482,A0001321,2025-10-05,WITHDRAWAL,1715000.0
T00011483,A0001069,2025-08-16,WITHDRAWAL,1760000.0
T00011484,A0001106,2026-02-20,WITHDRAWAL,362000.0
T00011485,A0001357,2026-08-02,WITHDRAWAL,3457000.0
T00011486,A0001655,2025-11-27,TRANSFER,3858000.0
T00011487,A0000257,2025-06-10,WITHDRAWAL,3208000.0
T00011488,A0001463,2025-07-23,WITHDRAWAL,3390000.0
T00011489,A0001287,2025-07-26,WITHDRAWAL,2581000.0
T00011490,A0001362,2025-05-26,WITHDRAWAL,1792000.0
T00011491,A0001334,2026-06-01,WITHDRAWAL,1745000.0
T00011492,A0000482,2026-01-29,WITHDRAWAL,703000.0
T00011493,A0000052,2026-03-26,DEPOSIT,4294000.0
T00011494,A0000867,2025-10-30,TRANSFER,901000.0
T00011495,A0000954,2025-10-14,TRANSFER,873000.0
T00011496,A0001790,2025-10-11,TRANSFER,103000.0
T00011497,A0001641,2026-03-23,TRANSFER,3229000.0
T00011498,A0000327,2025-12-21,WITHDRAWAL,1879000.0
T00011499,A0000741,2025-01-20,TRANSFER,1841000.0
T00011500,A0001335,2026-05-20,DEPOSIT,2436000.0
T00011501,A0001636,2025-04-04,DEPOSIT,4118000.0
T00011502,A0000857,2025-08-15,DEPOSIT,825000.0
T00011503,A0001450,2025-07-01,WITHDRAWAL,360000.0
T00011504,A0000231,2026-04-20,WITHDRAWAL,1231000.0
T00011505,A0001568,2025-06-06,DEPOSIT,4850000.0
T00011506,A0000875,2025-07-26,DEPOSIT,3947000.0
T00011507,A0000029,2025-03-06,WITHDRAWAL,1194000.0
T00011508,A0001551,2025-07-20,WITHDRAWAL,3642000.0
T00011509,A0000162,2026-04-26,TRANSFER,347000.0
T00011510,A0001151,2025-07-09,DEPOSIT,7000.0
T00011511,A0001142,2026-07-07,DEPOSIT,4496000.0
T00011512,A0001220,2025-09-13,TRANSFER,85000.0
T00011513,A0000234,2026-06-20,WITHDRAWAL,1036000.0
T00011514,A0001577,2026-02-27,WITHDRAWAL,558000.0
T00011515,A0000365,2025-03-29,TRANSFER,1244000.0
T00011516,A0000481,2026-08-15,DEPOSIT,903000.0
T00011517,A0001502,2026-07-26,TRANSFER,4150000.0
T00011518,A0000051,2026-03-14,WITHDRAWAL,3841000.0
T00011519,A0001542,2025-02-06,WITHDRAWAL,3477000.0
T00011520,A0000557,2026-08-24,DEPOSIT,113000.0
T00011521,A0000892,2025-10-25,WITHDRAWAL,3534000.0
T00011522,A0001444,2026-05-26,WITHDRAWAL,2770000.0
T00011523,A0001554,2026-04-17,DEPOSIT,2042000.0
T00011524,A0001477,2025-11-28,WITHDRAWAL,2964000.0
T00011525,A0000388,2026-05-17,DEPOSIT,1856000.0
T00011526,A0000585,2025-11-20,TRANSFER,2832000.0
T00011527,A0001057,2026-05-07,DEPOSIT,311000.0
T00011528,A0001076,2026-02-10,WITHDRAWAL,2840000.0
T00011529,A0000281,2025-09-29,WITHDRAWAL,443000.0
T00011530,A0000837,2026-08-11,DEPOSIT,834000.0
T00011531,A0000089,2025-06-22,TRANSFER,1704000.0
T00011532,A0000799,2025-02-11,WITHDRAWAL,1898000.0
T00011533,A0001148,2026-02-13,TRANSFER,3277000.0
T00011534,A0001089,2026-07-24,DEPOSIT,4027000.0
T00011535,A0001077,2026-05-07,WITHDRAWAL,2587000.0
T00011536,A0001085,2025-05-14,WITHDRAWAL,950000.0
T00011537,A0000733,2025-02-22,DEPOSIT,1251000.0
T00011538,A0001610,2025-08-17,TRANSFER,3655000.0
T00011539,A0000602,2025-01-06,DEPOSIT,4832000.0
T00011540,A0000644,2025-05-19,TRANSFER,3091000.0
T00011541,A0000773,2025-04-20,DEPOSIT,1971000.0
T00011542,A0000323,2026-01-04,DEPOSIT,1150000.0
T00011543,A0000077,2026-01-02,TRANSFER,1808000.0
T00011544,A0000885,2026-07-10,DEPOSIT,2487000.0
T00011545,A0001749,2025-11-16,TRANSFER,2976000.0
T00011546,A0000978,2025-04-25,DEPOSIT,625000.0
T00011547,A0001644,2026-01-21,WITHDRAWAL,248000.0
T00011548,A0000465,2025-10-26,TRANSFER,692000.0
T00011549,A0000399,2025-04-18,DEPOSIT,3346000.0
T00011550,A0000372,2026-05-12,WITHDRAWAL,3283000.0
T00011551,A0001799,2026-02-25,DEPOSIT,4808000.0
T00011552,A0001675,2025-03-22,TRANSFER,3077000.0
T00011553,A0001624,2026-08-25,WITHDRAWAL,4352000.0
T00011554,A0000586,2025-11-04,WITHDRAWAL,590000.0
T00011555,A0001180,2025-12-08,TRANSFER,3328000.0
T00011556,A0000828,2025-08-02,TRANSFER,3811000.0
T00011557,A0000028,2025-01-28,WITHDRAWAL,1694000.0
T00011558,A0001136,2026-07-01,DEPOSIT,646000.0
T00011559,A0001063,2025-04-20,TRANSFER,847000.0
T00011560,A0000900,2025-04-30,DEPOSIT,2067000.0
T00011561,A0000045,2025-10-09,WITHDRAWAL,2351000.0
T00011562,A0001464,2025-06-29,WITHDRAWAL,2047000.0
T00011563,A0001530,2025-10-26,WITHDRAWAL,3358000.0
T00011564,A0001397,2026-07-11,WITHDRAWAL,166000.0
T00011565,A0001381,2025-02-08,TRANSFER,2959000.0
T00011566,A0000506,2026-06-10,DEPOSIT,4634000.0
T00011567,A0000361,2026-01-29,TRANSFER,3470000.0
T00011568,A0001225,2025-07-27,WITHDRAWAL,3929000.0
T00011569,A0001613,2025-03-15,TRANSFER,2093000.0
T00011570,A0000676,2025-09-04,DEPOSIT,1401000.0
T00011571,A0000196,2025-04-22,WITHDRAWAL,3004000.0
T00011572,A0000152,2025-03-21,TRANSFER,3989000.0
T00011573,A0001358,2026-05-12,DEPOSIT,3381000.0
T00011574,A0001610,2026-07-02,DEPOSIT,3746000.0
T00011575,A0001150,2025-02-02,DEPOSIT,316000.0
T00011576,A0001242,2026-04-26,DEPOSIT,4315000.0
T00011577,A0001321,2025-01-02,WITHDRAWAL,1762000.0
T00011578,A0001013,2025-11-11,TRANSFER,4724000.0
T00011579,A0001234,2026-04-06,WITHDRAWAL,4448000.0
T00011580,A0000289,2026-08-13,WITHDRAWAL,2315000.0
T00011581,A0000401,2026-07-23,WITHDRAWAL,1626000.0
T00011582,A0001006,2025-04-14,TRANSFER,4235000.0
T00011583,A0001322,2026-07-16,TRANSFER,4369000.0
T00011584,A0000717,2025-12-13,DEPOSIT,1329000.0
T00011585,A0000121,2026-07-11,WITHDRAWAL,1670000.0
T00011586,A0001451,2025-07-20,DEPOSIT,4404000.0
T00011587,A0001464,2025-09-12,DEPOSIT,764000.0
T00011588,A0000824,2025-01-11,TRANSFER,3476000.0
T00011589,A0001711,2026-07-13,DEPOSIT,1817000.0
T00011590,A0000648,2026-05-22,WITHDRAWAL,3393000.0
T00011591,A0000160,2026-01-17,WITHDRAWAL,745000.0
T00011592,A0001243,2026-05-02,WITHDRAWAL,2636000.0
T00011593,A0001234,2025-12-28,DEPOSIT,1292000.0
T00011594,A0001502,2025-02-05,DEPOSIT,4153000.0
T00011595,A0000916,2025-04-02,DEPOSIT,3966000.0
T00011596,A0001300,2025-07-28,WITHDRAWAL,2179000.0
T00011597,A0001739,2025-04-19,WITHDRAWAL,1385000.0
T00011598,A0001768,2026-02-15,WITHDRAWAL,843000.0
T00011599,A0001218,2025-03-04,TRANSFER,351000.0
T00011600,A0001512,2025-11-20,WITHDRAWAL,3545000.0
T00011601,A0000186,2026-06-16,WITHDRAWAL,4419000.0
T00011602,A0001040,2026-07-15,WITHDRAWAL,2297000.0
T00011603,A0000836,2025-12-12,TRANSFER,3904000.0
T00011604,A0001503,2026-05-18,TRANSFER,371000.0
T00011605,A0000161,2026-05-04,WITHDRAWAL,3487000.0
T00011606,A0000167,2025-02-04,WITHDRAWAL,1631000.0
T00011607,A0001211,2026-04-06,DEPOSIT,2550000.0
T00011608,A0000012,2026-05-09,DEPOSIT,262000.0
T00011609,A0000815,2025-09-06,WITHDRAWAL,934000.0
T00011610,A0000041,2025-08-16,DEPOSIT,1007000.0
T00011611,A0000401,2025-10-01,TRANSFER,2568000.0
T00011612,A0001534,2026-08-13,TRANSFER,793000.0
T00011613,A0000743,2026-07-27,DEPOSIT,3537000.0
T00011614,A0001540,2026-01-16,TRANSFER,2428000.0
T00011615,A0000397,2026-08-30,TRANSFER,725000.0
T00011616,A0001691,2025-10-01,DEPOSIT,3518000.0
T00011617,A0001674,2025-10-23,DEPOSIT,3227000.0
T00011618,A0000686,2026-06-22,WITHDRAWAL,2398000.0
T00011619,A0000308,2026-04-20,TRANSFER,4651000.0
T00011620,A0000576,2026-02-12,TRANSFER,3514000.0
T00011621,A0001478,2025-12-17,WITHDRAWAL,3972000.0
T00011622,A0000314,2025-12-20,DEPOSIT,1648000.0
T00011623,A0000438,2025-07-17,WITHDRAWAL,3997000.0
T00011624,A0000005,2025-04-27,DEPOSIT,1423000.0
T00011625,A0001159,2025-05-14,TRANSFER,4409000.0
T00011626,A0000158,2025-02-01,TRANSFER,1244000.0
T00011627,A0000524,2026-07-05,DEPOSIT,3525000.0
T00011628,A0000207,2026-04-25,TRANSFER,18000.0
T00011629,A0001358,2026-03-25,DEPOSIT,4967000.0
T00011630,A0001480,2025-09-02,TRANSFER,4141000.0
T00011631,A0000130,2026-03-08,TRANSFER,3852000.0
T00011632,A0000894,2025-06-13,WITHDRAWAL,892000.0
T00011633,A0000282,2026-01-19,DEPOSIT,2743000.0
T00011634,A0000542,2025-06-03,WITHDRAWAL,2862000.0
T00011635,A0000545,2026-06-10,WITHDRAWAL,3974000.0
T00011636,A0000558,2025-05-24,WITHDRAWAL,810000.0
T00011637,A0001236,2025-12-13,DEPOSIT,589000.0
T00011638,A0001488,2026-07-10,TRANSFER,4177000.0
T00011639,A0000345,2025-04-07,TRANSFER,1738000.0
T00011640,A0000650,2025-08-25,DEPOSIT,1312000.0
T00011641,A0001206,2026-03-31,TRANSFER,4450000.0
T00011642,A0000645,2026-08-28,WITHDRAWAL,4563000.0
T00011643,A0000123,2026-07-13,DEPOSIT,4116000.0
T00011644,A0001388,2026-06-18,TRANSFER,2357000.0
T00011645,A0001543,2025-08-01,DEPOSIT,3531000.0
T00011646,A0000311,2025-07-30,WITHDRAWAL,3123000.0
T00011647,A0000663,2025-06-01,TRANSFER,599000.0
T00011648,A0001384,2025-05-03,WITHDRAWAL,1075000.0
T00011649,A0000796,2026-04-07,DEPOSIT,1365000.0
T00011650,A0000298,2025-02-04,DEPOSIT,4463000.0
T00011651,A0000914,2025-06-11,TRANSFER,2870000.0
T00011652,A0001627,2025-05-23,DEPOSIT,3321000.0
T00011653,A0000203,2025-05-14,TRANSFER,3716000.0
T00011654,A0000518,2025-08-18,DEPOSIT,2000000.0
T00011655,A0001028,2025-07-08,WITHDRAWAL,2824000.0
T00011656,A0001137,2025-10-07,WITHDRAWAL,3154000.0
T00011657,A0001268,2025-05-10,WITHDRAWAL,194000.0
T00011658,A0001086,2025-07-07,WITHDRAWAL,721000.0
T00011659,A0000393,2025-07-14,TRANSFER,3264000.0
T00011660,A0000167,2025-09-16,TRANSFER,373000.0
T00011661,A0000995,2026-01-11,WITHDRAWAL,1765000.0
T00011662,A0001042,2026-08-22,TRANSFER,2763000.0
T00011663,A0001069,2026-07-19,TRANSFER,4030000.0
T00011664,A0001680,2025-02-11,WITHDRAWAL,149000.0
T00011665,A0001687,2026-04-11,WITHDRAWAL,189000.0
T00011666,A0000517,2026-07-08,DEPOSIT,3703000.0
T00011667,A0000217,2025-03-20,TRANSFER,3063000.0
T00011668,A0001269,2025-05-17,WITHDRAWAL,4584000.0
T00011669,A0000329,2026-03-13,WITHDRAWAL,531000.0
T00011670,A0001195,2026-08-17,WITHDRAWAL,3426000.0
T00011671,A0000839,2025-05-01,TRANSFER,3138000.0
T00011672,A0001439,2026-04-29,DEPOSIT,345000.0
T00011673,A0001218,2025-11-19,TRANSFER,1459000.0
T00011674,A0000438,2026-07-01,TRANSFER,2056000.0
T00011675,A0001585,2025-09-26,WITHDRAWAL,3228000.0
T00011676,A0000874,2026-02-19,TRANSFER,345000.0
T00011677,A0000835,2025-03-02,DEPOSIT,4822000.0
T00011678,A0000500,2025-04-27,WITHDRAWAL,3002000.0
T00011679,A0000817,2026-02-13,TRANSFER,4644000.0
T00011680,A0001005,2025-12-26,DEPOSIT,143000.0
T00011681,A0000360,2025-02-10,WITHDRAWAL,1464000.0
T00011682,A0001611,2026-05-01,WITHDRAWAL,1315000.0
T00011683,A0000992,2025-10-15,WITHDRAWAL,2742000.0
T00011684,A0000057,2025-08-04,WITHDRAWAL,3759000.0
T00011685,A0001646,2025-02-25,TRANSFER,410000.0
T00011686,A0000014,2026-04-19,TRANSFER,4911000.0
T00011687,A0000112,2025-12-24,DEPOSIT,199000.0
T00011688,A0000270,2026-05-14,WITHDRAWAL,3517000.0
T00011689,A0000836,2025-11-06,DEPOSIT,3974000.0
T00011690,A0001204,2025-03-01,DEPOSIT,2846000.0
T00011691,A0000237,2025-03-20,DEPOSIT,2256000.0
T00011692,A0000138,2025-12-17,WITHDRAWAL,3738000.0
T00011693,A0001509,2025-07-08,WITHDRAWAL,1478000.0
T00011694,A0001696,2026-08-30,WITHDRAWAL,2261000.0
T00011695,A0000369,2026-08-25,TRANSFER,4052000.0
T00011696,A0000567,2025-12-07,TRANSFER,3430000.0
T00011697,A0000246,2025-07-29,TRANSFER,1471000.0
T00011698,A0000150,2025-09-20,WITHDRAWAL,1617000.0
T00011699,A0001395,2026-05-13,DEPOSIT,2939000.0
T00011700,A0000144,2025-05-31,WITHDRAWAL,2979000.0
T00011701,A0000818,2025-03-09,WITHDRAWAL,2159000.0
T00011702,A0001067,2026-08-02,DEPOSIT,4942000.0
T00011703,A0000313,2026-07-08,WITHDRAWAL,3644000.0
T00011704,A0000415,2025-07-31,WITHDRAWAL,4859000.0
T00011705,A0000775,2026-01-19,WITHDRAWAL,4341000.0
T00011706,A0000074,2026-04-23,WITHDRAWAL,4539000.0
T00011707,A0001043,2025-06-08,TRANSFER,3574000.0
T00011708,A0001391,2025-12-04,TRANSFER,4924000.0
T00011709,A0000802,2025-09-02,WITHDRAWAL,475000.0
T00011710,A0001009,2025-12-28,WITHDRAWAL,307000.0
T00011711,A0000863,2026-05-27,TRANSFER,2041000.0
T00011712,A0001075,2025-06-25,DEPOSIT,3656000.0
T00011713,A0001464,2026-07-20,DEPOSIT,599000.0
T00011714,A0000702,2025-07-28,DEPOSIT,644000.0
T00011715,A0000962,2026-01-31,DEPOSIT,2881000.0
T00011716,A0000090,2025-05-31,DEPOSIT,415000.0
T00011717,A0001289,2026-03-12,DEPOSIT,4052000.0
T00011718,A0001624,2025-10-06,TRANSFER,4453000.0
T00011719,A0000243,2026-08-25,TRANSFER,1685000.0
T00011720,A0000128,2025-12-22,WITHDRAWAL,2034000.0
T00011721,A0001355,2025-05-29,TRANSFER,654000.0
T00011722,A0001005,2025-11-22,DEPOSIT,4894000.0
T00011723,A0000063,2025-03-19,TRANSFER,4493000.0
T00011724,A0000052,2025-05-17,WITHDRAWAL,406000.0
T00011725,A0000924,2026-03-19,WITHDRAWAL,2293000.0
T00011726,A0000883,2025-11-12,WITHDRAWAL,4676000.0
T00011727,A0000395,2025-08-31,WITHDRAWAL,1943000.0
T00011728,A0000513,2025-09-03,WITHDRAWAL,4934000.0
T00011729,A0001383,2025-03-17,DEPOSIT,3249000.0
T00011730,A0001794,2025-06-26,WITHDRAWAL,1433000.0
T00011731,A0001709,2025-12-05,TRANSFER,3273000.0
T00011732,A0001401,2025-01-12,TRANSFER,77000.0
T00011733,A0000708,2025-06-21,DEPOSIT,3457000.0
T00011734,A0000577,2025-07-30,TRANSFER,870000.0
T00011735,A0000429,2026-04-21,DEPOSIT,199000.0
T00011736,A0001412,2025-03-10,TRANSFER,2081000.0
T00011737,A0000015,2026-03-23,WITHDRAWAL,1029000.0
T00011738,A0000323,2026-03-02,DEPOSIT,3490000.0
T00011739,A0001033,2026-05-22,TRANSFER,4504000.0
T00011740,A0001672,2025-09-20,TRANSFER,2441000.0
T00011741,A0001657,2026-07-13,DEPOSIT,2954000.0
T00011742,A0001752,2025-08-23,WITHDRAWAL,2262000.0
T00011743,A0000754,2025-05-16,TRANSFER,3070000.0
T00011744,A0000484,2025-12-12,TRANSFER,3949000.0
T00011745,A0000204,2025-10-27,DEPOSIT,3809000.0
T00011746,A0000726,2026-08-06,TRANSFER,657000.0
T00011747,A0000226,2025-09-29,WITHDRAWAL,1647000.0
T00011748,A0000676,2026-02-19,WITHDRAWAL,2498000.0
T00011749,A0001749,2025-09-13,TRANSFER,1719000.0
T00011750,A0001253,2026-04-30,TRANSFER,3316000.0
T00011751,A0001517,2025-08-09,TRANSFER,3142000.0
T00011752,A0001133,2025-07-29,WITHDRAWAL,1584000.0
T00011753,A0000404,2026-05-13,WITHDRAWAL,1596000.0
T00011754,A0000122,2025-07-23,WITHDRAWAL,4408000.0
T00011755,A0000401,2025-11-24,TRANSFER,598000.0
T00011756,A0000561,2026-08-25,DEPOSIT,2498000.0
T00011757,A0000560,2025-06-16,TRANSFER,4017000.0
T00011758,A0000040,2025-04-21,DEPOSIT,3540000.0
T00011759,A0000593,2025-09-26,TRANSFER,2929000.0
T00011760,A0001650,2025-10-14,TRANSFER,266000.0
T00011761,A0000881,2026-06-11,DEPOSIT,9000.0
T00011762,A0001119,2025-09-04,WITHDRAWAL,4129000.0
T00011763,A0001166,2026-08-08,DEPOSIT,3265000.0
T00011764,A0001463,2026-04-11,WITHDRAWAL,2289000.0
T00011765,A0000732,2025-02-01,WITHDRAWAL,3218000.0
T00011766,A0000530,2026-01-16,WITHDRAWAL,1419000.0
T00011767,A0000850,2025-09-19,TRANSFER,2843000.0
T00011768,A0001518,2026-04-11,DEPOSIT,2882000.0
T00011769,A0001599,2025-06-26,WITHDRAWAL,2758000.0
T00011770,A0001728,2026-05-07,WITHDRAWAL,2235000.0
T00011771,A0000183,2025-05-06,WITHDRAWAL,202000.0
T00011772,A0001547,2026-04-13,WITHDRAWAL,50000.0
T00011773,A0001626,2025-10-18,WITHDRAWAL,1680000.0
T00011774,A0001771,2025-05-11,TRANSFER,82000.0
T00011775,A0001188,2026-05-21,TRANSFER,3296000.0
T00011776,A0000338,2026-07-05,WITHDRAWAL,876000.0
T00011777,A0000941,2026-08-17,WITHDRAWAL,178000.0
T00011778,A0000624,2026-03-22,WITHDRAWAL,3254000.0
T00011779,A0000318,2025-09-20,TRANSFER,3945000.0
T00011780,A0000628,2025-02-11,TRANSFER,4638000.0
T00011781,A0000789,2026-05-15,DEPOSIT,2697000.0
T00011782,A0001609,2026-06-19,DEPOSIT,3809000.0
T00011783,A0001229,2026-06-17,WITHDRAWAL,4012000.0
T00011784,A0000070,2026-03-14,WITHDRAWAL,2590000.0
T00011785,A0001408,2025-08-06,DEPOSIT,1350000.0
T00011786,A0000791,2025-04-16,DEPOSIT,4817000.0
T00011787,A0001712,2026-08-08,DEPOSIT,3286000.0
T00011788,A0000873,2025-09-14,WITHDRAWAL,3305000.0
T00011789,A0000592,2025-07-20,DEPOSIT,3351000.0
T00011790,A0001696,2025-04-05,WITHDRAWAL,3905000.0
T00011791,A0000044,2025-10-20,WITHDRAWAL,3432000.0
T00011792,A0000705,2025-06-02,WITHDRAWAL,4091000.0
T00011793,A0000510,2025-11-22,TRANSFER,4847000.0
T00011794,A0000619,2025-03-16,TRANSFER,4733000.0
T00011795,A0000443,2025-02-23,DEPOSIT,3511000.0
T00011796,A0001128,2026-04-14,WITHDRAWAL,1064000.0
T00011797,A0000806,2026-01-02,TRANSFER,609000.0
T00011798,A0000849,2025-03-13,TRANSFER,867000.0
T00011799,A0000192,2025-02-26,WITHDRAWAL,4609000.0
T00011800,A0001046,2025-05-27,DEPOSIT,2478000.0
T00011801,A0001746,2025-03-02,WITHDRAWAL,2574000.0
T00011802,A0001216,2025-05-27,DEPOSIT,209000.0
T00011803,A0001287,2025-08-17,DEPOSIT,489000.0
T00011804,A0000109,2025-10-14,TRANSFER,2351000.0
T00011805,A0001742,2025-05-27,WITHDRAWAL,3611000.0
T00011806,A0000552,2025-06-18,WITHDRAWAL,1794000.0
T00011807,A0000121,2026-08-31,TRANSFER,4121000.0
T00011808,A0000358,2026-06-14,WITHDRAWAL,1415000.0
T00011809,A0000584,2026-03-10,DEPOSIT,4595000.0
T00011810,A0001756,2026-03-10,TRANSFER,1551000.0
T00011811,A0001601,2025-09-30,DEPOSIT,2485000.0
T00011812,A0000126,2026-07-19,TRANSFER,3961000.0
T00011813,A0001650,2026-01-21,WITHDRAWAL,2798000.0
T00011814,A0000737,2026-04-08,WITHDRAWAL,2631000.0
T00011815,A0001753,2026-04-23,WITHDRAWAL,3485000.0
T00011816,A0000017,2025-01-14,DEPOSIT,1866000.0
T00011817,A0001230,2025-06-28,TRANSFER,1816000.0
T00011818,A0001276,2025-02-06,TRANSFER,2710000.0
T00011819,A0000452,2026-03-24,DEPOSIT,3957000.0
T00011820,A0000168,2025-05-17,TRANSFER,4934000.0
T00011821,A0000748,2026-02-26,WITHDRAWAL,2628000.0
T00011822,A0000046,2026-06-13,DEPOSIT,4291000.0
T00011823,A0001535,2025-07-22,DEPOSIT,3836000.0
T00011824,A0000913,2025-10-19,TRANSFER,2713000.0
T00011825,A0001302,2026-01-21,WITHDRAWAL,1709000.0
T00011826,A0000964,2025-04-07,DEPOSIT,1303000.0
T00011827,A0000125,2025-10-29,TRANSFER,3787000.0
T00011828,A0001017,2025-03-18,TRANSFER,4438000.0
T00011829,A0001164,2025-09-25,TRANSFER,4144000.0
T00011830,A0000540,2025-01-20,WITHDRAWAL,477000.0
T00011831,A0000938,2026-02-11,WITHDRAWAL,4104000.0
T00011832,A0001678,2026-07-31,WITHDRAWAL,3784000.0
T00011833,A0000176,2025-07-27,DEPOSIT,4108000.0
T00011834,A0001260,2025-11-22,DEPOSIT,1624000.0
T00011835,A0000548,2025-06-03,DEPOSIT,4047000.0
T00011836,A0001692,2025-08-14,WITHDRAWAL,2245000.0
T00011837,A0000239,2025-10-16,TRANSFER,4748000.0
T00011838,A0001050,2025-05-06,DEPOSIT,4387000.0
T00011839,A0001660,2026-06-01,DEPOSIT,2575000.0
T00011840,A0000611,2025-10-17,TRANSFER,2813000.0
T00011841,A0001663,2026-02-22,TRANSFER,4339000.0
T00011842,A0001332,2026-08-01,WITHDRAWAL,1801000.0
T00011843,A0001678,2025-10-16,WITHDRAWAL,2239000.0
T00011844,A0001255,2025-12-19,TRANSFER,2012000.0
T00011845,A0000045,2026-04-01,DEPOSIT,539000.0
T00011846,A0001359,2025-07-26,WITHDRAWAL,4249000.0
T00011847,A0000262,2026-02-04,WITHDRAWAL,3905000.0
T00011848,A0000807,2025-05-06,WITHDRAWAL,1388000.0
T00011849,A0001449,2025-08-17,WITHDRAWAL,1215000.0
T00011850,A0001404,2025-11-22,WITHDRAWAL,4269000.0
T00011851,A0001269,2025-04-17,DEPOSIT,3011000.0
T00011852,A0000250,2025-04-05,TRANSFER,3274000.0
T00011853,A0001073,2025-09-30,DEPOSIT,3618000.0
T00011854,A0000219,2026-02-14,TRANSFER,4662000.0
T00011855,A0001470,2025-04-18,WITHDRAWAL,1555000.0
T00011856,A0001248,2026-08-23,DEPOSIT,4036000.0
T00011857,A0001341,2025-01-26,DEPOSIT,1148000.0
T00011858,A0000021,2026-02-16,DEPOSIT,4466000.0
T00011859,A0000007,2025-05-13,WITHDRAWAL,317000.0
T00011860,A0000786,2025-02-08,DEPOSIT,559000.0
T00011861,A0000330,2025-08-25,TRANSFER,3148000.0
T00011862,A0001407,2025-05-17,DEPOSIT,1239000.0
T00011863,A0001332,2025-04-19,WITHDRAWAL,3182000.0
T00011864,A0000797,2026-08-18,WITHDRAWAL,651000.0
T00011865,A0000556,2026-04-05,DEPOSIT,4364000.0
T00011866,A0001395,2026-02-25,TRANSFER,441000.0
T00011867,A0001205,2025-08-24,WITHDRAWAL,4668000.0
T00011868,A0000881,2026-06-23,DEPOSIT,787000.0
T00011869,A0000575,2026-07-05,TRANSFER,1615000.0
T00011870,A0000569,2026-04-10,WITHDRAWAL,705000.0
T00011871,A0000960,2025-09-06,TRANSFER,4263000.0
T00011872,A0001123,2025-11-04,DEPOSIT,1295000.0
T00011873,A0000123,2025-01-08,DEPOSIT,3625000.0
T00011874,A0001489,2026-05-15,TRANSFER,3401000.0
T00011875,A0000173,2025-02-13,DEPOSIT,365000.0
T00011876,A0001209,2026-02-04,DEPOSIT,952000.0
T00011877,A0000249,2025-08-07,WITHDRAWAL,4076000.0
T00011878,A0001793,2026-08-15,WITHDRAWAL,2440000.0
T00011879,A0000757,2025-11-11,TRANSFER,1841000.0
T00011880,A0000203,2026-03-31,WITHDRAWAL,2172000.0
T00011881,A0001139,2026-07-15,TRANSFER,2929000.0
T00011882,A0000586,2026-02-10,WITHDRAWAL,2764000.0
T00011883,A0000971,2025-03-15,DEPOSIT,3579000.0
T00011884,A0000591,2025-09-23,TRANSFER,2598000.0
T00011885,A0000948,2025-08-06,TRANSFER,4793000.0
T00011886,A0000184,2025-01-13,DEPOSIT,926000.0
T00011887,A0000658,2026-02-09,TRANSFER,2919000.0
T00011888,A0000025,2026-07-29,DEPOSIT,1340000.0
T00011889,A0001641,2026-07-15,WITHDRAWAL,3797000.0
T00011890,A0000291,2025-01-02,TRANSFER,103000.0
T00011891,A0000006,2025-03-20,TRANSFER,345000.0
T00011892,A0001398,2026-08-14,DEPOSIT,4595000.0
T00011893,A0000163,2025-02-18,TRANSFER,3240000.0
T00011894,A0001234,2025-03-26,WITHDRAWAL,404000.0
T00011895,A0001789,2025-02-06,TRANSFER,2702000.0
T00011896,A0001300,2026-06-17,DEPOSIT,1099000.0
T00011897,A0000019,2026-03-17,WITHDRAWAL,835000.0
T00011898,A0001419,2025-11-09,DEPOSIT,4672000.0
T00011899,A0001684,2025-08-05,DEPOSIT,279000.0
T00011900,A0000411,2026-05-13,TRANSFER,4290000.0
T00011901,A0001734,2025-11-11,WITHDRAWAL,2995000.0
T00011902,A0001598,2025-09-23,DEPOSIT,1325000.0
T00011903,A0001774,2026-04-29,DEPOSIT,2362000.0
T00011904,A0001414,2026-07-16,DEPOSIT,576000.0
T00011905,A0000795,2025-07-06,WITHDRAWAL,1364000.0
T00011906,A0000287,2026-06-16,WITHDRAWAL,159000.0
T00011907,A0001526,2026-03-27,TRANSFER,471000.0
T00011908,A0001432,2025-10-26,TRANSFER,2634000.0
T00011909,A0001437,2026-05-12,DEPOSIT,3699000.0
T00011910,A0000341,2026-05-22,WITHDRAWAL,144000.0
T00011911,A0001511,2025-08-26,WITHDRAWAL,4628000.0
T00011912,A0000611,2025-04-08,WITHDRAWAL,4308000.0
T00011913,A0000119,2025-01-31,WITHDRAWAL,1017000.0
T00011914,A0000261,2026-08-02,WITHDRAWAL,4918000.0
T00011915,A0000406,2026-04-25,TRANSFER,2406000.0
T00011916,A0000584,2025-07-20,TRANSFER,475000.0
T00011917,A0001488,2026-04-05,WITHDRAWAL,4491000.0
T00011918,A0001259,2025-04-24,TRANSFER,4885000.0
T00011919,A0000716,2025-09-09,WITHDRAWAL,1298000.0
T00011920,A0001151,2025-03-08,DEPOSIT,4368000.0
T00011921,A0000258,2025-05-19,TRANSFER,1948000.0
T00011922,A0000397,2025-03-04,WITHDRAWAL,2249000.0
T00011923,A0001130,2026-07-04,TRANSFER,4834000.0
T00011924,A0000856,2025-07-31,DEPOSIT,3367000.0
T00011925,A0001258,2025-04-29,WITHDRAWAL,3327000.0
T00011926,A0000663,2025-08-03,DEPOSIT,3370000.0
T00011927,A0001339,2026-06-26,DEPOSIT,4903000.0
T00011928,A0000647,2025-01-09,DEPOSIT,706000.0
T00011929,A0000316,2026-01-06,TRANSFER,883000.0
T00011930,A0000554,2025-12-26,DEPOSIT,256000.0
T00011931,A0001060,2025-12-12,TRANSFER,1125000.0
T00011932,A0000794,2025-08-25,WITHDRAWAL,389000.0
T00011933,A0000294,2026-05-01,WITHDRAWAL,1879000.0
T00011934,A0000789,2026-03-03,DEPOSIT,56000.0
T00011935,A0000870,2026-08-02,TRANSFER,2289000.0
T00011936,A0001327,2025-10-31,WITHDRAWAL,4365000.0
T00011937,A0001800,2025-07-09,TRANSFER,2374000.0
T00011938,A0001055,2026-03-28,WITHDRAWAL,320000.0
T00011939,A0000725,2025-12-11,DEPOSIT,3913000.0
T00011940,A0000066,2026-04-05,WITHDRAWAL,4694000.0
T00011941,A0000366,2026-07-09,DEPOSIT,3688000.0
T00011942,A0000412,2025-10-27,TRANSFER,4696000.0
T00011943,A0000092,2025-10-24,TRANSFER,3866000.0
T00011944,A0001293,2025-05-08,WITHDRAWAL,1914000.0
T00011945,A0000240,2025-12-16,DEPOSIT,2800000.0
T00011946,A0001106,2025-11-19,DEPOSIT,934000.0
T00011947,A0000573,2026-06-02,TRANSFER,595000.0
T00011948,A0001150,2025-10-09,WITHDRAWAL,244000.0
T00011949,A0001420,2025-06-25,TRANSFER,3000.0
T00011950,A0000187,2026-08-03,WITHDRAWAL,596000.0
T00011951,A0000367,2025-01-25,DEPOSIT,2155000.0
T00011952,A0001335,2026-01-23,DEPOSIT,3583000.0
T00011953,A0001596,2025-07-10,TRANSFER,4767000.0
T00011954,A0001548,2026-08-15,TRANSFER,1967000.0
T00011955,A0000591,2025-07-02,TRANSFER,3132000.0
T00011956,A0001079,2025-09-05,WITHDRAWAL,1485000.0
T00011957,A0000013,2026-06-27,WITHDRAWAL,4034000.0
T00011958,A0000233,2025-10-13,WITHDRAWAL,838000.0
T00011959,A0001031,2025-02-02,WITHDRAWAL,4276000.0
T00011960,A0000354,2025-06-03,DEPOSIT,3199000.0
T00011961,A0000367,2026-07-26,DEPOSIT,1139000.0
T00011962,A0000311,2025-10-31,WITHDRAWAL,3080000.0
T00011963,A0000440,2025-09-14,WITHDRAWAL,4862000.0
T00011964,A0000108,2025-07-25,TRANSFER,2574000.0
T00011965,A0001335,2025-02-22,WITHDRAWAL,1507000.0
T00011966,A0000208,2025-03-27,WITHDRAWAL,81000.0
T00011967,A0001249,2026-07-23,TRANSFER,1271000.0
T00011968,A0000392,2026-07-15,TRANSFER,614000.0
T00011969,A0001088,2026-07-03,TRANSFER,2433000.0
T00011970,A0000201,2026-01-07,DEPOSIT,2255000.0
T00011971,A0001566,2026-07-14,WITHDRAWAL,11000.0
T00011972,A0000852,2026-02-15,DEPOSIT,3817000.0
T00011973,A0001701,2026-04-13,WITHDRAWAL,4029000.0
T00011974,A0001674,2025-11-15,WITHDRAWAL,1272000.0
T00011975,A0000682,2025-01-22,DEPOSIT,2939000.0
T00011976,A0001615,2025-05-21,WITHDRAWAL,1137000.0
T00011977,A0000443,2025-10-16,DEPOSIT,4122000.0
T00011978,A0001458,2026-02-25,DEPOSIT,403000.0
T00011979,A0001535,2025-08-28,TRANSFER,1236000.0
T00011980,A0000624,2025-01-12,TRANSFER,453000.0
T00011981,A0000034,2025-06-04,DEPOSIT,3581000.0
T00011982,A0000059,2025-06-25,DEPOSIT,1145000.0
T00011983,A0000095,2025-03-24,TRANSFER,543000.0
T00011984,A0001687,2025-06-26,WITHDRAWAL,4152000.0
T00011985,A0000726,2026-02-09,DEPOSIT,2078000.0
T00011986,A0000423,2025-06-25,WITHDRAWAL,4708000.0
T00011987,A0000945,2025-02-17,TRANSFER,1541000.0
T00011988,A0001042,2026-08-09,TRANSFER,1186000.0
T00011989,A0001079,2025-01-07,DEPOSIT,297000.0
T00011990,A0000867,2025-07-12,WITHDRAWAL,3701000.0
T00011991,A0001788,2025-02-03,DEPOSIT,2049000.0
T00011992,A0000605,2026-08-28,WITHDRAWAL,2954000.0
T00011993,A0000245,2025-03-11,TRANSFER,4129000.0
T00011994,A0001208,2025-09-18,WITHDRAWAL,1857000.0
T00011995,A0001101,2026-02-10,TRANSFER,59000.0
T00011996,A0001084,2025-12-12,DEPOSIT,4178000.0
T00011997,A0001676,2026-05-01,DEPOSIT,2589000.0
T00011998,A0000724,2025-01-09,TRANSFER,1077000.0
T00011999,A0000713,2025-02-05,DEPOSIT,2371000.0
T00012000,A0001058,2026-01-26,TRANSFER,818000.0
T00012001,A0000251,2025-05-03,WITHDRAWAL,573000.0
T00012002,A0001527,2026-02-08,WITHDRAWAL,2647000.0
T00012003,A0001345,2025-11-24,WITHDRAWAL,1783000.0
T00012004,A0000594,2026-03-08,WITHDRAWAL,2737000.0
T00012005,A0001705,2025-09-13,TRANSFER,3501000.0
T00012006,A0000387,2026-03-23,WITHDRAWAL,3423000.0
T00012007,A0000700,2026-08-11,TRANSFER,1307000.0
T00012008,A0001511,2026-01-02,DEPOSIT,4234000.0
T00012009,A0000344,2026-08-12,WITHDRAWAL,539000.0
T00012010,A0000611,2025-01-24,WITHDRAWAL,2135000.0
T00012011,A0000015,2025-08-14,DEPOSIT,1004000.0
T00012012,A0001241,2025-01-30,WITHDRAWAL,4720000.0
T00012013,A0001315,2025-12-30,DEPOSIT,1790000.0
T00012014,A0000782,2026-07-16,TRANSFER,1084000.0
T00012015,A0000954,2026-02-03,WITHDRAWAL,1450000.0
T00012016,A0001614,2025-05-30,WITHDRAWAL,4821000.0
T00012017,A0000513,2026-02-20,DEPOSIT,2573000.0
T00012018,A0001123,2025-10-11,TRANSFER,2661000.0
T00012019,A0001456,2025-12-29,DEPOSIT,1622000.0
T00012020,A0001229,2026-08-25,DEPOSIT,113000.0
T00012021,A0001574,2026-07-21,DEPOSIT,4664000.0
T00012022,A0001641,2026-02-26,WITHDRAWAL,2890000.0
T00012023,A0000538,2025-07-26,TRANSFER,2548000.0
T00012024,A0001299,2025-08-01,DEPOSIT,3047000.0
T00012025,A0001128,2025-04-10,WITHDRAWAL,3607000.0
T00012026,A0000214,2025-01-11,TRANSFER,663000.0
T00012027,A0000953,2026-02-25,DEPOSIT,709000.0
T00012028,A0001661,2026-05-04,WITHDRAWAL,820000.0
T00012029,A0000559,2025-09-03,TRANSFER,1613000.0
T00012030,A0001117,2025-04-01,DEPOSIT,2619000.0
T00012031,A0000438,2025-11-05,TRANSFER,534000.0
T00012032,A0000924,2025-12-30,TRANSFER,4332000.0
T00012033,A0001136,2025-03-04,DEPOSIT,2967000.0
T00012034,A0000965,2025-08-19,TRANSFER,4904000.0
T00012035,A0000406,2026-01-23,WITHDRAWAL,4322000.0
T00012036,A0000508,2026-03-27,TRANSFER,3709000.0
T00012037,A0001539,2025-01-14,DEPOSIT,1413000.0
T00012038,A0000657,2025-04-01,DEPOSIT,976000.0
T00012039,A0000977,2025-12-20,WITHDRAWAL,55000.0
T00012040,A0001201,2025-08-07,DEPOSIT,3229000.0
T00012041,A0000866,2026-06-13,DEPOSIT,2942000.0
T00012042,A0001248,2026-01-17,WITHDRAWAL,3486000.0
T00012043,A0001312,2025-08-28,WITHDRAWAL,3733000.0
T00012044,A0001738,2025-08-03,TRANSFER,1177000.0
T00012045,A0000333,2026-04-21,TRANSFER,4352000.0
T00012046,A0001613,2025-03-21,WITHDRAWAL,422000.0
T00012047,A0001653,2025-01-08,DEPOSIT,668000.0
T00012048,A0001122,2025-05-31,WITHDRAWAL,3866000.0
T00012049,A0000398,2025-12-22,TRANSFER,3236000.0
T00012050,A0000474,2025-04-25,WITHDRAWAL,3798000.0
T00012051,A0000162,2026-06-17,DEPOSIT,1554000.0
T00012052,A0001073,2025-11-11,DEPOSIT,1451000.0
T00012053,A0000647,2026-01-19,WITHDRAWAL,4141000.0
T00012054,A0000712,2025-10-23,TRANSFER,949000.0
T00012055,A0000941,2026-03-07,DEPOSIT,3135000.0
T00012056,A0001340,2025-02-14,DEPOSIT,2698000.0
T00012057,A0000957,2026-02-09,WITHDRAWAL,4843000.0
T00012058,A0000367,2025-09-16,WITHDRAWAL,3899000.0
T00012059,A0001226,2025-10-08,WITHDRAWAL,1815000.0
T00012060,A0001103,2025-08-03,WITHDRAWAL,827000.0
T00012061,A0000644,2025-10-21,DEPOSIT,3985000.0
T00012062,A0000872,2026-01-18,WITHDRAWAL,3505000.0
T00012063,A0001297,2025-10-03,DEPOSIT,2033000.0
T00012064,A0000278,2025-11-17,WITHDRAWAL,1064000.0
T00012065,A0001410,2026-06-19,DEPOSIT,3205000.0
T00012066,A0001174,2026-07-05,DEPOSIT,761000.0
T00012067,A0000530,2025-08-05,TRANSFER,95000.0
T00012068,A0001114,2026-03-31,DEPOSIT,1186000.0
T00012069,A0000304,2025-05-08,DEPOSIT,4428000.0
T00012070,A0000413,2025-10-06,DEPOSIT,1076000.0
T00012071,A0000962,2026-06-02,TRANSFER,684000.0
T00012072,A0001109,2026-02-27,WITHDRAWAL,4345000.0
T00012073,A0001684,2026-07-19,TRANSFER,3407000.0
T00012074,A0000904,2026-04-01,TRANSFER,4401000.0
T00012075,A0000971,2025-04-15,DEPOSIT,2179000.0
T00012076,A0000573,2026-05-05,WITHDRAWAL,4933000.0
T00012077,A0000277,2025-04-27,DEPOSIT,514000.0
T00012078,A0001374,2026-05-11,WITHDRAWAL,4106000.0
T00012079,A0001354,2025-01-24,TRANSFER,2944000.0
T00012080,A0000475,2025-07-10,DEPOSIT,2524000.0
T00012081,A0000314,2026-05-04,DEPOSIT,1098000.0
T00012082,A0001472,2026-08-01,TRANSFER,3109000.0
T00012083,A0001004,2025-09-25,DEPOSIT,2940000.0
T00012084,A0001500,2025-06-16,WITHDRAWAL,2362000.0
T00012085,A0000491,2025-06-19,WITHDRAWAL,184000.0
T00012086,A0001416,2025-04-26,WITHDRAWAL,1341000.0
T00012087,A0000590,2026-05-07,TRANSFER,511000.0
T00012088,A0000270,2025-03-10,DEPOSIT,1974000.0
T00012089,A0001441,2025-02-22,DEPOSIT,2736000.0
T00012090,A0001620,2025-09-19,TRANSFER,2818000.0
T00012091,A0001074,2026-07-11,DEPOSIT,3751000.0
T00012092,A0001298,2025-12-05,DEPOSIT,3241000.0
T00012093,A0000936,2026-07-15,DEPOSIT,741000.0
T00012094,A0001407,2025-11-10,DEPOSIT,2972000.0
T00012095,A0000015,2025-09-28,WITHDRAWAL,4984000.0
T00012096,A0000804,2025-06-03,TRANSFER,2951000.0
T00012097,A0001533,2025-04-27,DEPOSIT,3686000.0
T00012098,A0000834,2025-11-06,TRANSFER,598000.0
T00012099,A0001407,2025-07-13,TRANSFER,4881000.0
T00012100,A0001396,2025-11-05,DEPOSIT,933000.0
T00012101,A0001229,2026-06-08,WITHDRAWAL,3496000.0
T00012102,A0001786,2025-08-16,TRANSFER,2299000.0
T00012103,A0000889,2026-04-29,TRANSFER,4581000.0
T00012104,A0001611,2025-05-23,TRANSFER,4830000.0
T00012105,A0001326,2025-01-30,TRANSFER,4258000.0
T00012106,A0001507,2025-01-19,TRANSFER,1973000.0
T00012107,A0000276,2025-02-16,WITHDRAWAL,1340000.0
T00012108,A0000690,2025-07-18,DEPOSIT,3125000.0
T00012109,A0000614,2025-05-20,WITHDRAWAL,3681000.0
T00012110,A0001148,2025-10-15,TRANSFER,2406000.0
T00012111,A0001465,2025-06-09,TRANSFER,1860000.0
T00012112,A0000700,2025-05-15,DEPOSIT,462000.0
T00012113,A0000659,2025-10-01,DEPOSIT,1457000.0
T00012114,A0001338,2026-06-25,WITHDRAWAL,1607000.0
T00012115,A0000479,2025-09-03,TRANSFER,97000.0
T00012116,A0000340,2025-11-16,DEPOSIT,3980000.0
T00012117,A0001385,2025-07-18,WITHDRAWAL,3532000.0
T00012118,A0001322,2026-06-05,WITHDRAWAL,964000.0
T00012119,A0000728,2026-01-13,WITHDRAWAL,87000.0
T00012120,A0000209,2025-09-30,TRANSFER,3921000.0
T00012121,A0001105,2025-09-12,TRANSFER,4134000.0
T00012122,A0000968,2026-05-20,WITHDRAWAL,41000.0
T00012123,A0000363,2026-06-29,DEPOSIT,4981000.0
T00012124,A0001093,2026-03-31,TRANSFER,3849000.0
T00012125,A0000610,2025-08-08,TRANSFER,873000.0
T00012126,A0000561,2026-02-02,DEPOSIT,343000.0
T00012127,A0000975,2025-03-21,WITHDRAWAL,842000.0
T00012128,A0001159,2025-04-21,DEPOSIT,272000.0
T00012129,A0001077,2026-05-10,DEPOSIT,1772000.0
T00012130,A0000678,2026-03-03,TRANSFER,1173000.0
T00012131,A0001153,2025-08-20,DEPOSIT,701000.0
T00012132,A0001465,2025-11-25,WITHDRAWAL,2640000.0
T00012133,A0001605,2025-06-17,DEPOSIT,241000.0
T00012134,A0001553,2026-01-18,TRANSFER,4175000.0
T00012135,A0000780,2025-04-30,TRANSFER,3521000.0
T00012136,A0000414,2025-08-20,TRANSFER,1301000.0
T00012137,A0000390,2025-04-21,TRANSFER,2110000.0
T00012138,A0000413,2025-03-22,WITHDRAWAL,3262000.0
T00012139,A0000095,2025-05-24,TRANSFER,1501000.0
T00012140,A0001533,2026-05-20,TRANSFER,2274000.0
T00012141,A0000519,2025-11-15,TRANSFER,807000.0
T00012142,A0000862,2025-02-02,TRANSFER,3165000.0
T00012143,A0000865,2026-07-01,WITHDRAWAL,4538000.0
T00012144,A0000617,2025-05-24,DEPOSIT,4303000.0
T00012145,A0000275,2025-12-22,WITHDRAWAL,1506000.0
T00012146,A0001477,2026-08-26,DEPOSIT,2627000.0
T00012147,A0000622,2026-04-17,DEPOSIT,2227000.0
T00012148,A0000745,2025-09-03,DEPOSIT,823000.0
T00012149,A0001269,2026-03-19,WITHDRAWAL,4715000.0
T00012150,A0001268,2025-11-02,WITHDRAWAL,172000.0
T00012151,A0001445,2025-02-18,WITHDRAWAL,1314000.0
T00012152,A0000876,2025-10-27,TRANSFER,4226000.0
T00012153,A0001114,2026-05-25,TRANSFER,4643000.0
T00012154,A0001328,2026-07-08,DEPOSIT,3390000.0
T00012155,A0001048,2025-05-01,DEPOSIT,4212000.0
T00012156,A0000316,2026-01-22,TRANSFER,2765000.0
T00012157,A0000675,2026-01-14,WITHDRAWAL,2795000.0
T00012158,A0001106,2026-05-04,WITHDRAWAL,936000.0
T00012159,A0000600,2026-08-02,DEPOSIT,3155000.0
T00012160,A0000940,2026-04-02,DEPOSIT,2047000.0
T00012161,A0001266,2026-08-04,WITHDRAWAL,1675000.0
T00012162,A0000503,2025-05-21,DEPOSIT,1082000.0
T00012163,A0000938,2026-08-27,TRANSFER,2999000.0
T00012164,A0000250,2025-10-10,TRANSFER,4993000.0
T00012165,A0001019,2026-08-13,DEPOSIT,4178000.0
T00012166,A0000364,2026-03-08,TRANSFER,1320000.0
T00012167,A0000314,2026-03-03,TRANSFER,965000.0
T00012168,A0000958,2025-03-03,TRANSFER,338000.0
T00012169,A0000740,2025-11-09,TRANSFER,2355000.0
T00012170,A0001141,2025-12-04,WITHDRAWAL,1821000.0
T00012171,A0000304,2026-06-17,TRANSFER,2778000.0
T00012172,A0001046,2025-10-04,DEPOSIT,2001000.0
T00012173,A0000552,2025-05-21,WITHDRAWAL,3922000.0
T00012174,A0000663,2025-11-08,TRANSFER,4607000.0
T00012175,A0001184,2025-02-06,TRANSFER,4206000.0
T00012176,A0001597,2026-04-21,TRANSFER,1390000.0
T00012177,A0000188,2026-02-12,DEPOSIT,4771000.0
T00012178,A0000983,2026-02-26,TRANSFER,1042000.0
T00012179,A0001004,2026-08-25,WITHDRAWAL,2813000.0
T00012180,A0001475,2026-02-27,DEPOSIT,3018000.0
T00012181,A0001630,2025-01-13,TRANSFER,3079000.0
T00012182,A0001463,2025-12-27,DEPOSIT,2923000.0
T00012183,A0001654,2025-01-09,TRANSFER,1607000.0
T00012184,A0001736,2026-01-30,WITHDRAWAL,2489000.0
T00012185,A0000798,2025-05-15,WITHDRAWAL,1983000.0
T00012186,A0000668,2025-06-15,TRANSFER,3117000.0
T00012187,A0001760,2025-04-05,DEPOSIT,324000.0
T00012188,A0001376,2025-09-19,TRANSFER,1287000.0
T00012189,A0001502,2025-04-08,DEPOSIT,2004000.0
T00012190,A0000954,2025-02-14,WITHDRAWAL,2631000.0
T00012191,A0000688,2026-03-19,TRANSFER,2070000.0
T00012192,A0001403,2025-04-05,TRANSFER,242000.0
T00012193,A0001613,2025-04-26,WITHDRAWAL,532000.0
T00012194,A0001733,2026-06-04,WITHDRAWAL,3598000.0
T00012195,A0001279,2026-06-07,TRANSFER,2970000.0
T00012196,A0000084,2025-08-07,TRANSFER,1010000.0
T00012197,A0001634,2025-11-02,DEPOSIT,2132000.0
T00012198,A0001474,2026-03-03,TRANSFER,2334000.0
T00012199,A0001772,2025-04-09,WITHDRAWAL,1452000.0
T00012200,A0001295,2025-11-18,WITHDRAWAL,1110000.0
T00012201,A0000052,2026-07-03,WITHDRAWAL,2381000.0
T00012202,A0001218,2026-04-08,DEPOSIT,3682000.0
T00012203,A0001281,2025-02-17,TRANSFER,763000.0
T00012204,A0001787,2026-06-11,WITHDRAWAL,4871000.0
T00012205,A0000800,2025-05-21,DEPOSIT,2707000.0
T00012206,A0001049,2026-07-15,DEPOSIT,3571000.0
T00012207,A0000652,2025-12-23,DEPOSIT,3850000.0
T00012208,A0000763,2026-05-05,DEPOSIT,1506000.0
T00012209,A0001322,2025-10-11,TRANSFER,4229000.0
T00012210,A0000283,2025-01-28,DEPOSIT,1346000.0
T00012211,A0001462,2025-10-11,WITHDRAWAL,4685000.0
T00012212,A0001620,2025-02-19,DEPOSIT,288000.0
T00012213,A0000633,2026-03-09,WITHDRAWAL,4040000.0
T00012214,A0000989,2026-06-02,DEPOSIT,3721000.0
T00012215,A0001151,2025-10-29,TRANSFER,1723000.0
T00012216,A0001728,2025-07-03,WITHDRAWAL,15000.0
T00012217,A0000953,2025-07-27,DEPOSIT,4426000.0
T00012218,A0000366,2026-01-24,WITHDRAWAL,1754000.0
T00012219,A0000066,2025-12-21,TRANSFER,3577000.0
T00012220,A0000941,2025-08-10,DEPOSIT,2880000.0
T00012221,A0001042,2025-06-20,DEPOSIT,2735000.0
T00012222,A0001568,2025-07-10,DEPOSIT,1613000.0
T00012223,A0001725,2025-04-22,DEPOSIT,287000.0
T00012224,A0000886,2026-05-30,WITHDRAWAL,255000.0
T00012225,A0000022,2026-02-09,DEPOSIT,2918000.0
T00012226,A0001458,2025-05-05,WITHDRAWAL,3869000.0
T00012227,A0001743,2025-01-21,TRANSFER,20000.0
T00012228,A0001601,2025-11-30,TRANSFER,1261000.0
T00012229,A0000938,2026-08-13,WITHDRAWAL,2359000.0
T00012230,A0000540,2025-08-14,WITHDRAWAL,4930000.0
T00012231,A0000967,2026-03-12,DEPOSIT,4195000.0
T00012232,A0001633,2026-01-24,WITHDRAWAL,4440000.0
T00012233,A0000747,2026-01-21,TRANSFER,1241000.0
T00012234,A0000287,2025-01-01,WITHDRAWAL,4676000.0
T00012235,A0000698,2025-05-25,DEPOSIT,4270000.0
T00012236,A0000128,2026-06-09,DEPOSIT,2011000.0
T00012237,A0001574,2025-04-05,TRANSFER,3439000.0
T00012238,A0001436,2025-05-23,TRANSFER,532000.0
T00012239,A0000463,2026-02-16,DEPOSIT,1088000.0
T00012240,A0000562,2026-02-12,DEPOSIT,4742000.0
T00012241,A0001314,2026-06-12,DEPOSIT,757000.0
T00012242,A0001401,2026-05-08,WITHDRAWAL,1224000.0
T00012243,A0001224,2025-11-25,TRANSFER,2632000.0
T00012244,A0000459,2026-03-04,TRANSFER,2131000.0
T00012245,A0001169,2026-01-15,DEPOSIT,3826000.0
T00012246,A0001476,2025-04-01,TRANSFER,746000.0
T00012247,A0001458,2026-03-28,DEPOSIT,2834000.0
T00012248,A0000842,2025-06-05,WITHDRAWAL,4579000.0
T00012249,A0000898,2026-03-11,TRANSFER,1547000.0
T00012250,A0000086,2025-04-04,DEPOSIT,4225000.0
T00012251,A0000238,2026-01-18,DEPOSIT,3930000.0
T00012252,A0000533,2026-08-11,DEPOSIT,2841000.0
T00012253,A0001077,2025-12-28,WITHDRAWAL,1056000.0
T00012254,A0000909,2025-07-13,DEPOSIT,1641000.0
T00012255,A0000955,2026-04-15,TRANSFER,3695000.0
T00012256,A0001029,2026-06-18,DEPOSIT,4408000.0
T00012257,A0001180,2025-04-08,WITHDRAWAL,4065000.0
T00012258,A0001692,2026-03-12,DEPOSIT,3217000.0
T00012259,A0001793,2025-06-26,TRANSFER,1790000.0
T00012260,A0000367,2026-04-26,TRANSFER,1528000.0
T00012261,A0001580,2026-08-06,WITHDRAWAL,2727000.0
T00012262,A0000336,2026-06-01,DEPOSIT,3167000.0
T00012263,A0000475,2025-06-12,TRANSFER,1092000.0
T00012264,A0001664,2025-11-16,DEPOSIT,2781000.0
T00012265,A0000157,2026-01-14,WITHDRAWAL,4942000.0
T00012266,A0000907,2025-10-16,WITHDRAWAL,1485000.0
T00012267,A0001351,2026-02-05,WITHDRAWAL,4215000.0
T00012268,A0001250,2025-07-19,TRANSFER,4608000.0
T00012269,A0001763,2025-03-27,DEPOSIT,4855000.0
T00012270,A0001236,2026-03-04,WITHDRAWAL,1019000.0
T00012271,A0000011,2025-06-11,DEPOSIT,756000.0
T00012272,A0000698,2026-04-06,TRANSFER,2550000.0
T00012273,A0001100,2026-02-04,TRANSFER,1910000.0
T00012274,A0001362,2025-06-26,TRANSFER,753000.0
T00012275,A0000523,2025-04-10,WITHDRAWAL,1931000.0
T00012276,A0000138,2025-12-13,TRANSFER,4883000.0
T00012277,A0000703,2025-09-09,TRANSFER,1197000.0
T00012278,A0000175,2025-07-26,TRANSFER,2235000.0
T00012279,A0000200,2025-12-14,TRANSFER,755000.0
T00012280,A0001716,2025-03-27,TRANSFER,2257000.0
T00012281,A0000486,2025-08-14,TRANSFER,1233000.0
T00012282,A0001462,2026-05-31,TRANSFER,4201000.0
T00012283,A0000968,2026-06-13,TRANSFER,1975000.0
T00012284,A0000377,2025-08-17,TRANSFER,1498000.0
T00012285,A0000899,2026-01-20,TRANSFER,2809000.0
T00012286,A0000998,2025-07-11,WITHDRAWAL,2872000.0
T00012287,A0001243,2025-12-17,TRANSFER,2828000.0
T00012288,A0001629,2025-06-21,DEPOSIT,183000.0
T00012289,A0000256,2026-06-12,TRANSFER,4670000.0
T00012290,A0001689,2026-08-04,TRANSFER,4822000.0
T00012291,A0000480,2025-12-12,TRANSFER,1643000.0
T00012292,A0001481,2026-02-10,DEPOSIT,385000.0
T00012293,A0000560,2026-06-08,WITHDRAWAL,1300000.0
T00012294,A0000217,2025-09-19,WITHDRAWAL,237000.0
T00012295,A0000662,2025-09-12,DEPOSIT,3645000.0
T00012296,A0000962,2025-02-23,TRANSFER,1195000.0
T00012297,A0001218,2025-07-14,DEPOSIT,4986000.0
T00012298,A0000904,2025-06-22,TRANSFER,4527000.0
T00012299,A0001353,2025-03-29,TRANSFER,1530000.0
T00012300,A0000471,2026-04-26,TRANSFER,1546000.0
T00012301,A0001161,2025-02-13,DEPOSIT,945000.0
T00012302,A0000889,2026-05-09,WITHDRAWAL,2854000.0
T00012303,A0000153,2026-07-25,WITHDRAWAL,4175000.0
T00012304,A0000024,2026-06-07,WITHDRAWAL,4525000.0
T00012305,A0000006,2026-03-16,DEPOSIT,2947000.0
T00012306,A0001716,2025-11-24,WITHDRAWAL,4486000.0
T00012307,A0001059,2026-03-22,DEPOSIT,829000.0
T00012308,A0000394,2026-08-21,DEPOSIT,4779000.0
T00012309,A0001027,2026-01-26,DEPOSIT,2898000.0
T00012310,A0001744,2025-10-22,DEPOSIT,2101000.0
T00012311,A0001209,2026-02-15,TRANSFER,3958000.0
T00012312,A0001387,2025-09-16,DEPOSIT,2171000.0
T00012313,A0000231,2025-08-10,WITHDRAWAL,4281000.0
T00012314,A0001164,2025-12-09,DEPOSIT,2928000.0
T00012315,A0001174,2025-08-20,TRANSFER,1270000.0
T00012316,A0000771,2025-06-20,TRANSFER,2139000.0
T00012317,A0000316,2026-05-17,DEPOSIT,2859000.0
T00012318,A0000577,2025-09-05,TRANSFER,3912000.0
T00012319,A0000018,2025-06-24,DEPOSIT,1175000.0
T00012320,A0000560,2026-06-01,WITHDRAWAL,2536000.0
T00012321,A0000343,2025-06-11,DEPOSIT,3813000.0
T00012322,A0000658,2026-06-03,TRANSFER,489000.0
T00012323,A0001469,2025-07-12,TRANSFER,3191000.0
T00012324,A0001794,2025-05-18,DEPOSIT,2829000.0
T00012325,A0000696,2025-07-10,WITHDRAWAL,4566000.0
T00012326,A0000183,2025-08-04,TRANSFER,2775000.0
T00012327,A0000913,2025-03-22,DEPOSIT,4822000.0
T00012328,A0001059,2026-08-10,DEPOSIT,1820000.0
T00012329,A0000110,2026-04-17,TRANSFER,4968000.0
T00012330,A0001094,2026-05-02,WITHDRAWAL,3815000.0
T00012331,A0001145,2026-03-16,TRANSFER,1026000.0
T00012332,A0000125,2025-11-01,WITHDRAWAL,4122000.0
T00012333,A0000535,2025-08-21,TRANSFER,3967000.0
T00012334,A0001399,2025-06-16,DEPOSIT,3896000.0
T00012335,A0001673,2025-06-14,WITHDRAWAL,4835000.0
T00012336,A0000859,2025-09-28,TRANSFER,953000.0
T00012337,A0000652,2025-07-05,DEPOSIT,3458000.0
T00012338,A0000174,2025-12-18,TRANSFER,558000.0
T00012339,A0000567,2025-03-05,DEPOSIT,3179000.0
T00012340,A0000458,2025-02-23,WITHDRAWAL,2210000.0
T00012341,A0001171,2025-07-30,WITHDRAWAL,3086000.0
T00012342,A0000878,2026-08-09,TRANSFER,4678000.0
T00012343,A0000747,2025-05-14,WITHDRAWAL,4264000.0
T00012344,A0000076,2026-05-30,TRANSFER,636000.0
T00012345,A0000173,2025-09-15,TRANSFER,1773000.0
T00012346,A0001147,2025-03-14,WITHDRAWAL,2854000.0
T00012347,A0000188,2025-01-07,TRANSFER,4943000.0
T00012348,A0000771,2026-07-22,DEPOSIT,4935000.0
T00012349,A0000288,2026-07-28,DEPOSIT,3713000.0
T00012350,A0000359,2026-02-12,WITHDRAWAL,1612000.0
T00012351,A0000292,2025-03-10,DEPOSIT,3123000.0
T00012352,A0000054,2025-10-08,DEPOSIT,4394000.0
T00012353,A0001018,2026-07-16,TRANSFER,414000.0
T00012354,A0001533,2025-03-13,WITHDRAWAL,1073000.0
T00012355,A0000620,2025-07-25,WITHDRAWAL,2700000.0
T00012356,A0000402,2025-03-11,WITHDRAWAL,817000.0
T00012357,A0001531,2025-04-10,DEPOSIT,2924000.0
T00012358,A0000324,2025-04-23,DEPOSIT,1663000.0
T00012359,A0000295,2025-08-26,WITHDRAWAL,1494000.0
T00012360,A0000155,2025-01-02,TRANSFER,2749000.0
T00012361,A0000090,2025-09-20,WITHDRAWAL,4954000.0
T00012362,A0000724,2026-03-11,WITHDRAWAL,1123000.0
T00012363,A0000083,2026-08-25,TRANSFER,3134000.0
T00012364,A0000471,2026-06-27,DEPOSIT,3199000.0
T00012365,A0000542,2026-04-12,WITHDRAWAL,662000.0
T00012366,A0001390,2026-06-10,TRANSFER,416000.0
T00012367,A0001447,2026-06-15,TRANSFER,3258000.0
T00012368,A0000731,2025-02-02,TRANSFER,3964000.0
T00012369,A0001174,2025-02-23,DEPOSIT,4201000.0
T00012370,A0000279,2025-02-09,WITHDRAWAL,206000.0
T00012371,A0000469,2025-02-04,TRANSFER,2032000.0
T00012372,A0000079,2025-02-11,TRANSFER,3381000.0
T00012373,A0000753,2025-01-05,WITHDRAWAL,2339000.0
T00012374,A0000255,2026-01-28,DEPOSIT,4127000.0
T00012375,A0001202,2026-03-29,DEPOSIT,3337000.0
T00012376,A0000341,2026-08-16,TRANSFER,3341000.0
T00012377,A0001190,2025-07-28,DEPOSIT,94000.0
T00012378,A0000011,2026-05-25,WITHDRAWAL,4191000.0
T00012379,A0000083,2026-08-01,TRANSFER,4955000.0
T00012380,A0000118,2025-09-19,DEPOSIT,4983000.0
T00012381,A0000330,2026-07-08,WITHDRAWAL,661000.0
T00012382,A0001704,2025-12-06,WITHDRAWAL,1690000.0
T00012383,A0001362,2025-10-05,DEPOSIT,2942000.0
T00012384,A0000266,2025-08-26,TRANSFER,3496000.0
T00012385,A0001427,2026-01-10,TRANSFER,188000.0
T00012386,A0001246,2025-07-19,TRANSFER,4529000.0
T00012387,A0000347,2026-01-07,TRANSFER,1483000.0
T00012388,A0001300,2025-02-25,WITHDRAWAL,1101000.0
T00012389,A0000260,2026-03-23,TRANSFER,2881000.0
T00012390,A0001194,2025-01-08,DEPOSIT,1053000.0
T00012391,A0000986,2025-01-25,DEPOSIT,324000.0
T00012392,A0000845,2025-07-22,DEPOSIT,481000.0
T00012393,A0000960,2026-02-18,TRANSFER,3211000.0
T00012394,A0001132,2026-03-08,DEPOSIT,3099000.0
T00012395,A0000713,2025-12-30,WITHDRAWAL,915000.0
T00012396,A0000305,2025-09-12,TRANSFER,1359000.0
T00012397,A0000279,2025-01-30,TRANSFER,2783000.0
T00012398,A0001565,2025-06-15,DEPOSIT,4882000.0
T00012399,A0000048,2026-08-23,DEPOSIT,3524000.0
T00012400,A0001015,2026-07-17,WITHDRAWAL,3092000.0
T00012401,A0000790,2025-04-11,TRANSFER,4340000.0
T00012402,A0001499,2025-03-16,WITHDRAWAL,4087000.0
T00012403,A0001180,2025-08-18,TRANSFER,2747000.0
T00012404,A0000473,2026-04-10,DEPOSIT,1904000.0
T00012405,A0000196,2025-04-29,DEPOSIT,1332000.0
T00012406,A0000636,2025-09-09,DEPOSIT,141000.0
T00012407,A0000743,2026-06-23,DEPOSIT,4557000.0
T00012408,A0000305,2025-03-30,DEPOSIT,4780000.0
T00012409,A0000027,2026-07-27,TRANSFER,2538000.0
T00012410,A0000907,2026-03-05,DEPOSIT,3485000.0
T00012411,A0000189,2025-12-23,TRANSFER,3158000.0
T00012412,A0000474,2026-08-06,DEPOSIT,2276000.0
T00012413,A0001150,2026-08-22,TRANSFER,3570000.0
T00012414,A0000269,2025-04-13,WITHDRAWAL,1969000.0
T00012415,A0000007,2025-11-21,TRANSFER,3919000.0
T00012416,A0001004,2025-01-01,TRANSFER,681000.0
T00012417,A0001114,2025-12-05,WITHDRAWAL,320000.0
T00012418,A0000599,2025-03-28,WITHDRAWAL,4179000.0
T00012419,A0001211,2025-03-29,TRANSFER,3086000.0
T00012420,A0001744,2026-03-21,DEPOSIT,425000.0
T00012421,A0001736,2025-04-25,WITHDRAWAL,732000.0
T00012422,A0000541,2025-05-15,TRANSFER,460000.0
T00012423,A0000726,2025-08-20,DEPOSIT,352000.0
T00012424,A0000571,2025-09-30,TRANSFER,2617000.0
T00012425,A0001374,2026-03-15,DEPOSIT,1964000.0
T00012426,A0001504,2026-08-21,WITHDRAWAL,3185000.0
T00012427,A0001456,2025-01-06,TRANSFER,3390000.0
T00012428,A0000673,2025-12-27,TRANSFER,3821000.0
T00012429,A0001040,2026-06-12,DEPOSIT,2533000.0
T00012430,A0001682,2026-01-08,WITHDRAWAL,1778000.0
T00012431,A0001162,2025-05-09,TRANSFER,3808000.0
T00012432,A0000259,2025-03-15,TRANSFER,787000.0
T00012433,A0001467,2026-02-05,TRANSFER,2039000.0
T00012434,A0000229,2025-04-24,TRANSFER,1155000.0
T00012435,A0000924,2025-06-04,TRANSFER,2590000.0
T00012436,A0000920,2025-10-03,WITHDRAWAL,4841000.0
T00012437,A0000101,2026-07-29,TRANSFER,1727000.0
T00012438,A0001319,2025-10-08,DEPOSIT,1623000.0
T00012439,A0000002,2025-07-13,WITHDRAWAL,380000.0
T00012440,A0001629,2026-03-14,WITHDRAWAL,2834000.0
T00012441,A0001705,2025-10-11,TRANSFER,1827000.0
T00012442,A0000179,2025-07-04,TRANSFER,1506000.0
T00012443,A0000143,2025-02-12,DEPOSIT,1474000.0
T00012444,A0000635,2025-08-29,TRANSFER,1826000.0
T00012445,A0001133,2025-02-03,TRANSFER,4540000.0
T00012446,A0000232,2025-04-28,TRANSFER,2674000.0
T00012447,A0001575,2025-08-12,WITHDRAWAL,1290000.0
T00012448,A0001495,2026-03-18,WITHDRAWAL,3880000.0
T00012449,A0001664,2025-01-25,TRANSFER,24000.0
T00012450,A0001693,2025-04-27,DEPOSIT,536000.0
T00012451,A0000981,2026-02-19,DEPOSIT,767000.0
T00012452,A0000450,2025-07-08,DEPOSIT,2158000.0
T00012453,A0000934,2025-01-03,TRANSFER,2562000.0
T00012454,A0000028,2025-09-21,DEPOSIT,3802000.0
T00012455,A0000640,2026-06-05,TRANSFER,4337000.0
T00012456,A0000496,2025-10-02,TRANSFER,2959000.0
T00012457,A0001787,2025-08-14,DEPOSIT,3166000.0
T00012458,A0000075,2026-06-02,WITHDRAWAL,928000.0
T00012459,A0001240,2025-03-21,DEPOSIT,2656000.0
T00012460,A0001643,2025-08-28,TRANSFER,1598000.0
T00012461,A0000613,2025-12-07,DEPOSIT,4197000.0
T00012462,A0000095,2026-07-17,WITHDRAWAL,2188000.0
T00012463,A0000141,2025-03-21,TRANSFER,1301000.0
T00012464,A0000012,2025-07-12,DEPOSIT,1499000.0
T00012465,A0000714,2025-05-15,WITHDRAWAL,4429000.0
T00012466,A0000950,2025-05-25,TRANSFER,371000.0
T00012467,A0000996,2026-02-06,DEPOSIT,3444000.0
T00012468,A0000873,2025-08-20,WITHDRAWAL,1798000.0
T00012469,A0000839,2026-01-15,DEPOSIT,699000.0
T00012470,A0000862,2025-02-19,DEPOSIT,4166000.0
T00012471,A0000648,2025-09-29,WITHDRAWAL,3751000.0
T00012472,A0000753,2026-01-24,DEPOSIT,1916000.0
T00012473,A0001606,2025-06-27,WITHDRAWAL,847000.0
T00012474,A0001271,2025-05-23,WITHDRAWAL,1055000.0
T00012475,A0001347,2026-06-04,TRANSFER,734000.0
T00012476,A0000951,2025-04-22,WITHDRAWAL,1546000.0
T00012477,A0000255,2025-04-30,WITHDRAWAL,81000.0
T00012478,A0001142,2025-04-26,TRANSFER,2374000.0
T00012479,A0001116,2025-05-20,TRANSFER,1038000.0
T00012480,A0001514,2025-12-06,DEPOSIT,531000.0
T00012481,A0001027,2026-06-06,TRANSFER,3363000.0
T00012482,A0000190,2025-08-01,DEPOSIT,3719000.0
T00012483,A0001510,2026-04-21,WITHDRAWAL,2921000.0
T00012484,A0001537,2025-12-05,WITHDRAWAL,3978000.0
T00012485,A0001375,2026-07-22,WITHDRAWAL,3611000.0
T00012486,A0001028,2025-08-09,DEPOSIT,4700000.0
T00012487,A0001565,2026-08-01,WITHDRAWAL,3638000.0
T00012488,A0001775,2025-03-22,DEPOSIT,1531000.0
T00012489,A0000552,2025-11-03,DEPOSIT,2742000.0
T00012490,A0000675,2025-11-22,DEPOSIT,1977000.0
T00012491,A0001619,2025-08-09,DEPOSIT,1463000.0
T00012492,A0000041,2026-06-21,TRANSFER,504000.0
T00012493,A0000957,2025-02-22,DEPOSIT,2490000.0
T00012494,A0001004,2025-01-08,DEPOSIT,1135000.0
T00012495,A0001741,2025-01-11,WITHDRAWAL,677000.0
T00012496,A0000022,2025-10-04,DEPOSIT,2430000.0
T00012497,A0000275,2026-07-25,WITHDRAWAL,4938000.0
T00012498,A0001153,2026-08-05,TRANSFER,832000.0
T00012499,A0001072,2025-11-01,WITHDRAWAL,3809000.0
T00012500,A0001018,2026-05-06,TRANSFER,4448000.0
T00012501,A0001643,2026-04-13,TRANSFER,1633000.0
T00012502,A0000518,2026-05-29,TRANSFER,738000.0
T00012503,A0001232,2025-04-01,DEPOSIT,4082000.0
T00012504,A0000217,2026-07-17,WITHDRAWAL,3642000.0
T00012505,A0001449,2026-06-03,DEPOSIT,2632000.0
T00012506,A0001406,2026-01-14,TRANSFER,4472000.0
T00012507,A0000675,2025-09-23,WITHDRAWAL,4342000.0
T00012508,A0001341,2025-03-21,WITHDRAWAL,3140000.0
T00012509,A0001731,2025-12-08,DEPOSIT,1585000.0
T00012510,A0001502,2025-10-11,TRANSFER,3084000.0
T00012511,A0001225,2025-03-28,DEPOSIT,4372000.0
T00012512,A0000436,2025-02-17,DEPOSIT,2822000.0
T00012513,A0001381,2025-03-05,DEPOSIT,2422000.0
T00012514,A0001197,2025-02-07,DEPOSIT,3504000.0
T00012515,A0001277,2025-04-29,TRANSFER,4408000.0
T00012516,A0001527,2025-01-17,DEPOSIT,1580000.0
T00012517,A0000168,2026-05-14,TRANSFER,2466000.0
T00012518,A0001573,2025-03-23,WITHDRAWAL,802000.0
T00012519,A0001105,2026-03-30,WITHDRAWAL,1615000.0
T00012520,A0001607,2025-09-18,TRANSFER,2547000.0
T00012521,A0000699,2025-03-28,DEPOSIT,2976000.0
T00012522,A0000918,2025-10-02,WITHDRAWAL,1411000.0
T00012523,A0001011,2025-03-06,TRANSFER,3178000.0
T00012524,A0000450,2026-04-21,WITHDRAWAL,2971000.0
T00012525,A0000675,2025-03-29,DEPOSIT,3763000.0
T00012526,A0000673,2026-03-22,DEPOSIT,1518000.0
T00012527,A0001673,2025-04-30,TRANSFER,97000.0
T00012528,A0000089,2025-06-21,DEPOSIT,4932000.0
T00012529,A0001605,2026-03-20,DEPOSIT,1216000.0
T00012530,A0001565,2025-08-29,WITHDRAWAL,4760000.0
T00012531,A0000274,2025-01-23,WITHDRAWAL,797000.0
T00012532,A0000105,2025-10-01,WITHDRAWAL,3678000.0
T00012533,A0000515,2025-07-16,TRANSFER,4771000.0
T00012534,A0001078,2026-02-15,WITHDRAWAL,1709000.0
T00012535,A0001795,2025-06-06,TRANSFER,986000.0
T00012536,A0000877,2026-07-08,DEPOSIT,3834000.0
T00012537,A0000127,2025-07-06,TRANSFER,4822000.0
T00012538,A0000764,2026-08-11,TRANSFER,1703000.0
T00012539,A0000208,2025-06-16,DEPOSIT,767000.0
T00012540,A0001084,2026-04-15,WITHDRAWAL,1344000.0
T00012541,A0001678,2025-02-12,TRANSFER,4125000.0
T00012542,A0000354,2025-01-28,DEPOSIT,172000.0
T00012543,A0000583,2026-01-18,DEPOSIT,4838000.0
T00012544,A0000596,2026-03-12,DEPOSIT,1879000.0
T00012545,A0000397,2025-06-07,WITHDRAWAL,875000.0
T00012546,A0000389,2026-02-14,TRANSFER,3610000.0
T00012547,A0000890,2025-01-20,TRANSFER,1994000.0
T00012548,A0001670,2026-08-01,DEPOSIT,3299000.0
T00012549,A0000957,2025-10-24,TRANSFER,1924000.0
T00012550,A0000371,2026-07-11,TRANSFER,3770000.0
T00012551,A0001297,2026-05-27,TRANSFER,1377000.0
T00012552,A0000340,2025-02-23,TRANSFER,2594000.0
T00012553,A0000059,2025-10-29,TRANSFER,1929000.0
T00012554,A0001250,2026-06-20,WITHDRAWAL,4649000.0
T00012555,A0000729,2025-05-24,TRANSFER,2255000.0
T00012556,A0000748,2025-01-15,WITHDRAWAL,4324000.0
T00012557,A0001729,2026-04-09,WITHDRAWAL,2387000.0
T00012558,A0000596,2025-08-07,WITHDRAWAL,4594000.0
T00012559,A0000095,2025-07-07,TRANSFER,4049000.0
T00012560,A0000065,2025-11-17,DEPOSIT,2945000.0
T00012561,A0000850,2025-07-07,DEPOSIT,2455000.0
T00012562,A0001568,2025-01-10,WITHDRAWAL,4435000.0
T00012563,A0000888,2025-12-31,TRANSFER,3073000.0
T00012564,A0001574,2026-05-27,WITHDRAWAL,604000.0
T00012565,A0001196,2026-05-13,TRANSFER,810000.0
T00012566,A0000283,2025-04-02,WITHDRAWAL,80000.0
T00012567,A0000797,2025-04-20,DEPOSIT,980000.0
T00012568,A0000101,2025-07-23,WITHDRAWAL,2129000.0
T00012569,A0001408,2026-07-02,TRANSFER,2711000.0
T00012570,A0000878,2025-07-03,DEPOSIT,3907000.0
T00012571,A0000379,2026-01-24,DEPOSIT,1445000.0
T00012572,A0000225,2025-06-06,TRANSFER,3013000.0
T00012573,A0001773,2025-06-20,WITHDRAWAL,2494000.0
T00012574,A0000993,2026-01-08,WITHDRAWAL,3297000.0
T00012575,A0001177,2026-04-21,TRANSFER,2591000.0
T00012576,A0000976,2026-06-12,DEPOSIT,2589000.0
T00012577,A0001082,2026-06-04,TRANSFER,4342000.0
T00012578,A0000568,2025-04-25,TRANSFER,3603000.0
T00012579,A0000987,2026-06-06,WITHDRAWAL,3250000.0
T00012580,A0001355,2025-04-07,TRANSFER,1637000.0
T00012581,A0001492,2025-07-06,TRANSFER,3032000.0
T00012582,A0000867,2025-09-08,WITHDRAWAL,436000.0
T00012583,A0000072,2025-08-27,TRANSFER,2623000.0
T00012584,A0001120,2025-07-09,DEPOSIT,536000.0
T00012585,A0000925,2025-02-07,DEPOSIT,3055000.0
T00012586,A0000509,2026-01-13,TRANSFER,3804000.0
T00012587,A0001693,2025-06-25,TRANSFER,4649000.0
T00012588,A0001329,2025-11-27,TRANSFER,4640000.0
T00012589,A0001698,2026-06-03,DEPOSIT,1042000.0
T00012590,A0001150,2025-08-30,TRANSFER,1163000.0
T00012591,A0001730,2026-06-27,TRANSFER,3265000.0
T00012592,A0000438,2025-06-24,TRANSFER,4597000.0
T00012593,A0001554,2026-01-25,DEPOSIT,4513000.0
T00012594,A0001369,2025-06-25,TRANSFER,154000.0
T00012595,A0000370,2025-06-25,TRANSFER,2309000.0
T00012596,A0000285,2025-08-20,WITHDRAWAL,4373000.0
T00012597,A0001349,2025-12-24,DEPOSIT,4432000.0
T00012598,A0001736,2026-03-01,WITHDRAWAL,3872000.0
T00012599,A0001016,2025-01-29,DEPOSIT,2914000.0
T00012600,A0000496,2025-04-21,WITHDRAWAL,3323000.0
T00012601,A0001287,2025-04-09,TRANSFER,3828000.0
T00012602,A0001549,2025-07-25,DEPOSIT,2098000.0
T00012603,A0001200,2025-03-01,WITHDRAWAL,4522000.0
T00012604,A0001064,2025-05-21,TRANSFER,3451000.0
T00012605,A0000728,2025-12-06,TRANSFER,233000.0
T00012606,A0000052,2025-04-05,DEPOSIT,2537000.0
T00012607,A0000384,2025-03-10,DEPOSIT,1930000.0
T00012608,A0000778,2025-06-27,TRANSFER,4997000.0
T00012609,A0001668,2025-06-12,DEPOSIT,3837000.0
T00012610,A0000614,2026-08-05,TRANSFER,1377000.0
T00012611,A0000200,2025-05-08,DEPOSIT,3165000.0
T00012612,A0000070,2025-11-11,DEPOSIT,250000.0
T00012613,A0000003,2025-01-26,DEPOSIT,328000.0
T00012614,A0000281,2025-06-01,DEPOSIT,4685000.0
T00012615,A0001566,2025-09-16,WITHDRAWAL,4951000.0
T00012616,A0001340,2026-04-30,DEPOSIT,2857000.0
T00012617,A0000019,2026-06-07,DEPOSIT,2463000.0
T00012618,A0001322,2025-09-02,WITHDRAWAL,4652000.0
T00012619,A0000290,2026-05-29,WITHDRAWAL,1476000.0
T00012620,A0001049,2026-06-10,TRANSFER,517000.0
T00012621,A0000838,2026-08-15,TRANSFER,3996000.0
T00012622,A0001564,2025-04-14,DEPOSIT,3738000.0
T00012623,A0000315,2025-06-15,WITHDRAWAL,3882000.0
T00012624,A0000842,2025-09-02,DEPOSIT,1105000.0
T00012625,A0001624,2025-12-30,DEPOSIT,388000.0
T00012626,A0000950,2026-05-29,WITHDRAWAL,1231000.0
T00012627,A0000981,2026-01-29,WITHDRAWAL,2628000.0
T00012628,A0000259,2025-08-01,TRANSFER,3277000.0
T00012629,A0000996,2025-03-01,TRANSFER,4989000.0
T00012630,A0000570,2025-05-26,DEPOSIT,4191000.0
T00012631,A0001365,2025-08-27,DEPOSIT,3559000.0
T00012632,A0000190,2026-04-08,DEPOSIT,1011000.0
T00012633,A0000962,2025-10-09,DEPOSIT,1775000.0
T00012634,A0000854,2026-07-27,WITHDRAWAL,4194000.0
T00012635,A0001197,2026-02-17,DEPOSIT,2264000.0
T00012636,A0000717,2025-03-19,TRANSFER,1800000.0
T00012637,A0000023,2025-04-28,DEPOSIT,1429000.0
T00012638,A0001136,2026-05-08,DEPOSIT,938000.0
T00012639,A0001274,2026-02-21,DEPOSIT,4030000.0
T00012640,A0000404,2025-05-14,WITHDRAWAL,3150000.0
T00012641,A0001345,2025-10-07,WITHDRAWAL,1309000.0
T00012642,A0000331,2025-10-07,TRANSFER,1352000.0
T00012643,A0001619,2026-02-03,TRANSFER,4268000.0
T00012644,A0001454,2025-02-24,DEPOSIT,4622000.0
T00012645,A0000443,2025-11-22,WITHDRAWAL,3947000.0
T00012646,A0000362,2026-02-12,DEPOSIT,2274000.0
T00012647,A0000531,2025-05-07,TRANSFER,4263000.0
T00012648,A0001533,2025-07-09,WITHDRAWAL,4308000.0
T00012649,A0000289,2026-01-14,WITHDRAWAL,3747000.0
T00012650,A0001609,2025-04-16,WITHDRAWAL,2971000.0
T00012651,A0000692,2025-02-04,WITHDRAWAL,2435000.0
T00012652,A0001764,2025-09-21,WITHDRAWAL,3767000.0
T00012653,A0001539,2026-08-08,DEPOSIT,3847000.0
T00012654,A0001381,2025-01-08,DEPOSIT,4309000.0
T00012655,A0001076,2026-04-29,DEPOSIT,1550000.0
T00012656,A0001277,2026-08-05,TRANSFER,3002000.0
T00012657,A0001740,2026-07-04,TRANSFER,3266000.0
T00012658,A0001481,2025-11-08,TRANSFER,2102000.0
T00012659,A0000244,2026-08-11,TRANSFER,4780000.0
T00012660,A0000994,2026-08-21,DEPOSIT,2051000.0
T00012661,A0001625,2026-05-01,TRANSFER,3271000.0
T00012662,A0000349,2025-09-26,TRANSFER,4125000.0
T00012663,A0001250,2026-03-30,DEPOSIT,3703000.0
T00012664,A0000735,2026-06-17,DEPOSIT,3014000.0
T00012665,A0001033,2026-07-07,TRANSFER,4372000.0
T00012666,A0001773,2026-05-24,WITHDRAWAL,941000.0
T00012667,A0000809,2026-06-19,TRANSFER,1188000.0
T00012668,A0000084,2025-12-09,DEPOSIT,2277000.0
T00012669,A0001019,2025-06-26,WITHDRAWAL,4281000.0
T00012670,A0000128,2025-10-28,TRANSFER,2824000.0
T00012671,A0001663,2025-05-30,DEPOSIT,1031000.0
T00012672,A0000021,2025-02-05,WITHDRAWAL,3514000.0
T00012673,A0000512,2025-03-30,WITHDRAWAL,1105000.0
T00012674,A0000492,2026-06-27,DEPOSIT,582000.0
T00012675,A0000735,2025-10-02,DEPOSIT,3570000.0
T00012676,A0000575,2026-06-19,TRANSFER,1290000.0
T00012677,A0001687,2026-02-20,WITHDRAWAL,494000.0
T00012678,A0000774,2025-10-07,DEPOSIT,2324000.0
T00012679,A0001165,2025-10-16,TRANSFER,542000.0
T00012680,A0000052,2025-08-16,WITHDRAWAL,1555000.0
T00012681,A0000055,2026-03-19,WITHDRAWAL,2657000.0
T00012682,A0000195,2025-09-28,TRANSFER,714000.0
T00012683,A0000751,2026-07-11,DEPOSIT,4772000.0
T00012684,A0001554,2025-01-25,TRANSFER,1482000.0
T00012685,A0001561,2026-07-28,WITHDRAWAL,4862000.0
T00012686,A0000081,2026-03-13,TRANSFER,552000.0
T00012687,A0000515,2026-02-26,TRANSFER,1713000.0
T00012688,A0001091,2026-08-10,WITHDRAWAL,425000.0
T00012689,A0000781,2026-03-07,WITHDRAWAL,4661000.0
T00012690,A0000356,2026-05-30,TRANSFER,6000.0
T00012691,A0001542,2025-01-31,WITHDRAWAL,3509000.0
T00012692,A0001732,2026-01-07,TRANSFER,3851000.0
T00012693,A0000123,2025-11-18,TRANSFER,1868000.0
T00012694,A0000879,2026-05-22,TRANSFER,2976000.0
T00012695,A0001733,2025-10-08,TRANSFER,1553000.0
T00012696,A0000875,2026-06-01,TRANSFER,1940000.0
T00012697,A0000861,2025-09-15,WITHDRAWAL,1127000.0
T00012698,A0000758,2026-06-30,TRANSFER,3735000.0
T00012699,A0000116,2025-01-18,WITHDRAWAL,667000.0
T00012700,A0000754,2026-02-09,DEPOSIT,2355000.0
T00012701,A0001496,2025-02-26,DEPOSIT,4842000.0
T00012702,A0000397,2025-09-08,DEPOSIT,4471000.0
T00012703,A0000308,2025-11-09,WITHDRAWAL,1530000.0
T00012704,A0001434,2025-06-25,TRANSFER,558000.0
T00012705,A0001536,2026-07-19,DEPOSIT,991000.0
T00012706,A0000673,2025-03-24,DEPOSIT,205000.0
T00012707,A0001044,2025-11-08,WITHDRAWAL,510000.0
T00012708,A0000093,2026-06-08,DEPOSIT,3222000.0
T00012709,A0001216,2025-09-08,WITHDRAWAL,3018000.0
T00012710,A0000496,2025-07-13,WITHDRAWAL,1914000.0
T00012711,A0001759,2026-02-11,TRANSFER,3970000.0
T00012712,A0001679,2026-07-28,TRANSFER,665000.0
T00012713,A0001683,2025-05-11,WITHDRAWAL,4656000.0
T00012714,A0001491,2025-01-17,TRANSFER,2934000.0
T00012715,A0000424,2025-04-17,DEPOSIT,4406000.0
T00012716,A0000767,2026-02-03,DEPOSIT,3554000.0
T00012717,A0000535,2025-09-25,DEPOSIT,673000.0
T00012718,A0001689,2025-02-05,TRANSFER,3726000.0
T00012719,A0000460,2025-02-23,DEPOSIT,4810000.0
T00012720,A0001780,2025-12-29,TRANSFER,858000.0
T00012721,A0000934,2025-07-26,DEPOSIT,1824000.0
T00012722,A0000870,2025-10-05,DEPOSIT,4541000.0
T00012723,A0000184,2026-01-04,TRANSFER,2852000.0
T00012724,A0001662,2025-09-04,TRANSFER,3457000.0
T00012725,A0000110,2025-08-26,TRANSFER,4332000.0
T00012726,A0000475,2025-05-28,TRANSFER,2915000.0
T00012727,A0001100,2026-02-24,DEPOSIT,3814000.0
T00012728,A0001273,2025-08-16,TRANSFER,1153000.0
T00012729,A0000842,2025-05-21,TRANSFER,3903000.0
T00012730,A0001161,2025-03-08,DEPOSIT,4883000.0
T00012731,A0000336,2026-08-12,DEPOSIT,1874000.0
T00012732,A0001363,2025-09-03,DEPOSIT,1605000.0
T00012733,A0000490,2025-04-22,TRANSFER,2751000.0
T00012734,A0000384,2025-04-27,DEPOSIT,547000.0
T00012735,A0001691,2026-04-04,DEPOSIT,3427000.0
T00012736,A0000234,2026-05-20,DEPOSIT,754000.0
T00012737,A0001711,2025-03-03,TRANSFER,4814000.0
T00012738,A0001616,2026-07-13,TRANSFER,1498000.0
T00012739,A0001627,2025-10-07,TRANSFER,1251000.0
T00012740,A0000666,2026-02-18,DEPOSIT,4750000.0
T00012741,A0001000,2025-03-07,DEPOSIT,527000.0
T00012742,A0000363,2026-04-18,WITHDRAWAL,2136000.0
T00012743,A0001777,2025-04-27,DEPOSIT,3153000.0
T00012744,A0001023,2026-05-19,DEPOSIT,844000.0
T00012745,A0000284,2026-01-31,WITHDRAWAL,4468000.0
T00012746,A0000830,2025-05-25,TRANSFER,4767000.0
T00012747,A0001262,2025-11-07,TRANSFER,3452000.0
T00012748,A0000389,2025-08-29,TRANSFER,3356000.0
T00012749,A0000114,2025-01-10,WITHDRAWAL,437000.0
T00012750,A0000322,2026-02-09,WITHDRAWAL,37000.0
T00012751,A0001061,2025-03-26,TRANSFER,1881000.0
T00012752,A0000854,2025-02-28,TRANSFER,848000.0
T00012753,A0000537,2026-06-22,WITHDRAWAL,3010000.0
T00012754,A0000921,2026-08-13,DEPOSIT,2140000.0
T00012755,A0000659,2025-04-03,DEPOSIT,1271000.0
T00012756,A0000023,2025-12-08,WITHDRAWAL,1942000.0
T00012757,A0001619,2025-01-27,DEPOSIT,4460000.0
T00012758,A0001192,2026-03-31,WITHDRAWAL,1769000.0
T00012759,A0000287,2025-01-20,TRANSFER,75000.0
T00012760,A0000750,2025-03-13,WITHDRAWAL,4777000.0
T00012761,A0001159,2026-05-22,TRANSFER,3328000.0
T00012762,A0000981,2025-06-14,TRANSFER,3068000.0
T00012763,A0000629,2025-09-14,TRANSFER,668000.0
T00012764,A0000113,2025-03-25,DEPOSIT,2260000.0
T00012765,A0000993,2025-03-14,WITHDRAWAL,3715000.0
T00012766,A0000829,2025-07-26,DEPOSIT,3346000.0
T00012767,A0000874,2025-11-20,TRANSFER,2379000.0
T00012768,A0000319,2025-12-09,DEPOSIT,4246000.0
T00012769,A0000904,2025-04-17,WITHDRAWAL,1294000.0
T00012770,A0000840,2026-04-12,DEPOSIT,3297000.0
T00012771,A0001584,2025-05-05,DEPOSIT,1651000.0
T00012772,A0000983,2026-01-04,TRANSFER,2778000.0
T00012773,A0000001,2025-07-01,WITHDRAWAL,3711000.0
T00012774,A0000358,2025-05-19,DEPOSIT,3134000.0
T00012775,A0000369,2026-04-10,TRANSFER,2502000.0
T00012776,A0000602,2026-03-23,WITHDRAWAL,4130000.0
T00012777,A0001498,2025-12-22,WITHDRAWAL,189000.0
T00012778,A0001584,2025-07-15,TRANSFER,4377000.0
T00012779,A0000097,2025-05-28,TRANSFER,3463000.0
T00012780,A0000436,2025-04-23,TRANSFER,3833000.0
T00012781,A0000024,2026-06-20,TRANSFER,1221000.0
T00012782,A0001214,2025-05-29,DEPOSIT,589000.0
T00012783,A0000212,2026-04-16,DEPOSIT,388000.0
T00012784,A0001182,2026-01-19,DEPOSIT,1837000.0
T00012785,A0000152,2025-07-09,WITHDRAWAL,2605000.0
T00012786,A0001425,2026-06-24,TRANSFER,4934000.0
T00012787,A0000430,2026-06-10,DEPOSIT,843000.0
T00012788,A0000295,2026-01-11,DEPOSIT,1684000.0
T00012789,A0001221,2026-05-22,DEPOSIT,4607000.0
T00012790,A0001030,2025-03-09,DEPOSIT,2305000.0
T00012791,A0000231,2025-12-11,WITHDRAWAL,791000.0
T00012792,A0001300,2025-12-03,TRANSFER,1610000.0
T00012793,A0000657,2025-08-05,TRANSFER,1678000.0
T00012794,A0000049,2025-07-07,TRANSFER,944000.0
T00012795,A0000499,2025-10-14,TRANSFER,4851000.0
T00012796,A0000375,2026-06-01,WITHDRAWAL,4073000.0
T00012797,A0000559,2025-08-12,DEPOSIT,294000.0
T00012798,A0001616,2025-01-14,WITHDRAWAL,3480000.0
T00012799,A0000881,2025-01-07,DEPOSIT,2732000.0
T00012800,A0000347,2025-02-11,WITHDRAWAL,4102000.0
T00012801,A0001461,2025-03-31,WITHDRAWAL,522000.0
T00012802,A0001579,2026-05-21,WITHDRAWAL,4157000.0
T00012803,A0001291,2026-01-16,DEPOSIT,1647000.0
T00012804,A0001750,2025-05-06,WITHDRAWAL,249000.0
T00012805,A0000181,2025-04-20,DEPOSIT,1836000.0
T00012806,A0000091,2026-08-19,WITHDRAWAL,4617000.0
T00012807,A0000790,2026-04-20,TRANSFER,627000.0
T00012808,A0000870,2026-05-31,DEPOSIT,3218000.0
T00012809,A0000740,2026-03-03,TRANSFER,3825000.0
T00012810,A0000515,2025-04-10,TRANSFER,3223000.0
T00012811,A0001731,2025-11-22,WITHDRAWAL,4788000.0
T00012812,A0001392,2025-09-02,TRANSFER,3009000.0
T00012813,A0001213,2025-05-09,TRANSFER,4563000.0
T00012814,A0000555,2025-09-04,WITHDRAWAL,3759000.0
T00012815,A0000758,2025-11-23,DEPOSIT,1242000.0
T00012816,A0000675,2026-05-30,WITHDRAWAL,2059000.0
T00012817,A0000840,2025-10-19,WITHDRAWAL,4564000.0
T00012818,A0000493,2026-08-19,TRANSFER,2230000.0
T00012819,A0001697,2026-07-26,WITHDRAWAL,738000.0
T00012820,A0001706,2025-09-11,DEPOSIT,3285000.0
T00012821,A0000922,2026-08-20,DEPOSIT,4626000.0
T00012822,A0000935,2026-06-27,WITHDRAWAL,4563000.0
T00012823,A0001445,2025-09-01,WITHDRAWAL,3732000.0
T00012824,A0001245,2025-03-22,TRANSFER,907000.0
T00012825,A0000462,2025-10-05,WITHDRAWAL,1416000.0
T00012826,A0001700,2025-11-01,WITHDRAWAL,2257000.0
T00012827,A0001727,2026-07-26,WITHDRAWAL,1469000.0
T00012828,A0000908,2026-05-20,DEPOSIT,3420000.0
T00012829,A0000813,2026-03-05,DEPOSIT,2522000.0
T00012830,A0000900,2026-07-14,TRANSFER,4268000.0
T00012831,A0001563,2026-03-19,WITHDRAWAL,3530000.0
T00012832,A0001693,2025-03-26,DEPOSIT,3946000.0
T00012833,A0000127,2026-08-13,TRANSFER,2659000.0
T00012834,A0000963,2026-02-28,DEPOSIT,439000.0
T00012835,A0000091,2025-06-03,WITHDRAWAL,4448000.0
T00012836,A0001720,2025-08-01,TRANSFER,3009000.0
T00012837,A0001258,2026-05-16,DEPOSIT,2852000.0
T00012838,A0000622,2025-10-30,DEPOSIT,291000.0
T00012839,A0001545,2025-05-22,WITHDRAWAL,198000.0
T00012840,A0000367,2025-02-02,DEPOSIT,2028000.0
T00012841,A0000609,2026-03-21,TRANSFER,4948000.0
T00012842,A0001091,2025-01-18,TRANSFER,1884000.0
T00012843,A0000767,2025-07-24,WITHDRAWAL,2640000.0
T00012844,A0000509,2026-07-31,TRANSFER,94000.0
T00012845,A0000802,2026-01-26,TRANSFER,4301000.0
T00012846,A0001092,2025-02-09,WITHDRAWAL,745000.0
T00012847,A0000106,2025-01-29,DEPOSIT,1501000.0
T00012848,A0000607,2026-02-17,DEPOSIT,3445000.0
T00012849,A0000151,2026-05-10,WITHDRAWAL,4436000.0
T00012850,A0001284,2025-07-30,DEPOSIT,3110000.0
T00012851,A0001315,2025-08-24,DEPOSIT,2492000.0
T00012852,A0000125,2026-07-06,WITHDRAWAL,2803000.0
T00012853,A0000992,2025-08-06,DEPOSIT,1629000.0
T00012854,A0000445,2025-05-09,DEPOSIT,4455000.0
T00012855,A0001648,2025-11-22,DEPOSIT,3398000.0
T00012856,A0001004,2026-08-08,WITHDRAWAL,299000.0
T00012857,A0000720,2025-01-22,TRANSFER,531000.0
T00012858,A0001435,2026-01-15,WITHDRAWAL,2183000.0
T00012859,A0000851,2026-03-24,DEPOSIT,2562000.0
T00012860,A0000009,2026-06-10,TRANSFER,3005000.0
T00012861,A0001031,2025-07-07,WITHDRAWAL,4839000.0
T00012862,A0000266,2026-01-28,DEPOSIT,3787000.0
T00012863,A0000151,2025-07-02,WITHDRAWAL,3992000.0
T00012864,A0000387,2026-04-07,DEPOSIT,3657000.0
T00012865,A0000101,2026-07-19,WITHDRAWAL,722000.0
T00012866,A0001695,2025-12-08,TRANSFER,4706000.0
T00012867,A0000408,2025-05-02,WITHDRAWAL,3332000.0
T00012868,A0001609,2025-10-14,DEPOSIT,3491000.0
T00012869,A0001448,2025-07-08,WITHDRAWAL,557000.0
T00012870,A0001622,2026-03-16,TRANSFER,4848000.0
T00012871,A0000460,2025-04-22,TRANSFER,2270000.0
T00012872,A0000711,2026-07-14,TRANSFER,4896000.0
T00012873,A0000550,2026-06-27,WITHDRAWAL,2043000.0
T00012874,A0000982,2025-06-07,DEPOSIT,2481000.0
T00012875,A0001125,2025-08-07,TRANSFER,1551000.0
T00012876,A0001646,2025-04-30,TRANSFER,1686000.0
T00012877,A0000113,2026-07-29,DEPOSIT,1057000.0
T00012878,A0000298,2025-04-17,WITHDRAWAL,109000.0
T00012879,A0000632,2025-02-27,WITHDRAWAL,950000.0
T00012880,A0001436,2025-04-04,WITHDRAWAL,4103000.0
T00012881,A0000359,2025-02-13,TRANSFER,3971000.0
T00012882,A0000087,2025-03-09,WITHDRAWAL,4067000.0
T00012883,A0000434,2025-01-18,TRANSFER,2288000.0
T00012884,A0001120,2025-01-19,TRANSFER,4271000.0
T00012885,A0001460,2025-12-06,TRANSFER,3704000.0
T00012886,A0001687,2026-08-11,WITHDRAWAL,526000.0
T00012887,A0000250,2025-01-12,WITHDRAWAL,2829000.0
T00012888,A0000120,2025-07-24,TRANSFER,1385000.0
T00012889,A0001659,2025-12-02,WITHDRAWAL,4347000.0
T00012890,A0001439,2026-06-01,TRANSFER,2642000.0
T00012891,A0000993,2025-10-05,TRANSFER,4835000.0
T00012892,A0000564,2026-08-29,TRANSFER,4191000.0
T00012893,A0001221,2026-05-02,TRANSFER,4244000.0
T00012894,A0000009,2026-06-27,TRANSFER,3411000.0
T00012895,A0001394,2025-12-26,WITHDRAWAL,1073000.0
T00012896,A0000857,2025-07-10,TRANSFER,445000.0
T00012897,A0000072,2025-09-27,WITHDRAWAL,292000.0
T00012898,A0000396,2026-04-08,WITHDRAWAL,3115000.0
T00012899,A0000405,2025-03-01,DEPOSIT,3235000.0
T00012900,A0001563,2026-01-17,WITHDRAWAL,776000.0
T00012901,A0001249,2025-11-10,WITHDRAWAL,1979000.0
T00012902,A0000058,2025-06-24,WITHDRAWAL,642000.0
T00012903,A0000123,2025-01-02,TRANSFER,1572000.0
T00012904,A0000912,2025-03-07,TRANSFER,3472000.0
T00012905,A0001602,2026-05-22,DEPOSIT,4738000.0
T00012906,A0001108,2026-03-20,TRANSFER,2641000.0
T00012907,A0000683,2025-02-09,DEPOSIT,434000.0
T00012908,A0000925,2025-03-05,WITHDRAWAL,1984000.0
T00012909,A0000878,2026-05-26,WITHDRAWAL,2876000.0
T00012910,A0000712,2026-03-24,WITHDRAWAL,2925000.0
T00012911,A0000154,2026-04-28,WITHDRAWAL,4116000.0
T00012912,A0001247,2025-04-17,DEPOSIT,4240000.0
T00012913,A0000145,2025-03-20,WITHDRAWAL,1283000.0
T00012914,A0001249,2025-08-31,WITHDRAWAL,4874000.0
T00012915,A0000480,2026-04-25,TRANSFER,3440000.0
T00012916,A0001608,2025-11-07,TRANSFER,3805000.0
T00012917,A0000771,2026-07-16,DEPOSIT,1526000.0
T00012918,A0000053,2026-07-25,TRANSFER,39000.0
T00012919,A0000164,2025-04-14,WITHDRAWAL,4060000.0
T00012920,A0000437,2026-05-27,DEPOSIT,695000.0
T00012921,A0000545,2026-01-25,WITHDRAWAL,4334000.0
T00012922,A0001167,2026-06-12,DEPOSIT,2031000.0
T00012923,A0001627,2025-01-18,TRANSFER,3919000.0
T00012924,A0001226,2025-05-08,WITHDRAWAL,3329000.0
T00012925,A0001129,2025-02-03,WITHDRAWAL,2100000.0
T00012926,A0000049,2026-05-29,WITHDRAWAL,2687000.0
T00012927,A0000640,2025-05-27,DEPOSIT,582000.0
T00012928,A0000823,2026-08-24,WITHDRAWAL,4350000.0
T00012929,A0001135,2026-06-19,TRANSFER,1389000.0
T00012930,A0000842,2026-05-11,DEPOSIT,2820000.0
T00012931,A0001401,2025-02-12,DEPOSIT,659000.0
T00012932,A0000525,2026-08-08,TRANSFER,4743000.0
T00012933,A0000861,2025-07-05,TRANSFER,336000.0
T00012934,A0001004,2025-12-16,TRANSFER,4760000.0
T00012935,A0000861,2026-06-14,DEPOSIT,3046000.0
T00012936,A0000794,2025-09-27,DEPOSIT,4832000.0
T00012937,A0000452,2025-06-27,WITHDRAWAL,3058000.0
T00012938,A0000199,2025-11-09,DEPOSIT,476000.0
T00012939,A0000372,2025-03-27,DEPOSIT,765000.0
T00012940,A0000452,2025-05-20,WITHDRAWAL,850000.0
T00012941,A0000620,2025-11-12,WITHDRAWAL,526000.0
T00012942,A0001366,2026-03-01,DEPOSIT,1492000.0
T00012943,A0001738,2025-03-05,DEPOSIT,197000.0
T00012944,A0000580,2025-02-19,DEPOSIT,493000.0
T00012945,A0001016,2025-06-30,WITHDRAWAL,4332000.0
T00012946,A0000227,2025-02-27,TRANSFER,2594000.0
T00012947,A0000649,2026-03-06,WITHDRAWAL,3780000.0
T00012948,A0000065,2026-06-22,WITHDRAWAL,4606000.0
T00012949,A0000993,2025-04-03,WITHDRAWAL,420000.0
T00012950,A0000608,2026-08-15,DEPOSIT,4070000.0
T00012951,A0001209,2025-08-30,DEPOSIT,809000.0
T00012952,A0000158,2025-06-29,TRANSFER,4089000.0
T00012953,A0001303,2026-04-09,WITHDRAWAL,1954000.0
T00012954,A0001682,2026-04-07,DEPOSIT,2382000.0
T00012955,A0000816,2025-01-25,DEPOSIT,1521000.0
T00012956,A0001069,2025-09-02,DEPOSIT,4303000.0
T00012957,A0001390,2026-07-13,TRANSFER,2237000.0
T00012958,A0000720,2026-01-06,WITHDRAWAL,4366000.0
T00012959,A0000043,2025-11-23,WITHDRAWAL,228000.0
T00012960,A0000281,2026-05-30,WITHDRAWAL,3110000.0
T00012961,A0001730,2025-04-02,WITHDRAWAL,4059000.0
T00012962,A0000123,2025-08-07,DEPOSIT,3617000.0
T00012963,A0001087,2025-08-28,TRANSFER,4218000.0
T00012964,A0000175,2025-11-11,TRANSFER,189000.0
T00012965,A0000807,2025-10-29,WITHDRAWAL,1145000.0
T00012966,A0001613,2025-12-13,DEPOSIT,2041000.0
T00012967,A0000377,2025-07-05,DEPOSIT,2179000.0
T00012968,A0001717,2026-08-13,DEPOSIT,4887000.0
T00012969,A0001130,2025-08-19,TRANSFER,4185000.0
T00012970,A0000367,2025-08-14,DEPOSIT,2094000.0
T00012971,A0000752,2026-01-29,DEPOSIT,3403000.0
T00012972,A0000767,2025-12-17,TRANSFER,2956000.0
T00012973,A0001696,2025-04-30,DEPOSIT,4504000.0
T00012974,A0000066,2025-03-13,DEPOSIT,90000.0
T00012975,A0000481,2026-03-04,WITHDRAWAL,1192000.0
T00012976,A0001363,2026-06-08,WITHDRAWAL,665000.0
T00012977,A0000603,2025-06-15,TRANSFER,3946000.0
T00012978,A0001735,2025-01-17,DEPOSIT,4742000.0
T00012979,A0000714,2025-12-13,TRANSFER,4908000.0
T00012980,A0000555,2025-04-20,WITHDRAWAL,2545000.0
T00012981,A0000098,2026-02-18,DEPOSIT,3765000.0
T00012982,A0000569,2025-03-31,WITHDRAWAL,2964000.0
T00012983,A0000811,2025-05-30,WITHDRAWAL,3912000.0
T00012984,A0001252,2026-03-13,TRANSFER,4449000.0
T00012985,A0000564,2026-08-16,WITHDRAWAL,28000.0
T00012986,A0000592,2026-04-21,DEPOSIT,2153000.0
T00012987,A0001499,2026-08-10,DEPOSIT,1119000.0
T00012988,A0001440,2025-11-13,TRANSFER,4343000.0
T00012989,A0001486,2025-04-30,TRANSFER,3115000.0
T00012990,A0000321,2026-07-30,WITHDRAWAL,3227000.0
T00012991,A0001525,2025-03-21,WITHDRAWAL,2652000.0
T00012992,A0000337,2026-03-27,TRANSFER,314000.0
T00012993,A0000059,2025-05-11,DEPOSIT,1877000.0
T00012994,A0000411,2025-08-04,DEPOSIT,4404000.0
T00012995,A0000778,2026-06-05,TRANSFER,572000.0
T00012996,A0000074,2026-01-11,DEPOSIT,2733000.0
T00012997,A0001172,2025-03-24,TRANSFER,3466000.0
T00012998,A0001662,2025-10-10,TRANSFER,1250000.0
T00012999,A0000795,2025-04-11,DEPOSIT,4059000.0
T00013000,A0000325,2025-04-15,WITHDRAWAL,3721000.0
T00013001,A0000953,2026-07-06,DEPOSIT,3446000.0
T00013002,A0000232,2026-08-21,WITHDRAWAL,1914000.0
T00013003,A0001260,2025-04-14,TRANSFER,1854000.0
T00013004,A0001630,2026-04-27,DEPOSIT,605000.0
T00013005,A0001545,2025-05-08,WITHDRAWAL,3388000.0
T00013006,A0000966,2025-01-27,TRANSFER,1718000.0
T00013007,A0000422,2026-03-21,DEPOSIT,2077000.0
T00013008,A0000514,2026-07-10,DEPOSIT,2715000.0
T00013009,A0001401,2025-08-23,WITHDRAWAL,2376000.0
T00013010,A0000637,2025-11-24,TRANSFER,3194000.0
T00013011,A0000752,2025-01-28,DEPOSIT,2916000.0
T00013012,A0000446,2025-09-21,WITHDRAWAL,757000.0
T00013013,A0001034,2025-12-21,TRANSFER,3582000.0
T00013014,A0000655,2025-12-05,DEPOSIT,269000.0
T00013015,A0001397,2025-06-01,DEPOSIT,858000.0
T00013016,A0000669,2025-06-12,WITHDRAWAL,1922000.0
T00013017,A0001095,2025-05-10,WITHDRAWAL,3275000.0
T00013018,A0000456,2025-03-04,WITHDRAWAL,463000.0
T00013019,A0000158,2025-10-30,DEPOSIT,2953000.0
T00013020,A0001607,2026-05-07,DEPOSIT,3304000.0
T00013021,A0000105,2026-05-29,TRANSFER,4941000.0
T00013022,A0001302,2025-07-16,DEPOSIT,1306000.0
T00013023,A0000316,2025-02-23,TRANSFER,4030000.0
T00013024,A0000317,2026-04-22,WITHDRAWAL,3821000.0
T00013025,A0001748,2026-03-12,DEPOSIT,2304000.0
T00013026,A0000979,2026-01-31,WITHDRAWAL,2825000.0
T00013027,A0001402,2025-05-02,TRANSFER,4765000.0
T00013028,A0000642,2026-08-08,WITHDRAWAL,4245000.0
T00013029,A0000020,2026-02-12,TRANSFER,3008000.0
T00013030,A0001732,2026-03-03,WITHDRAWAL,1262000.0
T00013031,A0000884,2025-11-17,TRANSFER,2479000.0
T00013032,A0000751,2026-01-21,WITHDRAWAL,3134000.0
T00013033,A0000335,2026-07-21,TRANSFER,2169000.0
T00013034,A0001636,2025-03-29,WITHDRAWAL,705000.0
T00013035,A0000156,2025-02-08,DEPOSIT,671000.0
T00013036,A0000030,2026-02-04,TRANSFER,3731000.0
T00013037,A0000144,2025-02-23,WITHDRAWAL,4787000.0
T00013038,A0001645,2025-12-24,WITHDRAWAL,2417000.0
T00013039,A0000038,2026-01-26,WITHDRAWAL,675000.0
T00013040,A0000383,2025-06-06,TRANSFER,1332000.0
T00013041,A0000423,2025-08-18,WITHDRAWAL,588000.0
T00013042,A0001480,2026-02-02,TRANSFER,1191000.0
T00013043,A0001207,2025-06-07,WITHDRAWAL,3135000.0
T00013044,A0000827,2026-06-11,DEPOSIT,1360000.0
T00013045,A0001037,2025-08-07,DEPOSIT,4077000.0
T00013046,A0001138,2026-08-06,DEPOSIT,3780000.0
T00013047,A0001148,2025-12-11,DEPOSIT,1930000.0
T00013048,A0000166,2026-05-06,DEPOSIT,640000.0
T00013049,A0001695,2025-09-02,WITHDRAWAL,857000.0
T00013050,A0000663,2025-06-11,TRANSFER,2065000.0
T00013051,A0000831,2025-12-28,TRANSFER,3993000.0
T00013052,A0001236,2025-01-13,TRANSFER,2281000.0
T00013053,A0001130,2025-06-23,WITHDRAWAL,1469000.0
T00013054,A0001072,2025-03-27,DEPOSIT,3755000.0
T00013055,A0000611,2025-01-20,WITHDRAWAL,2126000.0
T00013056,A0001451,2025-08-09,TRANSFER,739000.0
T00013057,A0000942,2025-06-27,DEPOSIT,1008000.0
T00013058,A0001182,2026-07-17,TRANSFER,2129000.0
T00013059,A0000786,2025-09-08,TRANSFER,3714000.0
T00013060,A0000802,2025-08-29,TRANSFER,4294000.0
T00013061,A0000022,2026-05-27,WITHDRAWAL,703000.0
T00013062,A0000729,2025-10-02,DEPOSIT,1464000.0
T00013063,A0000658,2026-06-10,WITHDRAWAL,3520000.0
T00013064,A0000793,2026-06-10,DEPOSIT,1306000.0
T00013065,A0001153,2025-04-17,TRANSFER,4273000.0
T00013066,A0001043,2026-03-26,TRANSFER,4254000.0
T00013067,A0001610,2025-02-12,TRANSFER,4701000.0
T00013068,A0000650,2026-07-25,WITHDRAWAL,4865000.0
T00013069,A0000455,2026-02-18,TRANSFER,3314000.0
T00013070,A0000384,2025-09-13,TRANSFER,3589000.0
T00013071,A0001355,2026-06-15,TRANSFER,2840000.0
T00013072,A0000919,2026-07-02,WITHDRAWAL,3821000.0
T00013073,A0000527,2026-06-27,WITHDRAWAL,3076000.0
T00013074,A0000735,2026-01-27,TRANSFER,3187000.0
T00013075,A0000103,2025-02-23,DEPOSIT,2426000.0
T00013076,A0000341,2025-12-15,TRANSFER,2441000.0
T00013077,A0000770,2025-01-31,WITHDRAWAL,4025000.0
T00013078,A0000895,2025-05-01,DEPOSIT,3148000.0
T00013079,A0001320,2026-06-12,TRANSFER,3970000.0
T00013080,A0001277,2026-06-20,WITHDRAWAL,3039000.0
T00013081,A0000908,2026-02-23,DEPOSIT,834000.0
T00013082,A0001680,2026-07-14,TRANSFER,407000.0
T00013083,A0000349,2026-04-17,TRANSFER,2480000.0
T00013084,A0000830,2026-07-18,DEPOSIT,2107000.0
T00013085,A0000838,2026-01-18,DEPOSIT,3969000.0
T00013086,A0000976,2025-08-07,DEPOSIT,1670000.0
T00013087,A0001192,2025-10-31,DEPOSIT,1354000.0
T00013088,A0000360,2025-12-13,DEPOSIT,2692000.0
T00013089,A0000100,2026-01-13,TRANSFER,1445000.0
T00013090,A0001565,2025-06-02,TRANSFER,869000.0
T00013091,A0000111,2025-10-12,TRANSFER,4867000.0
T00013092,A0000990,2025-01-30,DEPOSIT,471000.0
T00013093,A0001440,2025-10-08,WITHDRAWAL,3966000.0
T00013094,A0000431,2026-05-19,DEPOSIT,155000.0
T00013095,A0001161,2025-09-03,WITHDRAWAL,3856000.0
T00013096,A0001632,2026-01-25,DEPOSIT,1062000.0
T00013097,A0000598,2025-07-18,DEPOSIT,1121000.0
T00013098,A0000949,2025-07-19,TRANSFER,664000.0
T00013099,A0000136,2025-11-30,WITHDRAWAL,4446000.0
T00013100,A0000159,2025-09-25,TRANSFER,4286000.0
T00013101,A0001788,2025-08-31,WITHDRAWAL,1666000.0
T00013102,A0001156,2026-06-10,TRANSFER,3731000.0
T00013103,A0001646,2026-04-24,WITHDRAWAL,3747000.0
T00013104,A0001404,2025-08-17,DEPOSIT,4885000.0
T00013105,A0001770,2026-01-29,DEPOSIT,4245000.0
T00013106,A0000833,2025-01-31,WITHDRAWAL,638000.0
T00013107,A0000800,2026-06-05,TRANSFER,4096000.0
T00013108,A0001083,2026-04-14,TRANSFER,186000.0
T00013109,A0001722,2025-08-13,WITHDRAWAL,1164000.0
T00013110,A0000426,2025-04-09,DEPOSIT,611000.0
T00013111,A0001011,2026-06-24,TRANSFER,3847000.0
T00013112,A0001401,2026-06-25,TRANSFER,2289000.0
T00013113,A0000117,2026-02-22,DEPOSIT,2331000.0
T00013114,A0000359,2026-04-09,TRANSFER,3500000.0
T00013115,A0000927,2025-10-20,WITHDRAWAL,1026000.0
T00013116,A0000305,2026-07-06,WITHDRAWAL,1015000.0
T00013117,A0001120,2026-02-04,WITHDRAWAL,678000.0
T00013118,A0001194,2025-11-20,DEPOSIT,4371000.0
T00013119,A0001484,2025-03-26,TRANSFER,2267000.0
T00013120,A0000073,2026-01-21,DEPOSIT,130000.0
T00013121,A0000987,2026-05-16,TRANSFER,4288000.0
T00013122,A0000124,2025-05-06,DEPOSIT,2947000.0
T00013123,A0000180,2026-02-28,TRANSFER,3292000.0
T00013124,A0001630,2026-07-04,WITHDRAWAL,683000.0
T00013125,A0000627,2026-08-03,TRANSFER,2627000.0
T00013126,A0000770,2025-02-01,WITHDRAWAL,21000.0
T00013127,A0000714,2025-12-30,DEPOSIT,3182000.0
T00013128,A0000724,2025-07-27,WITHDRAWAL,1502000.0
T00013129,A0000242,2025-10-25,TRANSFER,4539000.0
T00013130,A0000743,2026-04-19,WITHDRAWAL,698000.0
T00013131,A0000618,2026-08-08,TRANSFER,4505000.0
T00013132,A0000309,2025-06-06,TRANSFER,2738000.0
T00013133,A0000736,2026-05-16,DEPOSIT,3076000.0
T00013134,A0000082,2025-09-05,TRANSFER,1056000.0
T00013135,A0001702,2026-01-05,DEPOSIT,4555000.0
T00013136,A0000743,2025-12-26,DEPOSIT,2133000.0
T00013137,A0000165,2026-02-17,TRANSFER,4882000.0
T00013138,A0001506,2026-08-30,DEPOSIT,4793000.0
T00013139,A0001786,2026-06-23,WITHDRAWAL,445000.0
T00013140,A0001521,2025-09-03,TRANSFER,2091000.0
T00013141,A0000817,2025-08-19,DEPOSIT,3104000.0
T00013142,A0000198,2026-03-03,WITHDRAWAL,3925000.0
T00013143,A0001769,2026-03-12,DEPOSIT,957000.0
T00013144,A0001454,2025-07-26,DEPOSIT,566000.0
T00013145,A0001383,2026-08-12,WITHDRAWAL,2524000.0
T00013146,A0001471,2025-05-12,DEPOSIT,4545000.0
T00013147,A0001442,2025-04-09,DEPOSIT,2142000.0
T00013148,A0000861,2025-07-16,TRANSFER,2909000.0
T00013149,A0000762,2026-07-30,DEPOSIT,3188000.0
T00013150,A0000687,2026-08-28,WITHDRAWAL,3183000.0
T00013151,A0000183,2025-12-19,DEPOSIT,1974000.0
T00013152,A0000681,2026-05-13,DEPOSIT,150000.0
T00013153,A0001420,2025-07-27,DEPOSIT,1709000.0
T00013154,A0001105,2026-04-23,DEPOSIT,2681000.0
T00013155,A0001347,2025-05-13,DEPOSIT,3166000.0
T00013156,A0001449,2025-01-09,WITHDRAWAL,2988000.0
T00013157,A0000600,2026-03-12,WITHDRAWAL,2307000.0
T00013158,A0000873,2025-03-13,TRANSFER,2616000.0
T00013159,A0001498,2025-04-06,WITHDRAWAL,4498000.0
T00013160,A0001132,2025-12-18,DEPOSIT,2062000.0
T00013161,A0000422,2025-07-05,WITHDRAWAL,3384000.0
T00013162,A0001474,2025-12-28,DEPOSIT,4940000.0
T00013163,A0001027,2026-02-22,WITHDRAWAL,3827000.0
T00013164,A0000718,2025-02-05,WITHDRAWAL,206000.0
T00013165,A0001012,2025-04-10,TRANSFER,607000.0
T00013166,A0001003,2026-05-12,DEPOSIT,1717000.0
T00013167,A0000541,2026-04-24,TRANSFER,4576000.0
T00013168,A0001238,2025-09-12,WITHDRAWAL,2042000.0
T00013169,A0000055,2026-04-10,WITHDRAWAL,1556000.0
T00013170,A0001637,2026-08-08,DEPOSIT,4554000.0
T00013171,A0001291,2026-06-01,DEPOSIT,1969000.0
T00013172,A0000535,2025-01-20,WITHDRAWAL,3286000.0
T00013173,A0001281,2026-05-08,WITHDRAWAL,4420000.0
T00013174,A0001388,2026-03-14,TRANSFER,1011000.0
T00013175,A0001201,2026-02-13,DEPOSIT,1753000.0
T00013176,A0000654,2025-09-10,TRANSFER,1209000.0
T00013177,A0001675,2025-07-24,DEPOSIT,1237000.0
T00013178,A0000067,2025-09-03,DEPOSIT,1022000.0
T00013179,A0001267,2026-07-23,TRANSFER,1582000.0
T00013180,A0000847,2025-07-14,TRANSFER,3183000.0
T00013181,A0000215,2026-04-09,WITHDRAWAL,3910000.0
T00013182,A0001693,2026-03-26,TRANSFER,1785000.0
T00013183,A0001548,2025-09-25,DEPOSIT,4387000.0
T00013184,A0001613,2026-07-11,TRANSFER,870000.0
T00013185,A0001379,2025-03-25,TRANSFER,2244000.0
T00013186,A0001389,2025-01-04,WITHDRAWAL,4505000.0
T00013187,A0000212,2025-05-20,TRANSFER,1994000.0
T00013188,A0000496,2025-04-01,WITHDRAWAL,4990000.0
T00013189,A0001602,2026-02-27,TRANSFER,296000.0
T00013190,A0000547,2025-08-25,TRANSFER,3203000.0
T00013191,A0000673,2025-12-23,TRANSFER,422000.0
T00013192,A0000506,2026-08-18,WITHDRAWAL,2962000.0
T00013193,A0000655,2026-05-29,WITHDRAWAL,3003000.0
T00013194,A0000148,2025-07-19,WITHDRAWAL,4675000.0
T00013195,A0001545,2026-01-04,WITHDRAWAL,428000.0
T00013196,A0000105,2026-07-03,WITHDRAWAL,288000.0
T00013197,A0000142,2026-04-04,WITHDRAWAL,1070000.0
T00013198,A0001740,2025-09-18,WITHDRAWAL,3140000.0
T00013199,A0001506,2026-01-13,WITHDRAWAL,300000.0
T00013200,A0000346,2025-05-07,DEPOSIT,1277000.0
T00013201,A0000346,2026-02-23,DEPOSIT,1384000.0
T00013202,A0001745,2025-01-23,DEPOSIT,3427000.0
T00013203,A0000041,2026-01-29,DEPOSIT,4887000.0
T00013204,A0001126,2026-07-27,WITHDRAWAL,3934000.0
T00013205,A0000960,2025-07-17,WITHDRAWAL,825000.0
T00013206,A0000104,2026-04-06,WITHDRAWAL,3742000.0
T00013207,A0001165,2026-08-23,TRANSFER,991000.0
T00013208,A0001151,2026-06-27,WITHDRAWAL,3121000.0
T00013209,A0001533,2025-09-08,DEPOSIT,1301000.0
T00013210,A0000613,2025-11-23,DEPOSIT,1031000.0
T00013211,A0001579,2025-11-29,DEPOSIT,4078000.0
T00013212,A0000582,2026-01-25,WITHDRAWAL,4560000.0
T00013213,A0001032,2026-08-07,TRANSFER,2433000.0
T00013214,A0001339,2025-10-24,DEPOSIT,197000.0
T00013215,A0001365,2026-05-15,WITHDRAWAL,2517000.0
T00013216,A0001145,2025-12-21,WITHDRAWAL,1525000.0
T00013217,A0001046,2026-03-28,WITHDRAWAL,899000.0
T00013218,A0000037,2025-02-24,DEPOSIT,4787000.0
T00013219,A0001454,2025-06-05,WITHDRAWAL,874000.0
T00013220,A0001782,2026-07-01,TRANSFER,357000.0
T00013221,A0000766,2026-06-11,WITHDRAWAL,2672000.0
T00013222,A0001270,2025-07-31,TRANSFER,2333000.0
T00013223,A0000614,2025-09-29,WITHDRAWAL,3750000.0
T00013224,A0001728,2025-09-10,TRANSFER,1751000.0
T00013225,A0000298,2025-11-23,WITHDRAWAL,4554000.0
T00013226,A0000119,2026-05-24,WITHDRAWAL,1799000.0
T00013227,A0000688,2025-01-07,WITHDRAWAL,2165000.0
T00013228,A0001547,2025-10-30,WITHDRAWAL,2376000.0
T00013229,A0001431,2025-12-18,TRANSFER,4000.0
T00013230,A0001537,2026-01-14,WITHDRAWAL,1031000.0
T00013231,A0000303,2025-12-03,TRANSFER,2554000.0
T00013232,A0001602,2026-03-26,DEPOSIT,3506000.0
T00013233,A0000479,2025-01-05,DEPOSIT,3012000.0
T00013234,A0000238,2025-07-28,DEPOSIT,129000.0
T00013235,A0000382,2025-01-18,DEPOSIT,710000.0
T00013236,A0001356,2026-06-06,DEPOSIT,3945000.0
T00013237,A0001765,2025-02-19,DEPOSIT,2959000.0
T00013238,A0001331,2026-08-06,TRANSFER,4720000.0
T00013239,A0000210,2025-10-12,DEPOSIT,2300000.0
T00013240,A0001147,2025-04-30,WITHDRAWAL,1697000.0
T00013241,A0000979,2025-10-28,TRANSFER,1377000.0
T00013242,A0000968,2025-11-23,DEPOSIT,1200000.0
T00013243,A0000708,2025-10-04,DEPOSIT,901000.0
T00013244,A0000157,2025-09-13,DEPOSIT,2755000.0
T00013245,A0000920,2026-08-06,DEPOSIT,2375000.0
T00013246,A0001065,2025-10-25,TRANSFER,3188000.0
T00013247,A0001616,2025-05-22,TRANSFER,2085000.0
T00013248,A0000408,2025-05-05,TRANSFER,1671000.0
T00013249,A0000875,2025-07-05,WITHDRAWAL,4820000.0
T00013250,A0001357,2025-09-17,WITHDRAWAL,509000.0
T00013251,A0000995,2025-03-24,TRANSFER,3389000.0
T00013252,A0001765,2025-01-25,DEPOSIT,1914000.0
T00013253,A0001027,2025-02-27,DEPOSIT,1214000.0
T00013254,A0000816,2025-01-13,WITHDRAWAL,1439000.0
T00013255,A0001590,2026-06-24,WITHDRAWAL,442000.0
T00013256,A0001104,2026-05-19,WITHDRAWAL,1273000.0
T00013257,A0001657,2026-02-22,DEPOSIT,823000.0
T00013258,A0000414,2025-06-06,DEPOSIT,4540000.0
T00013259,A0000727,2026-01-27,TRANSFER,4446000.0
T00013260,A0000445,2026-02-05,DEPOSIT,713000.0
T00013261,A0001406,2025-04-27,DEPOSIT,1604000.0
T00013262,A0001738,2025-08-09,WITHDRAWAL,4610000.0
T00013263,A0000009,2026-08-01,TRANSFER,761000.0
T00013264,A0001798,2025-10-20,DEPOSIT,3396000.0
T00013265,A0001432,2026-08-26,DEPOSIT,1449000.0
T00013266,A0000369,2025-07-03,TRANSFER,1913000.0
T00013267,A0000356,2025-02-08,TRANSFER,2645000.0
T00013268,A0001491,2025-06-01,WITHDRAWAL,2653000.0
T00013269,A0000891,2026-07-22,DEPOSIT,4546000.0
T00013270,A0000396,2026-01-05,WITHDRAWAL,2724000.0
T00013271,A0001484,2026-02-08,TRANSFER,3079000.0
T00013272,A0001514,2026-07-13,WITHDRAWAL,4138000.0
T00013273,A0001546,2026-08-03,TRANSFER,2049000.0
T00013274,A0001364,2025-12-22,TRANSFER,4999000.0
T00013275,A0000139,2025-04-09,TRANSFER,4166000.0
T00013276,A0001271,2025-06-26,TRANSFER,4190000.0
T00013277,A0000698,2026-08-15,TRANSFER,3259000.0
T00013278,A0001296,2026-02-03,WITHDRAWAL,4722000.0
T00013279,A0001040,2025-11-15,WITHDRAWAL,4242000.0
T00013280,A0001529,2025-11-19,WITHDRAWAL,2116000.0
T00013281,A0000186,2026-03-12,WITHDRAWAL,958000.0
T00013282,A0001092,2025-06-26,WITHDRAWAL,3618000.0
T00013283,A0001311,2025-09-08,WITHDRAWAL,1466000.0
T00013284,A0000175,2025-07-29,DEPOSIT,1178000.0
T00013285,A0001005,2025-07-10,DEPOSIT,4612000.0
T00013286,A0000728,2026-03-27,DEPOSIT,2957000.0
T00013287,A0001283,2025-10-12,WITHDRAWAL,4187000.0
T00013288,A0001019,2025-05-28,TRANSFER,4498000.0
T00013289,A0001637,2025-09-11,DEPOSIT,4810000.0
T00013290,A0001428,2026-05-02,TRANSFER,4334000.0
T00013291,A0000991,2025-11-30,DEPOSIT,3036000.0
T00013292,A0000174,2025-04-21,WITHDRAWAL,2562000.0
T00013293,A0000524,2025-11-24,WITHDRAWAL,3314000.0
T00013294,A0001242,2026-04-18,DEPOSIT,3763000.0
T00013295,A0000126,2026-01-25,TRANSFER,2885000.0
T00013296,A0001119,2025-05-21,DEPOSIT,1315000.0
T00013297,A0000912,2026-06-10,TRANSFER,3691000.0
T00013298,A0000241,2025-01-13,WITHDRAWAL,4676000.0
T00013299,A0000095,2025-02-09,WITHDRAWAL,408000.0
T00013300,A0000550,2025-07-22,TRANSFER,4958000.0
T00013301,A0000893,2025-09-09,TRANSFER,4908000.0
T00013302,A0000878,2025-05-12,TRANSFER,4571000.0
T00013303,A0000715,2026-03-17,WITHDRAWAL,2305000.0
T00013304,A0000096,2026-05-02,WITHDRAWAL,4691000.0
T00013305,A0001121,2025-03-14,TRANSFER,4335000.0
T00013306,A0001640,2026-03-24,DEPOSIT,2221000.0
T00013307,A0000526,2025-12-16,WITHDRAWAL,4797000.0
T00013308,A0000285,2026-04-30,DEPOSIT,287000.0
T00013309,A0001108,2025-03-17,TRANSFER,86000.0
T00013310,A0001263,2026-07-23,TRANSFER,4929000.0
T00013311,A0000653,2026-03-07,DEPOSIT,3699000.0
T00013312,A0001700,2025-12-26,TRANSFER,2779000.0
T00013313,A0000466,2026-08-29,WITHDRAWAL,575000.0
T00013314,A0000945,2025-03-06,TRANSFER,233000.0
T00013315,A0001558,2025-05-14,DEPOSIT,1531000.0
T00013316,A0001541,2025-03-09,TRANSFER,1095000.0
T00013317,A0001558,2025-04-13,DEPOSIT,2415000.0
T00013318,A0001010,2026-03-29,DEPOSIT,1915000.0
T00013319,A0001638,2025-01-10,DEPOSIT,245000.0
T00013320,A0001021,2025-12-29,WITHDRAWAL,4229000.0
T00013321,A0001693,2025-09-13,TRANSFER,2298000.0
T00013322,A0001148,2025-11-28,WITHDRAWAL,3526000.0
T00013323,A0001525,2025-12-25,DEPOSIT,1654000.0
T00013324,A0000801,2026-06-04,DEPOSIT,4057000.0
T00013325,A0001451,2025-09-06,WITHDRAWAL,232000.0
T00013326,A0000448,2025-01-25,WITHDRAWAL,3940000.0
T00013327,A0001173,2025-01-13,WITHDRAWAL,1991000.0
T00013328,A0000528,2026-04-29,WITHDRAWAL,2750000.0
T00013329,A0001386,2026-02-28,TRANSFER,3604000.0
T00013330,A0001176,2025-10-27,TRANSFER,150000.0
T00013331,A0000037,2026-06-15,WITHDRAWAL,4060000.0
T00013332,A0000735,2026-06-29,TRANSFER,4200000.0
T00013333,A0000374,2026-07-29,WITHDRAWAL,1321000.0
T00013334,A0001690,2026-03-11,TRANSFER,432000.0
T00013335,A0000492,2025-04-27,DEPOSIT,4016000.0
T00013336,A0001348,2025-10-25,WITHDRAWAL,319000.0
T00013337,A0001766,2026-05-02,DEPOSIT,3765000.0
T00013338,A0000985,2025-06-04,TRANSFER,3625000.0
T00013339,A0000622,2025-10-20,DEPOSIT,4628000.0
T00013340,A0001634,2026-06-19,WITHDRAWAL,3709000.0
T00013341,A0001647,2026-01-03,WITHDRAWAL,3242000.0
T00013342,A0000736,2025-07-18,WITHDRAWAL,1855000.0
T00013343,A0001521,2025-08-28,DEPOSIT,2537000.0
T00013344,A0000830,2026-06-25,WITHDRAWAL,4260000.0
T00013345,A0000573,2026-03-08,TRANSFER,3610000.0
T00013346,A0001131,2025-06-08,DEPOSIT,3003000.0
T00013347,A0001411,2026-03-31,DEPOSIT,1862000.0
T00013348,A0000656,2026-02-16,WITHDRAWAL,2880000.0
T00013349,A0001501,2025-11-14,TRANSFER,2269000.0
T00013350,A0001377,2025-03-06,TRANSFER,4333000.0
T00013351,A0001384,2025-07-23,TRANSFER,2748000.0
T00013352,A0001091,2025-10-23,DEPOSIT,3862000.0
T00013353,A0000393,2025-11-27,DEPOSIT,660000.0
T00013354,A0001337,2025-10-23,TRANSFER,2258000.0
T00013355,A0001518,2025-09-19,WITHDRAWAL,4167000.0
T00013356,A0001009,2025-06-29,DEPOSIT,4591000.0
T00013357,A0001413,2025-09-22,TRANSFER,2203000.0
T00013358,A0001013,2025-04-05,TRANSFER,3660000.0
T00013359,A0000408,2025-05-16,WITHDRAWAL,121000.0
T00013360,A0001567,2026-02-19,TRANSFER,3619000.0
T00013361,A0001645,2026-07-07,WITHDRAWAL,3256000.0
T00013362,A0001164,2026-07-07,TRANSFER,557000.0
T00013363,A0000810,2026-08-22,TRANSFER,423000.0
T00013364,A0001218,2026-07-31,TRANSFER,1059000.0
T00013365,A0000104,2025-08-21,TRANSFER,176000.0
T00013366,A0001572,2026-05-25,DEPOSIT,622000.0
T00013367,A0001003,2026-07-29,DEPOSIT,665000.0
T00013368,A0001213,2026-04-26,WITHDRAWAL,3437000.0
T00013369,A0001613,2025-05-27,WITHDRAWAL,1653000.0
T00013370,A0000862,2026-07-22,WITHDRAWAL,4996000.0
T00013371,A0001532,2026-05-09,WITHDRAWAL,1240000.0
T00013372,A0001552,2025-07-05,DEPOSIT,4478000.0
T00013373,A0001622,2025-08-01,WITHDRAWAL,718000.0
T00013374,A0001573,2026-06-10,TRANSFER,861000.0
T00013375,A0001437,2025-06-26,WITHDRAWAL,4786000.0
T00013376,A0001498,2026-06-20,TRANSFER,4208000.0
T00013377,A0000752,2026-05-05,TRANSFER,2419000.0
T00013378,A0000080,2026-02-15,TRANSFER,4427000.0
T00013379,A0000432,2025-04-17,TRANSFER,4917000.0
T00013380,A0000080,2026-08-03,TRANSFER,1637000.0
T00013381,A0000769,2026-04-16,WITHDRAWAL,1671000.0
T00013382,A0001529,2026-06-02,DEPOSIT,3387000.0
T00013383,A0001069,2026-03-25,DEPOSIT,4105000.0
T00013384,A0000341,2025-04-17,TRANSFER,767000.0
T00013385,A0001193,2026-05-13,WITHDRAWAL,2384000.0
T00013386,A0000045,2026-01-09,DEPOSIT,2665000.0
T00013387,A0000368,2025-11-02,DEPOSIT,865000.0
T00013388,A0001669,2025-09-11,WITHDRAWAL,1327000.0
T00013389,A0001537,2025-09-03,DEPOSIT,1421000.0
T00013390,A0001442,2025-10-10,WITHDRAWAL,2480000.0
T00013391,A0001477,2025-01-04,DEPOSIT,3134000.0
T00013392,A0000975,2025-04-02,TRANSFER,82000.0
T00013393,A0001597,2026-05-16,DEPOSIT,1961000.0
T00013394,A0001647,2026-05-09,WITHDRAWAL,2668000.0
T00013395,A0001014,2025-06-16,TRANSFER,1280000.0
T00013396,A0001532,2025-04-20,WITHDRAWAL,2905000.0
T00013397,A0000217,2025-12-10,WITHDRAWAL,1891000.0
T00013398,A0001473,2025-07-18,TRANSFER,3555000.0
T00013399,A0000867,2026-02-08,TRANSFER,1170000.0
T00013400,A0001189,2025-05-17,TRANSFER,4459000.0
T00013401,A0001131,2026-01-15,WITHDRAWAL,3577000.0
T00013402,A0000418,2026-05-26,WITHDRAWAL,2937000.0
T00013403,A0001144,2025-01-02,WITHDRAWAL,347000.0
T00013404,A0000166,2025-04-29,TRANSFER,3861000.0
T00013405,A0001453,2025-11-26,DEPOSIT,43000.0
T00013406,A0001409,2025-01-13,WITHDRAWAL,1919000.0
T00013407,A0001276,2025-12-27,DEPOSIT,1772000.0
T00013408,A0001008,2025-01-07,TRANSFER,1502000.0
T00013409,A0000187,2026-07-04,WITHDRAWAL,3184000.0
T00013410,A0001371,2026-07-09,DEPOSIT,2657000.0
T00013411,A0000353,2025-12-10,WITHDRAWAL,3444000.0
T00013412,A0001388,2025-02-03,DEPOSIT,4741000.0
T00013413,A0001631,2025-12-15,WITHDRAWAL,4184000.0
T00013414,A0000067,2026-01-04,DEPOSIT,562000.0
T00013415,A0001718,2025-09-05,DEPOSIT,4700000.0
T00013416,A0001614,2026-01-12,TRANSFER,4200000.0
T00013417,A0001127,2026-08-12,DEPOSIT,3084000.0
T00013418,A0001525,2025-06-27,TRANSFER,3861000.0
T00013419,A0001088,2025-08-13,DEPOSIT,295000.0
T00013420,A0000100,2025-08-15,WITHDRAWAL,2114000.0
T00013421,A0000242,2025-07-01,DEPOSIT,146000.0
T00013422,A0000867,2025-11-25,TRANSFER,3387000.0
T00013423,A0000184,2025-02-27,WITHDRAWAL,3988000.0
T00013424,A0001646,2025-11-29,DEPOSIT,3467000.0
T00013425,A0001315,2025-08-20,DEPOSIT,3226000.0
T00013426,A0000778,2026-02-09,DEPOSIT,3750000.0
T00013427,A0001488,2026-05-13,DEPOSIT,43000.0
T00013428,A0000650,2025-12-27,DEPOSIT,2916000.0
T00013429,A0001272,2026-05-14,WITHDRAWAL,2352000.0
T00013430,A0000514,2025-07-10,TRANSFER,336000.0
T00013431,A0000750,2025-02-13,WITHDRAWAL,3604000.0
T00013432,A0001105,2025-06-18,DEPOSIT,4094000.0
T00013433,A0001048,2025-09-17,DEPOSIT,1565000.0
T00013434,A0001081,2025-06-09,DEPOSIT,2441000.0
T00013435,A0000484,2026-08-11,DEPOSIT,3462000.0
T00013436,A0000695,2026-04-13,TRANSFER,3195000.0
T00013437,A0000467,2026-08-15,DEPOSIT,1628000.0
T00013438,A0001767,2025-11-16,DEPOSIT,3649000.0
T00013439,A0001171,2026-08-05,TRANSFER,776000.0
T00013440,A0000882,2025-01-16,WITHDRAWAL,3542000.0
T00013441,A0001684,2025-10-26,WITHDRAWAL,2670000.0
T00013442,A0001723,2025-08-13,DEPOSIT,1492000.0
T00013443,A0000308,2025-02-26,TRANSFER,1545000.0
T00013444,A0000276,2025-04-17,WITHDRAWAL,287000.0
T00013445,A0001730,2025-12-08,WITHDRAWAL,4191000.0
T00013446,A0000217,2025-03-13,DEPOSIT,4291000.0
T00013447,A0000234,2025-07-21,TRANSFER,4701000.0
T00013448,A0000720,2025-08-03,WITHDRAWAL,4721000.0
T00013449,A0000871,2026-07-21,DEPOSIT,3820000.0
T00013450,A0000422,2025-01-31,DEPOSIT,1442000.0
T00013451,A0000993,2026-01-02,TRANSFER,2554000.0
T00013452,A0001235,2025-10-18,WITHDRAWAL,1949000.0
T00013453,A0000882,2025-05-28,WITHDRAWAL,504000.0
T00013454,A0000662,2025-11-26,WITHDRAWAL,1558000.0
T00013455,A0001733,2026-05-01,WITHDRAWAL,1517000.0
T00013456,A0000025,2026-03-27,WITHDRAWAL,3739000.0
T00013457,A0001562,2025-03-07,DEPOSIT,2586000.0
T00013458,A0001095,2026-05-09,DEPOSIT,2919000.0
T00013459,A0000705,2026-02-04,DEPOSIT,1571000.0
T00013460,A0000467,2025-10-16,TRANSFER,1208000.0
T00013461,A0000150,2025-01-27,DEPOSIT,1911000.0
T00013462,A0000898,2025-07-14,DEPOSIT,2733000.0
T00013463,A0001389,2025-08-20,WITHDRAWAL,4984000.0
T00013464,A0001447,2025-06-22,TRANSFER,4406000.0
T00013465,A0000148,2025-05-27,DEPOSIT,1431000.0
T00013466,A0000065,2025-11-26,WITHDRAWAL,4174000.0
T00013467,A0000534,2025-10-06,TRANSFER,2341000.0
T00013468,A0001379,2026-07-25,DEPOSIT,1746000.0
T00013469,A0001058,2026-01-08,TRANSFER,4996000.0
T00013470,A0001147,2026-03-08,TRANSFER,4625000.0
T00013471,A0000576,2025-10-03,DEPOSIT,1008000.0
T00013472,A0001390,2026-02-06,WITHDRAWAL,2213000.0
T00013473,A0000016,2025-11-03,DEPOSIT,1146000.0
T00013474,A0000353,2025-11-15,TRANSFER,279000.0
T00013475,A0000957,2025-02-05,TRANSFER,1661000.0
T00013476,A0001142,2025-05-19,WITHDRAWAL,3406000.0
T00013477,A0001063,2026-04-06,WITHDRAWAL,196000.0
T00013478,A0000531,2025-07-03,TRANSFER,3450000.0
T00013479,A0000549,2026-05-07,TRANSFER,3934000.0
T00013480,A0000926,2025-09-11,WITHDRAWAL,2155000.0
T00013481,A0001085,2025-11-16,WITHDRAWAL,2668000.0
T00013482,A0000405,2025-07-16,DEPOSIT,3991000.0
T00013483,A0000160,2025-06-18,DEPOSIT,318000.0
T00013484,A0000995,2025-02-26,DEPOSIT,4032000.0
T00013485,A0000277,2025-09-18,DEPOSIT,128000.0
T00013486,A0000571,2026-04-09,DEPOSIT,1504000.0
T00013487,A0001219,2026-01-20,TRANSFER,444000.0
T00013488,A0001790,2025-07-15,TRANSFER,4135000.0
T00013489,A0000117,2026-02-21,WITHDRAWAL,4269000.0
T00013490,A0000599,2026-07-18,WITHDRAWAL,3663000.0
T00013491,A0001069,2025-09-05,WITHDRAWAL,3080000.0
T00013492,A0000231,2025-09-25,DEPOSIT,4197000.0
T00013493,A0001446,2025-05-24,TRANSFER,862000.0
T00013494,A0000407,2025-12-07,WITHDRAWAL,436000.0
T00013495,A0000684,2025-03-25,WITHDRAWAL,3488000.0
T00013496,A0001009,2025-12-31,DEPOSIT,3658000.0
T00013497,A0001108,2025-04-13,DEPOSIT,2597000.0
T00013498,A0001583,2025-03-23,WITHDRAWAL,385000.0
T00013499,A0000773,2026-07-27,WITHDRAWAL,3548000.0
T00013500,A0001079,2026-06-05,TRANSFER,748000.0
T00013501,A0000801,2025-02-21,TRANSFER,3954000.0
T00013502,A0001079,2026-05-04,TRANSFER,3941000.0
T00013503,A0000306,2025-10-09,DEPOSIT,3313000.0
T00013504,A0000201,2026-05-23,TRANSFER,4311000.0
T00013505,A0000670,2025-08-16,WITHDRAWAL,4454000.0
T00013506,A0001293,2026-01-27,TRANSFER,3661000.0
T00013507,A0000983,2025-12-27,WITHDRAWAL,3397000.0
T00013508,A0001165,2025-01-29,TRANSFER,2336000.0
T00013509,A0000947,2026-03-08,WITHDRAWAL,1216000.0
T00013510,A0001106,2025-10-07,DEPOSIT,1091000.0
T00013511,A0001146,2026-05-08,DEPOSIT,1957000.0
T00013512,A0000197,2026-08-27,TRANSFER,4553000.0
T00013513,A0001748,2025-01-29,DEPOSIT,4401000.0
T00013514,A0001773,2025-01-02,WITHDRAWAL,2974000.0
T00013515,A0000539,2026-07-30,WITHDRAWAL,3454000.0
T00013516,A0001173,2025-03-07,WITHDRAWAL,4027000.0
T00013517,A0000197,2026-02-15,DEPOSIT,4239000.0
T00013518,A0000311,2025-05-05,DEPOSIT,1691000.0
T00013519,A0001386,2025-02-17,DEPOSIT,189000.0
T00013520,A0001675,2026-03-16,WITHDRAWAL,1635000.0
T00013521,A0000681,2026-08-27,DEPOSIT,1568000.0
T00013522,A0000037,2026-06-14,WITHDRAWAL,3572000.0
T00013523,A0000146,2025-08-06,TRANSFER,3333000.0
T00013524,A0000164,2026-07-04,WITHDRAWAL,25000.0
T00013525,A0001292,2025-08-03,DEPOSIT,3777000.0
T00013526,A0000602,2026-02-25,TRANSFER,4276000.0
T00013527,A0001431,2026-07-18,TRANSFER,1077000.0
T00013528,A0000446,2026-02-15,WITHDRAWAL,2215000.0
T00013529,A0000191,2026-08-09,TRANSFER,2078000.0
T00013530,A0001416,2025-10-02,WITHDRAWAL,2403000.0
T00013531,A0000880,2025-11-28,WITHDRAWAL,3715000.0
T00013532,A0001127,2025-10-21,DEPOSIT,2819000.0
T00013533,A0000565,2026-07-09,WITHDRAWAL,3869000.0
T00013534,A0000863,2026-06-21,TRANSFER,857000.0
T00013535,A0000894,2025-01-01,TRANSFER,48000.0
T00013536,A0001654,2026-07-07,WITHDRAWAL,292000.0
T00013537,A0000044,2026-05-08,DEPOSIT,1209000.0
T00013538,A0000510,2026-07-11,TRANSFER,2459000.0
T00013539,A0001222,2025-11-20,DEPOSIT,1067000.0
T00013540,A0001380,2025-06-16,WITHDRAWAL,2110000.0
T00013541,A0001675,2025-12-20,WITHDRAWAL,1641000.0
T00013542,A0000621,2025-01-13,WITHDRAWAL,3880000.0
T00013543,A0001332,2025-08-05,DEPOSIT,3960000.0
T00013544,A0001114,2026-01-15,WITHDRAWAL,2243000.0
T00013545,A0000360,2026-05-01,DEPOSIT,563000.0
T00013546,A0000291,2026-02-28,TRANSFER,2504000.0
T00013547,A0000111,2025-04-24,TRANSFER,4729000.0
T00013548,A0001108,2026-03-24,WITHDRAWAL,4925000.0
T00013549,A0001041,2025-07-23,DEPOSIT,1468000.0
T00013550,A0001140,2026-02-22,WITHDRAWAL,4758000.0
T00013551,A0000978,2025-04-09,DEPOSIT,2613000.0
T00013552,A0000803,2025-12-08,WITHDRAWAL,332000.0
T00013553,A0000435,2026-03-07,WITHDRAWAL,2246000.0
T00013554,A0001506,2025-09-10,DEPOSIT,3136000.0
T00013555,A0001601,2025-10-27,TRANSFER,3385000.0
T00013556,A0001126,2026-04-13,WITHDRAWAL,4608000.0
T00013557,A0001747,2025-02-06,TRANSFER,3691000.0
T00013558,A0000873,2025-05-04,DEPOSIT,4463000.0
T00013559,A0000982,2025-01-27,TRANSFER,4026000.0
T00013560,A0001594,2026-05-05,DEPOSIT,2250000.0
T00013561,A0001559,2026-08-04,DEPOSIT,4626000.0
T00013562,A0000569,2025-09-26,TRANSFER,4103000.0
T00013563,A0000843,2025-05-27,TRANSFER,2437000.0
T00013564,A0000256,2025-12-02,DEPOSIT,4190000.0
T00013565,A0000058,2026-08-09,TRANSFER,3757000.0
T00013566,A0000739,2026-03-28,WITHDRAWAL,1979000.0
T00013567,A0000393,2025-02-22,TRANSFER,1557000.0
T00013568,A0000053,2025-06-07,WITHDRAWAL,4963000.0
T00013569,A0000125,2026-07-26,DEPOSIT,2847000.0
T00013570,A0001529,2025-12-25,DEPOSIT,2419000.0
T00013571,A0000994,2026-01-06,WITHDRAWAL,760000.0
T00013572,A0001068,2026-01-30,WITHDRAWAL,221000.0
T00013573,A0000165,2025-02-21,DEPOSIT,1893000.0
T00013574,A0000431,2025-03-31,WITHDRAWAL,1793000.0
T00013575,A0000371,2025-03-14,DEPOSIT,3578000.0
T00013576,A0000784,2025-05-25,TRANSFER,1781000.0
T00013577,A0001176,2025-02-07,WITHDRAWAL,588000.0
T00013578,A0000523,2025-06-26,WITHDRAWAL,2125000.0
T00013579,A0000793,2025-06-30,WITHDRAWAL,3502000.0
T00013580,A0000160,2025-09-09,WITHDRAWAL,4875000.0
T00013581,A0001137,2025-03-11,WITHDRAWAL,948000.0
T00013582,A0001353,2026-03-12,DEPOSIT,2260000.0
T00013583,A0000599,2026-05-29,DEPOSIT,706000.0
T00013584,A0001043,2026-05-30,DEPOSIT,48000.0
T00013585,A0000585,2025-02-25,DEPOSIT,4422000.0
T00013586,A0001677,2026-02-23,WITHDRAWAL,4514000.0
T00013587,A0000465,2026-02-12,TRANSFER,2803000.0
T00013588,A0001053,2026-07-05,DEPOSIT,361000.0
T00013589,A0000877,2026-05-10,DEPOSIT,1813000.0
T00013590,A0000258,2026-07-31,TRANSFER,978000.0
T00013591,A0000281,2026-07-23,TRANSFER,4232000.0
T00013592,A0001508,2025-05-16,DEPOSIT,3271000.0
T00013593,A0001271,2026-03-12,WITHDRAWAL,2323000.0
T00013594,A0000823,2025-05-30,TRANSFER,653000.0
T00013595,A0000091,2026-05-07,DEPOSIT,3984000.0
T00013596,A0000784,2026-05-27,DEPOSIT,731000.0
T00013597,A0000949,2025-05-01,DEPOSIT,1616000.0
T00013598,A0001298,2025-06-21,TRANSFER,4394000.0
T00013599,A0000510,2026-01-16,TRANSFER,1089000.0
T00013600,A0000112,2026-02-02,DEPOSIT,3305000.0
T00013601,A0001594,2026-08-08,TRANSFER,184000.0
T00013602,A0000296,2026-06-07,TRANSFER,3187000.0
T00013603,A0000608,2025-11-15,WITHDRAWAL,3077000.0
T00013604,A0000157,2025-03-13,TRANSFER,816000.0
T00013605,A0001717,2025-11-28,TRANSFER,1375000.0
T00013606,A0000884,2025-04-03,WITHDRAWAL,1062000.0
T00013607,A0000519,2025-08-10,TRANSFER,2343000.0
T00013608,A0001426,2026-06-18,WITHDRAWAL,209000.0
T00013609,A0001263,2025-07-22,DEPOSIT,3865000.0
T00013610,A0001234,2025-09-10,WITHDRAWAL,2306000.0
T00013611,A0001260,2026-01-23,DEPOSIT,3692000.0
T00013612,A0000171,2025-04-24,DEPOSIT,2501000.0
T00013613,A0001493,2026-08-10,TRANSFER,634000.0
T00013614,A0000539,2026-08-30,TRANSFER,3030000.0
T00013615,A0000373,2025-06-25,TRANSFER,3354000.0
T00013616,A0000561,2026-03-13,WITHDRAWAL,684000.0
T00013617,A0000892,2026-04-24,WITHDRAWAL,4490000.0
T00013618,A0000585,2026-07-15,WITHDRAWAL,4408000.0
T00013619,A0000133,2025-02-16,TRANSFER,4866000.0
T00013620,A0000956,2026-07-17,WITHDRAWAL,4414000.0
T00013621,A0000235,2026-07-21,TRANSFER,1276000.0
T00013622,A0000854,2025-12-23,WITHDRAWAL,2895000.0
T00013623,A0001564,2025-11-05,TRANSFER,3302000.0
T00013624,A0001754,2026-03-01,DEPOSIT,4893000.0
T00013625,A0001706,2026-02-07,DEPOSIT,4645000.0
T00013626,A0000200,2026-08-18,WITHDRAWAL,439000.0
T00013627,A0001547,2025-03-04,TRANSFER,786000.0
T00013628,A0000769,2025-05-07,DEPOSIT,1745000.0
T00013629,A0001272,2025-12-11,WITHDRAWAL,3653000.0
T00013630,A0000454,2025-08-26,TRANSFER,4902000.0
T00013631,A0001325,2025-05-07,WITHDRAWAL,904000.0
T00013632,A0000174,2025-04-22,DEPOSIT,1389000.0
T00013633,A0001164,2025-07-15,DEPOSIT,4908000.0
T00013634,A0000245,2025-09-10,DEPOSIT,959000.0
T00013635,A0001372,2025-09-24,WITHDRAWAL,3146000.0
T00013636,A0000428,2025-09-05,TRANSFER,4564000.0
T00013637,A0000037,2026-08-01,TRANSFER,4467000.0
T00013638,A0000343,2025-02-03,TRANSFER,907000.0
T00013639,A0000257,2025-08-19,DEPOSIT,1126000.0
T00013640,A0000042,2025-09-21,WITHDRAWAL,3219000.0
T00013641,A0000589,2025-02-11,DEPOSIT,3438000.0
T00013642,A0000945,2026-02-28,WITHDRAWAL,1142000.0
T00013643,A0000834,2025-03-28,DEPOSIT,4869000.0
T00013644,A0000136,2026-04-10,TRANSFER,404000.0
T00013645,A0001216,2026-04-11,WITHDRAWAL,3678000.0
T00013646,A0000218,2026-08-11,WITHDRAWAL,521000.0
T00013647,A0001790,2025-03-20,TRANSFER,2797000.0
T00013648,A0001413,2026-07-02,DEPOSIT,4212000.0
T00013649,A0000849,2025-10-11,TRANSFER,3948000.0
T00013650,A0000161,2025-05-09,TRANSFER,4340000.0
T00013651,A0000553,2025-03-16,TRANSFER,2921000.0
T00013652,A0001058,2025-07-14,WITHDRAWAL,3536000.0
T00013653,A0001340,2025-03-13,TRANSFER,345000.0
T00013654,A0000125,2025-03-05,TRANSFER,2047000.0
T00013655,A0000700,2025-04-28,WITHDRAWAL,2315000.0
T00013656,A0000113,2025-04-26,WITHDRAWAL,399000.0
T00013657,A0000978,2025-06-26,TRANSFER,2248000.0
T00013658,A0001681,2026-08-09,DEPOSIT,482000.0
T00013659,A0001143,2025-01-22,WITHDRAWAL,4704000.0
T00013660,A0001399,2025-04-29,WITHDRAWAL,1236000.0
T00013661,A0000435,2025-07-04,WITHDRAWAL,473000.0
T00013662,A0000348,2026-03-30,WITHDRAWAL,10000.0
T00013663,A0000351,2025-03-18,WITHDRAWAL,4891000.0
T00013664,A0001772,2026-02-19,TRANSFER,3978000.0
T00013665,A0000650,2025-03-25,DEPOSIT,2790000.0
T00013666,A0000481,2026-03-06,TRANSFER,703000.0
T00013667,A0000865,2025-11-10,TRANSFER,4579000.0
T00013668,A0000712,2025-11-18,DEPOSIT,1890000.0
T00013669,A0000122,2026-06-18,TRANSFER,2803000.0
T00013670,A0000082,2025-09-22,WITHDRAWAL,18000.0
T00013671,A0000016,2025-09-28,WITHDRAWAL,2053000.0
T00013672,A0000339,2025-07-03,WITHDRAWAL,4707000.0
T00013673,A0000150,2025-05-04,DEPOSIT,4982000.0
T00013674,A0000316,2026-05-14,TRANSFER,2387000.0
T00013675,A0000345,2025-03-30,DEPOSIT,1054000.0
T00013676,A0000359,2026-02-03,WITHDRAWAL,2801000.0
T00013677,A0000874,2025-03-22,DEPOSIT,676000.0
T00013678,A0001217,2026-04-07,DEPOSIT,3864000.0
T00013679,A0000906,2026-04-01,DEPOSIT,889000.0
T00013680,A0000645,2025-01-06,TRANSFER,648000.0
T00013681,A0001527,2025-10-24,TRANSFER,2011000.0
T00013682,A0001387,2025-06-20,WITHDRAWAL,3013000.0
T00013683,A0001068,2026-03-18,TRANSFER,2892000.0
T00013684,A0001599,2026-07-24,TRANSFER,477000.0
T00013685,A0000085,2025-10-11,WITHDRAWAL,21000.0
T00013686,A0001267,2025-10-24,DEPOSIT,2601000.0
T00013687,A0000690,2026-02-07,WITHDRAWAL,4549000.0
T00013688,A0000145,2026-02-09,TRANSFER,1801000.0
T00013689,A0000839,2025-09-10,DEPOSIT,2274000.0
T00013690,A0001147,2026-04-20,WITHDRAWAL,343000.0
T00013691,A0000769,2026-07-03,WITHDRAWAL,2885000.0
T00013692,A0001769,2026-01-14,DEPOSIT,2705000.0
T00013693,A0000194,2026-07-11,TRANSFER,3384000.0
T00013694,A0001446,2026-01-21,TRANSFER,3955000.0
T00013695,A0001260,2025-07-06,TRANSFER,4585000.0
T00013696,A0001238,2025-11-01,WITHDRAWAL,799000.0
T00013697,A0000099,2026-05-19,WITHDRAWAL,4231000.0
T00013698,A0000312,2025-10-23,TRANSFER,237000.0
T00013699,A0000931,2026-01-05,TRANSFER,4511000.0
T00013700,A0001712,2025-01-08,DEPOSIT,3683000.0
T00013701,A0000193,2026-03-10,TRANSFER,1303000.0
T00013702,A0001375,2025-07-24,DEPOSIT,2683000.0
T00013703,A0000550,2026-02-24,DEPOSIT,1516000.0
T00013704,A0001067,2025-01-19,TRANSFER,1468000.0
T00013705,A0000072,2025-05-02,DEPOSIT,937000.0
T00013706,A0000923,2025-01-31,TRANSFER,1393000.0
T00013707,A0000347,2026-04-24,TRANSFER,341000.0
T00013708,A0000600,2026-05-13,WITHDRAWAL,3789000.0
T00013709,A0000903,2025-06-10,DEPOSIT,4831000.0
T00013710,A0000647,2026-04-25,WITHDRAWAL,3244000.0
T00013711,A0000023,2026-02-21,DEPOSIT,395000.0
T00013712,A0000231,2025-10-13,DEPOSIT,3851000.0
T00013713,A0001095,2026-05-29,DEPOSIT,3341000.0
T00013714,A0001040,2025-07-02,WITHDRAWAL,288000.0
T00013715,A0000463,2025-10-28,TRANSFER,4663000.0
T00013716,A0001287,2025-07-21,DEPOSIT,4548000.0
T00013717,A0001321,2025-07-11,DEPOSIT,4090000.0
T00013718,A0001345,2025-04-22,WITHDRAWAL,122000.0
T00013719,A0000934,2025-04-21,WITHDRAWAL,1977000.0
T00013720,A0001258,2026-01-22,TRANSFER,3550000.0
T00013721,A0001716,2026-01-31,WITHDRAWAL,3378000.0
T00013722,A0001408,2025-04-08,WITHDRAWAL,3146000.0
T00013723,A0000787,2025-08-26,DEPOSIT,1415000.0
T00013724,A0001773,2025-10-31,WITHDRAWAL,4774000.0
T00013725,A0001087,2026-01-08,TRANSFER,1154000.0
T00013726,A0000061,2025-02-14,TRANSFER,2874000.0
T00013727,A0000911,2025-05-11,DEPOSIT,1264000.0
T00013728,A0000251,2025-07-30,DEPOSIT,3870000.0
T00013729,A0000148,2025-04-05,DEPOSIT,4077000.0
T00013730,A0001349,2025-10-11,TRANSFER,4001000.0
T00013731,A0000644,2026-01-21,TRANSFER,1858000.0
T00013732,A0001698,2025-04-15,WITHDRAWAL,3096000.0
T00013733,A0001720,2026-06-15,TRANSFER,1480000.0
T00013734,A0000327,2025-12-16,WITHDRAWAL,1473000.0
T00013735,A0000519,2025-07-15,DEPOSIT,4117000.0
T00013736,A0001301,2025-05-03,TRANSFER,3828000.0
T00013737,A0000242,2026-08-22,TRANSFER,4899000.0
T00013738,A0000857,2026-06-01,DEPOSIT,3841000.0
T00013739,A0000610,2025-12-02,WITHDRAWAL,4926000.0
T00013740,A0001570,2025-01-18,TRANSFER,1731000.0
T00013741,A0001516,2025-05-01,DEPOSIT,4677000.0
T00013742,A0000554,2025-12-31,TRANSFER,3589000.0
T00013743,A0000414,2025-01-23,TRANSFER,666000.0
T00013744,A0000813,2025-01-19,WITHDRAWAL,359000.0
T00013745,A0000148,2025-12-01,WITHDRAWAL,4260000.0
T00013746,A0000658,2026-07-13,DEPOSIT,4301000.0
T00013747,A0001452,2025-01-28,DEPOSIT,781000.0
T00013748,A0000713,2025-08-08,TRANSFER,3021000.0
T00013749,A0001650,2025-07-09,TRANSFER,2567000.0
T00013750,A0000271,2025-06-16,DEPOSIT,4009000.0
T00013751,A0000551,2026-05-28,TRANSFER,4866000.0
T00013752,A0001067,2026-04-29,TRANSFER,1943000.0
T00013753,A0001289,2025-01-02,DEPOSIT,3779000.0
T00013754,A0001685,2025-04-18,WITHDRAWAL,4744000.0
T00013755,A0001647,2025-03-22,DEPOSIT,4071000.0
T00013756,A0001499,2025-06-20,DEPOSIT,2459000.0
T00013757,A0000687,2026-02-26,TRANSFER,3627000.0
T00013758,A0000170,2026-07-12,TRANSFER,994000.0
T00013759,A0001493,2025-04-26,DEPOSIT,821000.0
T00013760,A0001248,2025-01-14,DEPOSIT,3093000.0
T00013761,A0000905,2026-07-25,DEPOSIT,4281000.0
T00013762,A0001501,2026-05-24,DEPOSIT,2452000.0
T00013763,A0000267,2025-01-27,DEPOSIT,3171000.0
T00013764,A0000443,2026-02-10,WITHDRAWAL,1139000.0
T00013765,A0001570,2025-07-25,DEPOSIT,1742000.0
T00013766,A0000293,2025-01-11,DEPOSIT,85000.0
T00013767,A0000682,2025-03-18,DEPOSIT,47000.0
T00013768,A0001325,2026-04-06,WITHDRAWAL,1549000.0
T00013769,A0001468,2026-07-25,DEPOSIT,2229000.0
T00013770,A0001723,2025-07-26,TRANSFER,4952000.0
T00013771,A0001269,2025-08-14,WITHDRAWAL,54000.0
T00013772,A0001229,2026-04-20,DEPOSIT,4772000.0
T00013773,A0001047,2025-10-01,DEPOSIT,3901000.0
T00013774,A0000740,2026-04-23,DEPOSIT,1863000.0
T00013775,A0000453,2026-07-30,TRANSFER,3064000.0
T00013776,A0000721,2025-06-21,WITHDRAWAL,287000.0
T00013777,A0000653,2026-07-21,WITHDRAWAL,201000.0
T00013778,A0000798,2025-05-27,DEPOSIT,2987000.0
T00013779,A0001431,2026-06-06,TRANSFER,4862000.0
T00013780,A0000572,2025-03-11,WITHDRAWAL,250000.0
T00013781,A0001186,2025-12-06,TRANSFER,1359000.0
T00013782,A0001326,2025-02-11,WITHDRAWAL,4498000.0
T00013783,A0001099,2025-06-07,TRANSFER,3239000.0
T00013784,A0001519,2026-06-04,DEPOSIT,4885000.0
T00013785,A0000501,2025-04-07,WITHDRAWAL,3789000.0
T00013786,A0000860,2025-02-01,DEPOSIT,1813000.0
T00013787,A0000318,2026-03-11,DEPOSIT,627000.0
T00013788,A0001373,2025-10-01,DEPOSIT,2628000.0
T00013789,A0000148,2025-10-31,DEPOSIT,247000.0
T00013790,A0001200,2026-03-31,TRANSFER,2123000.0
T00013791,A0001369,2025-09-17,DEPOSIT,968000.0
T00013792,A0000088,2026-02-14,WITHDRAWAL,549000.0
T00013793,A0000430,2025-08-13,WITHDRAWAL,2804000.0
T00013794,A0000089,2025-11-18,DEPOSIT,796000.0
T00013795,A0000657,2026-05-01,DEPOSIT,1780000.0
T00013796,A0000060,2026-06-27,WITHDRAWAL,1108000.0
T00013797,A0001732,2026-02-19,TRANSFER,3282000.0
T00013798,A0001456,2026-03-17,TRANSFER,1250000.0
T00013799,A0000632,2025-10-28,WITHDRAWAL,1639000.0
T00013800,A0000557,2026-08-05,TRANSFER,2049000.0
T00013801,A0001003,2025-07-14,WITHDRAWAL,3785000.0
T00013802,A0000835,2026-06-05,WITHDRAWAL,3402000.0
T00013803,A0000290,2025-12-11,WITHDRAWAL,4603000.0
T00013804,A0001637,2026-04-08,DEPOSIT,4471000.0
T00013805,A0001330,2026-08-28,WITHDRAWAL,1566000.0
T00013806,A0000240,2025-10-05,DEPOSIT,2204000.0
T00013807,A0001291,2025-08-19,DEPOSIT,3112000.0
T00013808,A0000253,2025-04-06,WITHDRAWAL,3910000.0
T00013809,A0001788,2025-10-21,WITHDRAWAL,4787000.0
T00013810,A0000854,2026-05-08,TRANSFER,4728000.0
T00013811,A0000190,2025-04-19,TRANSFER,4058000.0
T00013812,A0001557,2025-04-15,TRANSFER,4451000.0
T00013813,A0000369,2025-05-28,TRANSFER,4797000.0
T00013814,A0000565,2026-01-08,DEPOSIT,303000.0
T00013815,A0000606,2026-07-27,DEPOSIT,1669000.0
T00013816,A0001716,2025-10-11,WITHDRAWAL,396000.0
T00013817,A0000034,2025-08-17,WITHDRAWAL,29000.0
T00013818,A0000866,2025-09-15,TRANSFER,773000.0
T00013819,A0000219,2025-01-20,WITHDRAWAL,706000.0
T00013820,A0001515,2025-02-09,DEPOSIT,1691000.0
T00013821,A0001514,2025-12-30,DEPOSIT,3201000.0
T00013822,A0001708,2025-01-12,WITHDRAWAL,4560000.0
T00013823,A0001421,2025-02-01,TRANSFER,4426000.0
T00013824,A0000177,2025-11-05,WITHDRAWAL,1946000.0
T00013825,A0001580,2025-06-08,DEPOSIT,406000.0
T00013826,A0000178,2025-01-19,WITHDRAWAL,4116000.0
T00013827,A0001140,2025-05-25,WITHDRAWAL,4671000.0
T00013828,A0000068,2025-09-14,DEPOSIT,3003000.0
T00013829,A0001180,2026-07-28,TRANSFER,4274000.0
T00013830,A0001059,2025-11-10,WITHDRAWAL,1772000.0
T00013831,A0000472,2025-03-06,DEPOSIT,1547000.0
T00013832,A0001598,2025-07-02,TRANSFER,1420000.0
T00013833,A0000277,2025-03-07,DEPOSIT,1869000.0
T00013834,A0001486,2025-10-01,WITHDRAWAL,2930000.0
T00013835,A0000361,2025-04-04,TRANSFER,1608000.0
T00013836,A0000160,2026-06-23,WITHDRAWAL,2970000.0
T00013837,A0001199,2025-05-23,DEPOSIT,66000.0
T00013838,A0001588,2025-09-11,WITHDRAWAL,1641000.0
T00013839,A0000709,2026-08-21,TRANSFER,530000.0
T00013840,A0000984,2026-04-01,DEPOSIT,2831000.0
T00013841,A0000321,2025-11-12,DEPOSIT,3175000.0
T00013842,A0001367,2025-04-12,TRANSFER,199000.0
T00013843,A0001510,2025-08-11,TRANSFER,4789000.0
T00013844,A0000895,2025-10-17,DEPOSIT,324000.0
T00013845,A0000679,2026-03-12,WITHDRAWAL,1639000.0
T00013846,A0000542,2025-05-27,DEPOSIT,1271000.0
T00013847,A0000864,2026-02-06,WITHDRAWAL,1499000.0
T00013848,A0001384,2025-12-14,WITHDRAWAL,1555000.0
T00013849,A0000121,2025-06-05,DEPOSIT,1192000.0
T00013850,A0001297,2026-04-24,TRANSFER,4308000.0
T00013851,A0000321,2026-03-27,DEPOSIT,1971000.0
T00013852,A0001027,2025-07-17,DEPOSIT,1507000.0
T00013853,A0001286,2025-02-27,WITHDRAWAL,4890000.0
T00013854,A0001113,2025-03-22,DEPOSIT,678000.0
T00013855,A0001533,2025-05-17,WITHDRAWAL,1939000.0
T00013856,A0000242,2025-05-22,DEPOSIT,4791000.0
T00013857,A0001616,2026-08-11,DEPOSIT,4169000.0
T00013858,A0001217,2025-01-27,DEPOSIT,3946000.0
T00013859,A0000342,2025-06-15,TRANSFER,19000.0
T00013860,A0000886,2025-06-29,WITHDRAWAL,1852000.0
T00013861,A0001209,2026-04-26,DEPOSIT,300000.0
T00013862,A0001638,2026-04-24,DEPOSIT,2001000.0
T00013863,A0000725,2025-01-14,TRANSFER,886000.0
T00013864,A0000195,2025-09-26,WITHDRAWAL,944000.0
T00013865,A0000596,2025-05-25,WITHDRAWAL,3885000.0
T00013866,A0000811,2025-02-21,DEPOSIT,3436000.0
T00013867,A0001093,2025-04-12,WITHDRAWAL,3474000.0
T00013868,A0000398,2026-05-06,DEPOSIT,2137000.0
T00013869,A0000866,2025-08-10,DEPOSIT,3875000.0
T00013870,A0000617,2026-06-09,WITHDRAWAL,4291000.0
T00013871,A0000456,2025-11-29,WITHDRAWAL,3321000.0
T00013872,A0000778,2026-07-27,DEPOSIT,1772000.0
T00013873,A0000925,2026-05-03,TRANSFER,4346000.0
T00013874,A0001687,2025-03-22,WITHDRAWAL,4839000.0
T00013875,A0000772,2025-11-23,WITHDRAWAL,4669000.0
T00013876,A0000811,2026-04-08,DEPOSIT,4714000.0
T00013877,A0001384,2025-07-24,WITHDRAWAL,606000.0
T00013878,A0000711,2025-07-26,TRANSFER,114000.0
T00013879,A0000009,2026-02-13,WITHDRAWAL,277000.0
T00013880,A0001022,2025-06-09,WITHDRAWAL,1639000.0
T00013881,A0001286,2025-06-18,WITHDRAWAL,1906000.0
T00013882,A0000838,2026-02-06,DEPOSIT,3881000.0
T00013883,A0000468,2025-04-24,DEPOSIT,3415000.0
T00013884,A0000930,2025-07-11,DEPOSIT,4720000.0
T00013885,A0001183,2026-05-21,WITHDRAWAL,1906000.0
T00013886,A0000873,2025-10-14,WITHDRAWAL,2651000.0
T00013887,A0000463,2025-02-16,DEPOSIT,155000.0
T00013888,A0000053,2025-01-29,WITHDRAWAL,3835000.0
T00013889,A0000914,2026-06-03,TRANSFER,3107000.0
T00013890,A0001209,2025-12-05,TRANSFER,4761000.0
T00013891,A0001198,2025-08-29,TRANSFER,4905000.0
T00013892,A0001251,2025-06-17,DEPOSIT,4321000.0
T00013893,A0001557,2025-06-20,TRANSFER,4508000.0
T00013894,A0001396,2025-03-06,TRANSFER,985000.0
T00013895,A0000641,2026-03-25,TRANSFER,1064000.0
T00013896,A0000222,2025-05-16,DEPOSIT,3992000.0
T00013897,A0001592,2026-06-02,TRANSFER,914000.0
T00013898,A0001072,2026-04-13,TRANSFER,1907000.0
T00013899,A0001401,2025-01-13,TRANSFER,448000.0
T00013900,A0000566,2025-09-07,TRANSFER,2190000.0
T00013901,A0000555,2025-12-30,TRANSFER,374000.0
T00013902,A0001500,2026-01-30,DEPOSIT,1588000.0
T00013903,A0001755,2026-08-17,DEPOSIT,2727000.0
T00013904,A0000266,2025-04-05,TRANSFER,1629000.0
T00013905,A0000218,2026-03-21,TRANSFER,1945000.0
T00013906,A0001601,2025-12-20,WITHDRAWAL,1460000.0
T00013907,A0000801,2026-02-18,DEPOSIT,441000.0
T00013908,A0001519,2025-07-04,WITHDRAWAL,4917000.0
T00013909,A0001025,2025-01-18,TRANSFER,3390000.0
T00013910,A0000640,2025-02-02,DEPOSIT,3093000.0
T00013911,A0000041,2025-06-15,WITHDRAWAL,1198000.0
T00013912,A0001744,2025-12-26,TRANSFER,3295000.0
T00013913,A0001463,2025-09-15,TRANSFER,3528000.0
T00013914,A0001268,2026-08-22,DEPOSIT,2696000.0
T00013915,A0000253,2025-09-01,DEPOSIT,340000.0
T00013916,A0000642,2025-01-20,WITHDRAWAL,4965000.0
T00013917,A0000683,2026-04-01,TRANSFER,4977000.0
T00013918,A0000153,2026-08-27,TRANSFER,1474000.0
T00013919,A0001475,2026-03-24,DEPOSIT,1707000.0
T00013920,A0000748,2025-04-25,TRANSFER,1727000.0
T00013921,A0000020,2025-09-24,DEPOSIT,2511000.0
T00013922,A0000076,2026-08-23,DEPOSIT,416000.0
T00013923,A0000789,2026-04-14,TRANSFER,4385000.0
T00013924,A0000106,2025-07-15,TRANSFER,1417000.0
T00013925,A0001507,2026-03-08,WITHDRAWAL,2235000.0
T00013926,A0000166,2025-08-26,DEPOSIT,3871000.0
T00013927,A0000090,2026-03-16,DEPOSIT,835000.0
T00013928,A0001290,2026-03-19,TRANSFER,802000.0
T00013929,A0000768,2025-08-09,DEPOSIT,11000.0
T00013930,A0001704,2025-07-15,TRANSFER,1263000.0
T00013931,A0000174,2026-02-24,WITHDRAWAL,4348000.0
T00013932,A0000738,2025-04-24,DEPOSIT,1711000.0
T00013933,A0000546,2025-11-06,DEPOSIT,2751000.0
T00013934,A0001223,2026-07-30,TRANSFER,2556000.0
T00013935,A0001251,2025-03-13,WITHDRAWAL,488000.0
T00013936,A0001224,2025-07-25,DEPOSIT,2167000.0
T00013937,A0000738,2025-06-08,TRANSFER,724000.0
T00013938,A0001533,2025-04-26,WITHDRAWAL,326000.0
T00013939,A0000939,2026-08-22,TRANSFER,1300000.0
T00013940,A0000283,2025-02-09,TRANSFER,1805000.0
T00013941,A0001057,2026-04-01,DEPOSIT,4777000.0
T00013942,A0000404,2026-05-17,WITHDRAWAL,3676000.0
T00013943,A0000116,2026-05-29,DEPOSIT,3184000.0
T00013944,A0001140,2026-07-04,WITHDRAWAL,1161000.0
T00013945,A0000563,2025-03-25,WITHDRAWAL,3326000.0
T00013946,A0001552,2026-05-17,TRANSFER,4213000.0
T00013947,A0000819,2026-07-13,TRANSFER,904000.0
T00013948,A0001167,2025-11-29,DEPOSIT,778000.0
T00013949,A0000611,2025-01-04,DEPOSIT,4659000.0
T00013950,A0000956,2025-07-06,WITHDRAWAL,3513000.0
T00013951,A0001676,2025-10-23,DEPOSIT,2058000.0
T00013952,A0000055,2025-05-01,WITHDRAWAL,1924000.0
T00013953,A0000771,2025-04-09,TRANSFER,3513000.0
T00013954,A0000013,2025-05-27,TRANSFER,3440000.0
T00013955,A0001241,2026-06-12,TRANSFER,3879000.0
T00013956,A0000570,2025-05-06,DEPOSIT,1410000.0
T00013957,A0000155,2025-08-24,TRANSFER,533000.0
T00013958,A0000130,2025-11-29,WITHDRAWAL,3757000.0
T00013959,A0000569,2026-05-09,TRANSFER,4525000.0
T00013960,A0001267,2026-03-12,TRANSFER,3337000.0
T00013961,A0000209,2025-06-10,TRANSFER,3151000.0
T00013962,A0001617,2025-02-16,TRANSFER,1094000.0
T00013963,A0000066,2026-05-03,DEPOSIT,236000.0
T00013964,A0000004,2025-09-29,DEPOSIT,2922000.0
T00013965,A0000305,2026-02-12,WITHDRAWAL,24000.0
T00013966,A0001669,2025-03-23,WITHDRAWAL,274000.0
T00013967,A0000880,2025-09-15,DEPOSIT,1530000.0
T00013968,A0000206,2025-05-26,TRANSFER,1907000.0
T00013969,A0000245,2025-02-09,WITHDRAWAL,2432000.0
T00013970,A0001270,2025-01-09,TRANSFER,2640000.0
T00013971,A0001257,2026-05-02,TRANSFER,387000.0
T00013972,A0000010,2025-05-12,WITHDRAWAL,3086000.0
T00013973,A0000746,2025-09-01,TRANSFER,1283000.0
T00013974,A0000800,2025-01-08,DEPOSIT,2783000.0
T00013975,A0000726,2026-03-26,DEPOSIT,553000.0
T00013976,A0001164,2025-03-03,DEPOSIT,4906000.0
T00013977,A0000357,2026-01-22,DEPOSIT,2229000.0
T00013978,A0001260,2025-06-11,WITHDRAWAL,4557000.0
T00013979,A0000963,2025-05-26,DEPOSIT,2891000.0
T00013980,A0001653,2025-04-08,TRANSFER,1593000.0
T00013981,A0001051,2025-03-13,TRANSFER,2151000.0
T00013982,A0000099,2026-03-30,DEPOSIT,2470000.0
T00013983,A0001635,2025-01-21,TRANSFER,677000.0
T00013984,A0000997,2025-11-27,WITHDRAWAL,2099000.0
T00013985,A0001688,2026-07-23,WITHDRAWAL,4985000.0
T00013986,A0001118,2025-04-26,TRANSFER,1582000.0
T00013987,A0001661,2025-04-19,TRANSFER,654000.0
T00013988,A0000485,2025-07-16,WITHDRAWAL,3749000.0
T00013989,A0001600,2025-02-28,WITHDRAWAL,2360000.0
T00013990,A0000527,2026-07-07,DEPOSIT,2112000.0
T00013991,A0001764,2026-07-20,DEPOSIT,768000.0
T00013992,A0001004,2026-05-14,WITHDRAWAL,1002000.0
T00013993,A0000555,2025-02-02,WITHDRAWAL,180000.0
T00013994,A0000587,2025-01-02,WITHDRAWAL,3319000.0
T00013995,A0001738,2026-05-10,TRANSFER,2453000.0
T00013996,A0001117,2025-10-30,TRANSFER,3205000.0
T00013997,A0000938,2025-05-27,WITHDRAWAL,3710000.0
T00013998,A0000505,2025-06-08,TRANSFER,65000.0
T00013999,A0000778,2025-07-26,TRANSFER,4280000.0
T00014000,A0000297,2025-03-17,TRANSFER,698000.0
T00014001,A0000731,2025-06-02,TRANSFER,1734000.0
T00014002,A0000217,2026-04-25,WITHDRAWAL,1224000.0
T00014003,A0000210,2025-07-27,DEPOSIT,1227000.0
T00014004,A0000381,2025-11-15,TRANSFER,1959000.0
T00014005,A0001224,2026-01-07,TRANSFER,2270000.0
T00014006,A0000035,2025-08-02,DEPOSIT,2304000.0
T00014007,A0000950,2025-04-16,WITHDRAWAL,1993000.0
T00014008,A0000442,2026-06-05,TRANSFER,660000.0
T00014009,A0000663,2025-04-13,TRANSFER,3507000.0
T00014010,A0001776,2025-04-16,WITHDRAWAL,546000.0
T00014011,A0000798,2026-05-13,DEPOSIT,2550000.0
T00014012,A0001346,2026-01-19,DEPOSIT,267000.0
T00014013,A0001703,2026-02-04,DEPOSIT,1035000.0
T00014014,A0000072,2025-11-18,WITHDRAWAL,352000.0
T00014015,A0001434,2026-08-04,TRANSFER,2114000.0
T00014016,A0001530,2025-05-13,WITHDRAWAL,4950000.0
T00014017,A0001355,2026-02-02,TRANSFER,4341000.0
T00014018,A0001276,2025-10-10,WITHDRAWAL,2470000.0
T00014019,A0000461,2025-12-04,DEPOSIT,4089000.0
T00014020,A0000929,2025-05-28,TRANSFER,1620000.0
T00014021,A0001075,2025-10-20,DEPOSIT,4016000.0
T00014022,A0000913,2025-01-25,TRANSFER,1902000.0
T00014023,A0001016,2026-08-21,DEPOSIT,3569000.0
T00014024,A0001646,2025-03-16,TRANSFER,764000.0
T00014025,A0001608,2026-05-22,DEPOSIT,2016000.0
T00014026,A0001227,2025-12-13,TRANSFER,2363000.0
T00014027,A0000325,2026-06-23,WITHDRAWAL,1121000.0
T00014028,A0000724,2025-10-02,TRANSFER,4576000.0
T00014029,A0001227,2025-10-07,TRANSFER,2963000.0
T00014030,A0001266,2025-06-04,WITHDRAWAL,3402000.0
T00014031,A0000617,2026-08-21,DEPOSIT,3724000.0
T00014032,A0000889,2026-03-31,DEPOSIT,4740000.0
T00014033,A0001324,2025-12-27,TRANSFER,4796000.0
T00014034,A0000067,2026-06-07,WITHDRAWAL,3819000.0
T00014035,A0001485,2025-07-18,WITHDRAWAL,812000.0
T00014036,A0000330,2025-08-28,DEPOSIT,407000.0
T00014037,A0000538,2025-06-16,DEPOSIT,3346000.0
T00014038,A0000773,2026-08-10,DEPOSIT,2646000.0
T00014039,A0001008,2026-08-04,WITHDRAWAL,2601000.0
T00014040,A0000888,2026-03-15,WITHDRAWAL,733000.0
T00014041,A0000265,2026-08-29,DEPOSIT,4186000.0
T00014042,A0001549,2026-03-17,DEPOSIT,117000.0
T00014043,A0000847,2026-06-10,TRANSFER,4069000.0
T00014044,A0000529,2025-10-29,TRANSFER,4253000.0
T00014045,A0001019,2025-06-08,DEPOSIT,55000.0
T00014046,A0000064,2025-08-09,WITHDRAWAL,877000.0
T00014047,A0001101,2026-03-23,DEPOSIT,2724000.0
T00014048,A0001654,2026-03-07,TRANSFER,1292000.0
T00014049,A0000869,2026-07-03,DEPOSIT,3770000.0
T00014050,A0000244,2026-02-23,TRANSFER,2570000.0
T00014051,A0000100,2025-01-07,WITHDRAWAL,2000.0
T00014052,A0001056,2025-01-15,DEPOSIT,4980000.0
T00014053,A0000583,2025-03-02,DEPOSIT,4890000.0
T00014054,A0000268,2025-12-05,WITHDRAWAL,95000.0
T00014055,A0000796,2025-09-14,WITHDRAWAL,3989000.0
T00014056,A0001301,2025-05-04,WITHDRAWAL,4941000.0
T00014057,A0001304,2026-05-23,WITHDRAWAL,1607000.0
T00014058,A0000072,2026-04-13,DEPOSIT,1366000.0
T00014059,A0001423,2025-03-21,WITHDRAWAL,3562000.0
T00014060,A0000528,2026-07-27,DEPOSIT,3045000.0
T00014061,A0000708,2026-07-15,DEPOSIT,718000.0
T00014062,A0001474,2025-11-13,WITHDRAWAL,3262000.0
T00014063,A0000932,2026-01-08,TRANSFER,995000.0
T00014064,A0001129,2025-04-16,TRANSFER,3218000.0
T00014065,A0001556,2025-01-31,DEPOSIT,877000.0
T00014066,A0001392,2025-04-26,DEPOSIT,1137000.0
T00014067,A0000291,2025-11-03,TRANSFER,3810000.0
T00014068,A0000846,2025-06-17,TRANSFER,1186000.0
T00014069,A0000091,2025-06-21,TRANSFER,3008000.0
T00014070,A0000622,2025-09-27,DEPOSIT,2232000.0
T00014071,A0001687,2026-02-12,WITHDRAWAL,160000.0
T00014072,A0001649,2026-04-07,DEPOSIT,3663000.0
T00014073,A0001179,2026-05-24,DEPOSIT,3629000.0
T00014074,A0000835,2025-05-16,DEPOSIT,2902000.0
T00014075,A0000073,2026-06-09,WITHDRAWAL,2029000.0
T00014076,A0000289,2026-04-08,DEPOSIT,4425000.0
T00014077,A0000925,2026-01-07,WITHDRAWAL,3521000.0
T00014078,A0001432,2025-08-30,TRANSFER,4035000.0
T00014079,A0001745,2025-01-25,DEPOSIT,3213000.0
T00014080,A0000608,2025-08-29,DEPOSIT,1978000.0
T00014081,A0001438,2025-02-26,DEPOSIT,806000.0
T00014082,A0001039,2026-07-11,WITHDRAWAL,4530000.0
T00014083,A0001377,2026-01-27,DEPOSIT,2828000.0
T00014084,A0000378,2025-09-08,DEPOSIT,4957000.0
T00014085,A0001409,2025-02-06,WITHDRAWAL,1482000.0
T00014086,A0001553,2025-11-26,TRANSFER,2025000.0
T00014087,A0001509,2026-03-03,WITHDRAWAL,2270000.0
T00014088,A0000520,2025-05-08,DEPOSIT,774000.0
T00014089,A0000956,2025-10-03,DEPOSIT,19000.0
T00014090,A0001770,2025-08-23,WITHDRAWAL,896000.0
T00014091,A0000491,2025-10-01,TRANSFER,3920000.0
T00014092,A0000576,2025-01-23,WITHDRAWAL,23000.0
T00014093,A0001333,2025-02-27,DEPOSIT,4370000.0
T00014094,A0000698,2025-11-29,WITHDRAWAL,2534000.0
T00014095,A0000732,2025-08-11,WITHDRAWAL,4087000.0
T00014096,A0001738,2026-01-07,DEPOSIT,567000.0
T00014097,A0000355,2026-01-29,DEPOSIT,497000.0
T00014098,A0001677,2025-02-03,DEPOSIT,3627000.0
T00014099,A0001522,2025-07-14,WITHDRAWAL,2163000.0
T00014100,A0000803,2025-05-07,TRANSFER,311000.0
T00014101,A0001703,2025-04-23,WITHDRAWAL,2399000.0
T00014102,A0001321,2025-03-31,TRANSFER,4087000.0
T00014103,A0000305,2026-02-15,TRANSFER,3919000.0
T00014104,A0001071,2026-04-05,WITHDRAWAL,1053000.0
T00014105,A0000801,2025-12-27,DEPOSIT,1003000.0
T00014106,A0000658,2025-11-14,TRANSFER,3353000.0
T00014107,A0001381,2026-01-03,TRANSFER,17000.0
T00014108,A0001045,2026-05-08,TRANSFER,2888000.0
T00014109,A0000242,2026-05-12,TRANSFER,778000.0
T00014110,A0000170,2026-02-06,WITHDRAWAL,2140000.0
T00014111,A0000630,2026-02-19,DEPOSIT,3469000.0
T00014112,A0000928,2025-06-04,TRANSFER,1593000.0
T00014113,A0000060,2025-05-25,WITHDRAWAL,3021000.0
T00014114,A0000464,2025-02-06,WITHDRAWAL,3248000.0
T00014115,A0001467,2025-01-19,TRANSFER,980000.0
T00014116,A0000744,2025-10-19,WITHDRAWAL,3766000.0
T00014117,A0001636,2025-03-28,TRANSFER,4088000.0
T00014118,A0000461,2026-02-28,WITHDRAWAL,338000.0
T00014119,A0000388,2026-08-17,TRANSFER,349000.0
T00014120,A0000913,2025-01-05,TRANSFER,474000.0
T00014121,A0000981,2026-01-30,WITHDRAWAL,849000.0
T00014122,A0001330,2025-03-30,WITHDRAWAL,4807000.0
T00014123,A0000428,2026-05-21,TRANSFER,1037000.0
T00014124,A0001218,2025-02-16,TRANSFER,4006000.0
T00014125,A0000629,2026-07-11,WITHDRAWAL,1347000.0
T00014126,A0001549,2025-01-18,DEPOSIT,2022000.0
T00014127,A0000281,2025-03-03,WITHDRAWAL,4539000.0
T00014128,A0001205,2025-07-29,TRANSFER,4754000.0
T00014129,A0001587,2025-11-02,WITHDRAWAL,3990000.0
T00014130,A0000866,2025-05-10,WITHDRAWAL,3970000.0
T00014131,A0000796,2026-08-09,TRANSFER,3962000.0
T00014132,A0001513,2026-07-12,WITHDRAWAL,4633000.0
T00014133,A0001312,2025-07-31,WITHDRAWAL,3708000.0
T00014134,A0000194,2025-08-20,DEPOSIT,2054000.0
T00014135,A0000298,2026-01-30,WITHDRAWAL,113000.0
T00014136,A0000337,2025-01-04,WITHDRAWAL,2290000.0
T00014137,A0000315,2026-01-20,WITHDRAWAL,670000.0
T00014138,A0001398,2025-03-02,DEPOSIT,2903000.0
T00014139,A0001151,2025-09-29,DEPOSIT,4406000.0
T00014140,A0000922,2026-08-17,WITHDRAWAL,1752000.0
T00014141,A0001425,2025-10-07,WITHDRAWAL,3827000.0
T00014142,A0001584,2026-06-04,WITHDRAWAL,2627000.0
T00014143,A0000869,2025-03-21,WITHDRAWAL,4355000.0
T00014144,A0000249,2025-02-15,DEPOSIT,3796000.0
T00014145,A0001008,2026-07-18,WITHDRAWAL,1374000.0
T00014146,A0001594,2026-04-15,DEPOSIT,4724000.0
T00014147,A0001112,2025-05-30,DEPOSIT,2527000.0
T00014148,A0000988,2026-04-03,DEPOSIT,3528000.0
T00014149,A0000671,2025-12-21,TRANSFER,1562000.0
T00014150,A0000469,2025-02-01,TRANSFER,4275000.0
T00014151,A0000816,2025-01-23,TRANSFER,507000.0
T00014152,A0000991,2025-10-09,DEPOSIT,178000.0
T00014153,A0000966,2025-06-18,TRANSFER,1598000.0
T00014154,A0000105,2025-04-09,TRANSFER,2330000.0
T00014155,A0000548,2025-06-05,WITHDRAWAL,627000.0
T00014156,A0001719,2026-01-14,DEPOSIT,2367000.0
T00014157,A0000415,2025-04-07,TRANSFER,3835000.0
T00014158,A0001023,2026-02-21,WITHDRAWAL,552000.0
T00014159,A0001147,2026-06-21,WITHDRAWAL,4163000.0
T00014160,A0000945,2026-04-28,WITHDRAWAL,4719000.0
T00014161,A0000467,2025-02-20,WITHDRAWAL,793000.0
T00014162,A0001106,2026-08-12,DEPOSIT,4842000.0
T00014163,A0000368,2025-03-01,WITHDRAWAL,3206000.0
T00014164,A0000173,2026-01-03,WITHDRAWAL,3738000.0
T00014165,A0001419,2025-04-12,WITHDRAWAL,4944000.0
T00014166,A0000403,2026-08-07,TRANSFER,3577000.0
T00014167,A0001550,2025-02-16,DEPOSIT,1288000.0
T00014168,A0001277,2025-05-01,DEPOSIT,3710000.0
T00014169,A0001160,2026-07-25,WITHDRAWAL,1609000.0
T00014170,A0000190,2025-11-09,WITHDRAWAL,2613000.0
T00014171,A0001640,2025-09-20,WITHDRAWAL,1122000.0
T00014172,A0000139,2025-07-30,TRANSFER,1391000.0
T00014173,A0000861,2025-08-06,WITHDRAWAL,1408000.0
T00014174,A0000523,2026-02-07,TRANSFER,4018000.0
T00014175,A0001445,2026-02-05,DEPOSIT,3759000.0
T00014176,A0001235,2026-07-11,DEPOSIT,2509000.0
T00014177,A0000340,2025-03-06,TRANSFER,2125000.0
T00014178,A0000329,2025-09-30,DEPOSIT,4561000.0
T00014179,A0000818,2025-08-22,TRANSFER,771000.0
T00014180,A0000040,2025-10-14,WITHDRAWAL,842000.0
T00014181,A0000327,2026-03-19,DEPOSIT,1752000.0
T00014182,A0001498,2025-01-28,WITHDRAWAL,291000.0
T00014183,A0000082,2025-02-22,TRANSFER,1620000.0
T00014184,A0000950,2025-07-22,WITHDRAWAL,3218000.0
T00014185,A0000526,2025-08-24,WITHDRAWAL,2122000.0
T00014186,A0001760,2025-09-18,WITHDRAWAL,3423000.0
T00014187,A0000373,2025-10-22,TRANSFER,1167000.0
T00014188,A0001424,2026-03-25,DEPOSIT,3403000.0
T00014189,A0001346,2025-12-28,TRANSFER,3173000.0
T00014190,A0001765,2026-05-28,TRANSFER,3174000.0
T00014191,A0001690,2025-05-24,TRANSFER,4243000.0
T00014192,A0000304,2025-04-09,DEPOSIT,3853000.0
T00014193,A0000478,2025-04-07,TRANSFER,1001000.0
T00014194,A0001160,2026-08-14,DEPOSIT,2115000.0
T00014195,A0001535,2025-08-06,DEPOSIT,1493000.0
T00014196,A0001453,2025-11-01,DEPOSIT,380000.0
T00014197,A0001363,2025-05-19,TRANSFER,1512000.0
T00014198,A0000216,2025-08-17,TRANSFER,2417000.0
T00014199,A0001578,2025-09-13,DEPOSIT,2743000.0
T00014200,A0001730,2025-07-11,WITHDRAWAL,3036000.0
T00014201,A0000109,2026-05-23,TRANSFER,864000.0
T00014202,A0001479,2025-04-12,TRANSFER,4176000.0
T00014203,A0001341,2026-04-29,DEPOSIT,4457000.0
T00014204,A0000463,2025-01-19,DEPOSIT,407000.0
T00014205,A0001346,2025-09-16,WITHDRAWAL,2938000.0
T00014206,A0000707,2026-02-15,DEPOSIT,522000.0
T00014207,A0001069,2026-04-26,TRANSFER,1829000.0
T00014208,A0001765,2026-04-24,WITHDRAWAL,4203000.0
T00014209,A0000711,2026-04-08,WITHDRAWAL,4603000.0
T00014210,A0001299,2026-07-21,TRANSFER,3580000.0
T00014211,A0001621,2026-04-25,WITHDRAWAL,1126000.0
T00014212,A0001726,2025-03-31,WITHDRAWAL,3420000.0
T00014213,A0000525,2026-01-31,WITHDRAWAL,1803000.0
T00014214,A0001131,2026-03-07,TRANSFER,1157000.0
T00014215,A0001661,2025-11-25,WITHDRAWAL,3967000.0
T00014216,A0000860,2025-07-18,WITHDRAWAL,4295000.0
T00014217,A0001561,2025-09-21,DEPOSIT,4858000.0
T00014218,A0000433,2025-06-19,TRANSFER,1011000.0
T00014219,A0001137,2025-05-21,WITHDRAWAL,1066000.0
T00014220,A0001540,2025-09-26,DEPOSIT,795000.0
T00014221,A0001554,2026-05-22,WITHDRAWAL,1663000.0
T00014222,A0000051,2025-01-01,WITHDRAWAL,4561000.0
T00014223,A0001018,2026-05-16,DEPOSIT,2584000.0
T00014224,A0000884,2026-04-20,DEPOSIT,944000.0
T00014225,A0000410,2025-03-20,DEPOSIT,3026000.0
T00014226,A0001061,2026-01-25,WITHDRAWAL,3800000.0
T00014227,A0000567,2026-01-27,TRANSFER,863000.0
T00014228,A0000367,2025-09-20,DEPOSIT,1885000.0
T00014229,A0000847,2026-05-07,TRANSFER,1214000.0
T00014230,A0000080,2026-03-15,WITHDRAWAL,3030000.0
T00014231,A0000151,2025-08-11,WITHDRAWAL,894000.0
T00014232,A0001731,2025-05-29,DEPOSIT,4477000.0
T00014233,A0000024,2025-06-20,TRANSFER,3282000.0
T00014234,A0001513,2025-12-01,DEPOSIT,2532000.0
T00014235,A0000184,2025-10-02,DEPOSIT,270000.0
T00014236,A0001734,2026-07-01,TRANSFER,589000.0
T00014237,A0001203,2025-01-16,WITHDRAWAL,1324000.0
T00014238,A0001550,2025-02-08,DEPOSIT,3352000.0
T00014239,A0001184,2025-11-18,WITHDRAWAL,3328000.0
T00014240,A0001348,2025-08-04,TRANSFER,2099000.0
T00014241,A0001260,2025-12-08,DEPOSIT,1476000.0
T00014242,A0001370,2025-08-31,WITHDRAWAL,3520000.0
T00014243,A0001154,2025-03-01,WITHDRAWAL,573000.0
T00014244,A0001481,2025-11-06,WITHDRAWAL,990000.0
T00014245,A0000700,2025-01-19,DEPOSIT,4023000.0
T00014246,A0000350,2026-04-14,DEPOSIT,4494000.0
T00014247,A0001756,2026-04-05,DEPOSIT,2579000.0
T00014248,A0000845,2025-10-16,WITHDRAWAL,3563000.0
T00014249,A0000210,2025-02-13,TRANSFER,3165000.0
T00014250,A0001190,2025-12-22,TRANSFER,2443000.0
T00014251,A0001034,2026-01-04,TRANSFER,3572000.0
T00014252,A0001730,2025-04-12,WITHDRAWAL,1245000.0
T00014253,A0001666,2025-06-07,WITHDRAWAL,4607000.0
T00014254,A0000218,2026-08-15,WITHDRAWAL,3827000.0
T00014255,A0000058,2026-05-28,DEPOSIT,2061000.0
T00014256,A0001049,2025-05-21,TRANSFER,4185000.0
T00014257,A0000644,2025-07-16,TRANSFER,2895000.0
T00014258,A0000568,2025-11-21,WITHDRAWAL,3199000.0
T00014259,A0001234,2026-08-05,WITHDRAWAL,1705000.0
T00014260,A0000491,2025-04-30,DEPOSIT,196000.0
T00014261,A0001624,2025-01-15,TRANSFER,3842000.0
T00014262,A0001212,2026-03-29,DEPOSIT,649000.0
T00014263,A0000488,2026-04-30,WITHDRAWAL,244000.0
T00014264,A0001737,2025-03-18,TRANSFER,1121000.0
T00014265,A0001085,2025-02-03,WITHDRAWAL,4528000.0
T00014266,A0000400,2025-11-01,TRANSFER,3310000.0
T00014267,A0000756,2026-08-03,DEPOSIT,3746000.0
T00014268,A0001647,2025-01-30,DEPOSIT,1209000.0
T00014269,A0001505,2025-08-13,DEPOSIT,616000.0
T00014270,A0000194,2026-05-03,TRANSFER,810000.0
T00014271,A0000070,2025-10-07,WITHDRAWAL,118000.0
T00014272,A0000410,2025-06-03,DEPOSIT,294000.0
T00014273,A0000517,2025-09-08,WITHDRAWAL,3527000.0
T00014274,A0001713,2026-05-12,DEPOSIT,2199000.0
T00014275,A0001376,2026-04-01,TRANSFER,4322000.0
T00014276,A0000829,2025-09-02,DEPOSIT,344000.0
T00014277,A0000944,2025-05-02,DEPOSIT,1265000.0
T00014278,A0001242,2025-06-05,TRANSFER,4856000.0
T00014279,A0001567,2026-01-12,WITHDRAWAL,4451000.0
T00014280,A0001670,2026-05-15,TRANSFER,4190000.0
T00014281,A0001274,2026-02-19,DEPOSIT,1462000.0
T00014282,A0000381,2026-04-11,WITHDRAWAL,3300000.0
T00014283,A0000483,2026-03-19,WITHDRAWAL,1853000.0
T00014284,A0000174,2026-03-02,TRANSFER,3213000.0
T00014285,A0000491,2025-01-22,WITHDRAWAL,1627000.0
T00014286,A0000115,2026-07-09,DEPOSIT,4947000.0
T00014287,A0001622,2025-10-13,WITHDRAWAL,3369000.0
T00014288,A0001720,2026-08-07,TRANSFER,2040000.0
T00014289,A0001713,2025-12-19,WITHDRAWAL,4880000.0
T00014290,A0001395,2025-11-09,WITHDRAWAL,2488000.0
T00014291,A0000450,2025-05-25,DEPOSIT,25000.0
T00014292,A0000890,2025-06-24,TRANSFER,2888000.0
T00014293,A0001730,2026-06-26,DEPOSIT,1417000.0
T00014294,A0001036,2025-10-06,WITHDRAWAL,2428000.0
T00014295,A0000776,2025-08-05,TRANSFER,4406000.0
T00014296,A0001140,2025-04-01,DEPOSIT,596000.0
T00014297,A0000465,2025-01-06,DEPOSIT,4216000.0
T00014298,A0001431,2025-03-07,DEPOSIT,4245000.0
T00014299,A0001107,2025-11-22,WITHDRAWAL,436000.0
T00014300,A0000878,2026-01-28,TRANSFER,2905000.0
T00014301,A0000788,2025-06-15,WITHDRAWAL,2388000.0
T00014302,A0001237,2026-01-09,DEPOSIT,3002000.0
T00014303,A0000645,2026-03-14,WITHDRAWAL,419000.0
T00014304,A0001134,2026-01-03,TRANSFER,2243000.0
T00014305,A0000386,2026-02-09,TRANSFER,3790000.0
T00014306,A0001386,2026-06-29,WITHDRAWAL,1120000.0
T00014307,A0000411,2025-03-15,TRANSFER,1250000.0
T00014308,A0001202,2025-09-13,DEPOSIT,3886000.0
T00014309,A0000901,2025-10-30,WITHDRAWAL,3067000.0
T00014310,A0000684,2026-03-20,DEPOSIT,2622000.0
T00014311,A0001483,2026-06-05,WITHDRAWAL,1307000.0
T00014312,A0001500,2026-06-09,DEPOSIT,2176000.0
T00014313,A0001576,2025-10-22,DEPOSIT,4070000.0
T00014314,A0001440,2025-08-26,TRANSFER,1647000.0
T00014315,A0001098,2026-05-25,TRANSFER,3210000.0
T00014316,A0000888,2025-03-10,TRANSFER,278000.0
T00014317,A0001421,2026-07-30,DEPOSIT,3254000.0
T00014318,A0000819,2026-04-17,DEPOSIT,403000.0
T00014319,A0001624,2026-08-20,WITHDRAWAL,4936000.0
T00014320,A0000400,2025-09-18,WITHDRAWAL,1258000.0
T00014321,A0000621,2025-12-01,DEPOSIT,4454000.0
T00014322,A0001247,2025-02-22,TRANSFER,2619000.0
T00014323,A0000752,2025-05-17,TRANSFER,30000.0
T00014324,A0000537,2026-04-24,WITHDRAWAL,2230000.0
T00014325,A0000801,2025-02-10,WITHDRAWAL,3333000.0
T00014326,A0001555,2025-11-02,TRANSFER,4868000.0
T00014327,A0000983,2025-08-24,TRANSFER,1820000.0
T00014328,A0000731,2025-02-11,WITHDRAWAL,2271000.0
T00014329,A0001053,2025-12-01,TRANSFER,1201000.0
T00014330,A0001791,2025-02-15,DEPOSIT,2075000.0
T00014331,A0001191,2025-09-16,DEPOSIT,3530000.0
T00014332,A0000129,2026-03-29,DEPOSIT,4039000.0
T00014333,A0001630,2026-08-31,TRANSFER,2360000.0
T00014334,A0000853,2025-10-02,DEPOSIT,2309000.0
T00014335,A0000672,2026-01-29,DEPOSIT,4759000.0
T00014336,A0000912,2026-04-07,DEPOSIT,1989000.0
T00014337,A0000596,2026-05-06,TRANSFER,3623000.0
T00014338,A0000165,2025-11-07,DEPOSIT,1962000.0
T00014339,A0000522,2026-03-28,TRANSFER,2377000.0
T00014340,A0001738,2026-02-08,DEPOSIT,1265000.0
T00014341,A0001799,2025-03-15,WITHDRAWAL,2979000.0
T00014342,A0000444,2025-08-30,WITHDRAWAL,2338000.0
T00014343,A0000272,2025-01-19,TRANSFER,331000.0
T00014344,A0000540,2025-07-26,WITHDRAWAL,1062000.0
T00014345,A0001796,2025-09-27,WITHDRAWAL,1490000.0
T00014346,A0000839,2026-03-22,WITHDRAWAL,3680000.0
T00014347,A0000016,2026-08-05,TRANSFER,2398000.0
T00014348,A0000993,2026-06-21,TRANSFER,1902000.0
T00014349,A0000869,2025-03-15,TRANSFER,4672000.0
T00014350,A0000774,2026-05-20,WITHDRAWAL,3157000.0
T00014351,A0001206,2025-02-16,DEPOSIT,4448000.0
T00014352,A0001337,2025-04-05,DEPOSIT,2197000.0
T00014353,A0000877,2026-05-17,DEPOSIT,635000.0
T00014354,A0001476,2026-07-18,DEPOSIT,3762000.0
T00014355,A0000496,2025-04-08,WITHDRAWAL,2409000.0
T00014356,A0000113,2025-04-28,WITHDRAWAL,2275000.0
T00014357,A0000128,2025-01-09,TRANSFER,4612000.0
T00014358,A0000662,2026-01-18,WITHDRAWAL,477000.0
T00014359,A0000324,2025-02-13,TRANSFER,4111000.0
T00014360,A0000241,2025-07-03,WITHDRAWAL,3786000.0
T00014361,A0000987,2025-11-09,TRANSFER,767000.0
T00014362,A0000571,2026-06-17,DEPOSIT,396000.0
T00014363,A0000237,2026-01-16,TRANSFER,4525000.0
T00014364,A0001072,2026-05-25,DEPOSIT,506000.0
T00014365,A0000726,2025-05-25,DEPOSIT,952000.0
T00014366,A0000301,2025-07-02,TRANSFER,1363000.0
T00014367,A0000883,2025-09-19,WITHDRAWAL,1966000.0
T00014368,A0000906,2026-07-19,DEPOSIT,3681000.0
T00014369,A0001391,2026-01-07,DEPOSIT,2396000.0
T00014370,A0000969,2025-09-14,WITHDRAWAL,3628000.0
T00014371,A0001615,2025-11-07,WITHDRAWAL,998000.0
T00014372,A0001611,2025-12-05,TRANSFER,3550000.0
T00014373,A0000719,2025-04-15,TRANSFER,3014000.0
T00014374,A0000536,2026-03-15,DEPOSIT,3899000.0
T00014375,A0000022,2026-03-01,TRANSFER,2271000.0
T00014376,A0001682,2026-03-08,TRANSFER,3995000.0
T00014377,A0001234,2025-07-01,TRANSFER,2869000.0
T00014378,A0001024,2026-01-14,WITHDRAWAL,19000.0
T00014379,A0001267,2026-03-25,WITHDRAWAL,1143000.0
T00014380,A0000247,2026-01-21,DEPOSIT,1840000.0
T00014381,A0000015,2026-05-15,DEPOSIT,793000.0
T00014382,A0001116,2026-05-21,DEPOSIT,3267000.0
T00014383,A0001004,2025-01-04,DEPOSIT,957000.0
T00014384,A0000783,2025-02-07,DEPOSIT,3003000.0
T00014385,A0000946,2025-03-29,DEPOSIT,3907000.0
T00014386,A0001085,2025-06-27,WITHDRAWAL,771000.0
T00014387,A0000495,2026-08-11,DEPOSIT,1618000.0
T00014388,A0001315,2026-01-16,TRANSFER,1734000.0
T00014389,A0001660,2025-03-19,TRANSFER,245000.0
T00014390,A0000182,2026-05-16,WITHDRAWAL,4995000.0
T00014391,A0000548,2026-06-25,WITHDRAWAL,953000.0
T00014392,A0000220,2026-05-31,TRANSFER,3554000.0
T00014393,A0000140,2025-02-17,DEPOSIT,1784000.0
T00014394,A0000190,2026-08-10,WITHDRAWAL,1812000.0
T00014395,A0000229,2026-07-04,DEPOSIT,4724000.0
T00014396,A0000718,2025-07-04,WITHDRAWAL,3602000.0
T00014397,A0000555,2025-09-26,TRANSFER,2772000.0
T00014398,A0001494,2025-01-09,WITHDRAWAL,325000.0
T00014399,A0000545,2025-08-18,TRANSFER,2560000.0
T00014400,A0001608,2025-06-28,TRANSFER,4183000.0
T00014401,A0001391,2025-06-02,WITHDRAWAL,1336000.0
T00014402,A0000248,2026-02-07,TRANSFER,931000.0
T00014403,A0000347,2026-03-24,WITHDRAWAL,2716000.0
T00014404,A0001460,2025-05-13,DEPOSIT,2625000.0
T00014405,A0001108,2025-08-07,TRANSFER,2839000.0
T00014406,A0000186,2025-06-24,TRANSFER,2028000.0
T00014407,A0000594,2025-07-03,TRANSFER,4731000.0
T00014408,A0000717,2025-05-17,WITHDRAWAL,2650000.0
T00014409,A0000164,2026-04-02,DEPOSIT,3977000.0
T00014410,A0001518,2025-08-24,TRANSFER,3511000.0
T00014411,A0001054,2025-09-18,DEPOSIT,1544000.0
T00014412,A0000297,2026-07-16,DEPOSIT,1956000.0
T00014413,A0000951,2025-07-29,DEPOSIT,4850000.0
T00014414,A0000358,2026-05-12,WITHDRAWAL,3511000.0
T00014415,A0000416,2026-06-08,TRANSFER,3207000.0
T00014416,A0000448,2025-09-25,DEPOSIT,778000.0
T00014417,A0001421,2025-02-06,WITHDRAWAL,1008000.0
T00014418,A0000488,2026-07-24,DEPOSIT,1345000.0
T00014419,A0001121,2026-05-19,DEPOSIT,360000.0
T00014420,A0001027,2025-09-07,WITHDRAWAL,3692000.0
T00014421,A0000423,2025-07-11,WITHDRAWAL,3104000.0
T00014422,A0001778,2025-01-16,DEPOSIT,4253000.0
T00014423,A0000098,2025-10-19,WITHDRAWAL,4386000.0
T00014424,A0000438,2025-10-29,DEPOSIT,4169000.0
T00014425,A0001517,2026-01-09,DEPOSIT,522000.0
T00014426,A0001459,2026-05-31,WITHDRAWAL,3667000.0
T00014427,A0001508,2026-07-27,DEPOSIT,1149000.0
T00014428,A0000151,2026-04-25,DEPOSIT,3122000.0
T00014429,A0001094,2025-07-19,DEPOSIT,2190000.0
T00014430,A0000516,2026-08-01,TRANSFER,890000.0
T00014431,A0000175,2025-05-03,DEPOSIT,162000.0
T00014432,A0001179,2025-06-04,TRANSFER,3510000.0
T00014433,A0001352,2026-05-21,TRANSFER,3938000.0
T00014434,A0000821,2025-06-12,DEPOSIT,4686000.0
T00014435,A0001052,2025-01-29,DEPOSIT,2063000.0
T00014436,A0001010,2025-10-11,WITHDRAWAL,4196000.0
T00014437,A0001243,2026-04-18,TRANSFER,3383000.0
T00014438,A0001203,2025-07-01,WITHDRAWAL,177000.0
T00014439,A0000940,2026-08-14,DEPOSIT,1277000.0
T00014440,A0000922,2025-06-29,TRANSFER,2938000.0
T00014441,A0001783,2025-06-26,TRANSFER,2293000.0
T00014442,A0000464,2025-09-13,TRANSFER,3781000.0
T00014443,A0000796,2025-10-28,WITHDRAWAL,19000.0
T00014444,A0000166,2025-06-21,TRANSFER,1108000.0
T00014445,A0001737,2026-07-20,DEPOSIT,1031000.0
T00014446,A0001668,2025-12-03,TRANSFER,3142000.0
T00014447,A0001554,2025-06-24,DEPOSIT,2222000.0
T00014448,A0000969,2025-06-09,TRANSFER,2918000.0
T00014449,A0001401,2026-05-15,DEPOSIT,3819000.0
T00014450,A0000228,2025-03-19,TRANSFER,249000.0
T00014451,A0000376,2025-01-30,WITHDRAWAL,3973000.0
T00014452,A0000906,2026-02-11,WITHDRAWAL,2516000.0
T00014453,A0001287,2025-11-22,DEPOSIT,2664000.0
T00014454,A0000485,2025-05-30,DEPOSIT,3096000.0
T00014455,A0000159,2025-09-24,TRANSFER,4126000.0
T00014456,A0000655,2025-08-04,WITHDRAWAL,2235000.0
T00014457,A0001664,2025-03-27,WITHDRAWAL,1351000.0
T00014458,A0001490,2026-06-01,WITHDRAWAL,1877000.0
T00014459,A0000522,2026-01-30,DEPOSIT,3981000.0
T00014460,A0001345,2026-02-19,WITHDRAWAL,1258000.0
T00014461,A0000288,2025-12-09,DEPOSIT,1191000.0
T00014462,A0001100,2026-02-27,TRANSFER,4379000.0
T00014463,A0000893,2026-04-06,WITHDRAWAL,4571000.0
T00014464,A0001128,2025-01-26,DEPOSIT,3369000.0
T00014465,A0000476,2025-06-23,TRANSFER,428000.0
T00014466,A0000181,2026-01-12,TRANSFER,4041000.0
T00014467,A0001261,2026-03-12,WITHDRAWAL,1446000.0
T00014468,A0001245,2026-01-16,DEPOSIT,4231000.0
T00014469,A0001664,2025-10-17,WITHDRAWAL,903000.0
T00014470,A0000089,2025-03-15,TRANSFER,3308000.0
T00014471,A0001177,2026-04-02,DEPOSIT,1290000.0
T00014472,A0000910,2026-08-22,WITHDRAWAL,168000.0
T00014473,A0000677,2025-08-21,WITHDRAWAL,253000.0
T00014474,A0001512,2026-02-25,DEPOSIT,915000.0
T00014475,A0000654,2025-11-03,WITHDRAWAL,439000.0
T00014476,A0000056,2025-10-17,TRANSFER,3228000.0
T00014477,A0000996,2025-04-27,TRANSFER,4433000.0
T00014478,A0001295,2025-03-20,TRANSFER,3183000.0
T00014479,A0000468,2025-11-29,WITHDRAWAL,3704000.0
T00014480,A0000060,2025-02-06,TRANSFER,523000.0
T00014481,A0000581,2026-02-22,WITHDRAWAL,1933000.0
T00014482,A0000937,2025-06-23,TRANSFER,7000.0
T00014483,A0000072,2026-03-07,WITHDRAWAL,3187000.0
T00014484,A0000955,2025-04-20,WITHDRAWAL,1379000.0
T00014485,A0001365,2026-03-13,DEPOSIT,836000.0
T00014486,A0001001,2025-11-01,WITHDRAWAL,4663000.0
T00014487,A0000106,2025-11-06,TRANSFER,4067000.0
T00014488,A0000493,2026-04-30,DEPOSIT,1533000.0
T00014489,A0000610,2026-08-27,WITHDRAWAL,1691000.0
T00014490,A0000416,2025-02-16,TRANSFER,1813000.0
T00014491,A0001333,2025-01-17,WITHDRAWAL,2345000.0
T00014492,A0000723,2025-09-09,TRANSFER,252000.0
T00014493,A0000829,2026-07-01,DEPOSIT,2743000.0
T00014494,A0001561,2025-05-30,DEPOSIT,2472000.0
T00014495,A0000192,2026-04-06,TRANSFER,4222000.0
T00014496,A0001395,2025-08-17,TRANSFER,3288000.0
T00014497,A0001373,2025-08-22,WITHDRAWAL,3911000.0
T00014498,A0001029,2026-04-21,WITHDRAWAL,4930000.0
T00014499,A0000176,2026-03-07,DEPOSIT,3437000.0
T00014500,A0001658,2025-09-10,WITHDRAWAL,2009000.0
T00014501,A0000231,2026-08-27,DEPOSIT,1194000.0
T00014502,A0000288,2025-10-13,TRANSFER,1652000.0
T00014503,A0001064,2025-10-27,TRANSFER,681000.0
T00014504,A0000151,2026-02-01,TRANSFER,419000.0
T00014505,A0001376,2025-10-21,TRANSFER,1686000.0
T00014506,A0001617,2026-03-25,WITHDRAWAL,3170000.0
T00014507,A0000088,2025-12-26,WITHDRAWAL,2286000.0
T00014508,A0001594,2025-05-15,WITHDRAWAL,788000.0
T00014509,A0000072,2026-02-21,TRANSFER,3671000.0
T00014510,A0001333,2026-07-27,TRANSFER,3099000.0
T00014511,A0000496,2025-10-26,WITHDRAWAL,4000.0
T00014512,A0001457,2025-08-25,DEPOSIT,475000.0
T00014513,A0001788,2025-12-19,DEPOSIT,2627000.0
T00014514,A0000121,2026-01-17,TRANSFER,245000.0
T00014515,A0001645,2025-04-01,DEPOSIT,1875000.0
T00014516,A0001732,2026-05-13,WITHDRAWAL,4506000.0
T00014517,A0001218,2026-07-04,DEPOSIT,1122000.0
T00014518,A0000069,2025-04-26,DEPOSIT,4984000.0
T00014519,A0000064,2025-06-13,WITHDRAWAL,348000.0
T00014520,A0001688,2026-01-03,TRANSFER,673000.0
T00014521,A0001159,2026-01-04,TRANSFER,1447000.0
T00014522,A0000854,2026-08-07,TRANSFER,3617000.0
T00014523,A0001338,2026-04-23,WITHDRAWAL,2872000.0
T00014524,A0000183,2026-06-11,DEPOSIT,515000.0
T00014525,A0000303,2025-11-11,DEPOSIT,3027000.0
T00014526,A0000437,2025-12-08,DEPOSIT,2791000.0
T00014527,A0001144,2025-11-25,WITHDRAWAL,384000.0
T00014528,A0000625,2025-05-14,TRANSFER,2679000.0
T00014529,A0001073,2025-10-12,TRANSFER,2708000.0
T00014530,A0001783,2026-03-07,TRANSFER,929000.0
T00014531,A0001582,2026-03-22,DEPOSIT,888000.0
T00014532,A0000171,2025-11-18,DEPOSIT,1878000.0
T00014533,A0001114,2025-06-22,TRANSFER,4122000.0
T00014534,A0000749,2025-01-18,DEPOSIT,3182000.0
T00014535,A0001558,2025-12-26,DEPOSIT,3698000.0
T00014536,A0000782,2026-02-18,TRANSFER,1512000.0
T00014537,A0000967,2025-03-20,WITHDRAWAL,4493000.0
T00014538,A0000907,2026-02-06,TRANSFER,2145000.0
T00014539,A0000950,2025-04-21,DEPOSIT,210000.0
T00014540,A0001570,2026-07-24,DEPOSIT,1830000.0
T00014541,A0001453,2026-08-09,DEPOSIT,1073000.0
T00014542,A0001408,2025-07-16,TRANSFER,1224000.0
T00014543,A0001220,2025-09-08,TRANSFER,775000.0
T00014544,A0000855,2026-01-21,DEPOSIT,1388000.0
T00014545,A0001508,2025-10-14,WITHDRAWAL,56000.0
T00014546,A0000221,2025-08-01,DEPOSIT,4158000.0
T00014547,A0000893,2026-02-15,TRANSFER,1538000.0
T00014548,A0001168,2026-05-14,WITHDRAWAL,2763000.0
T00014549,A0001184,2025-02-04,WITHDRAWAL,3918000.0
T00014550,A0001441,2025-02-13,WITHDRAWAL,658000.0
T00014551,A0000007,2025-06-24,WITHDRAWAL,3365000.0
T00014552,A0000169,2025-08-19,TRANSFER,4762000.0
T00014553,A0000860,2025-06-29,TRANSFER,4694000.0
T00014554,A0000228,2026-07-12,TRANSFER,2098000.0
T00014555,A0000693,2025-03-28,WITHDRAWAL,2292000.0
T00014556,A0001369,2025-06-10,DEPOSIT,2301000.0
T00014557,A0001301,2025-01-10,WITHDRAWAL,389000.0
T00014558,A0001454,2025-03-22,TRANSFER,3052000.0
T00014559,A0000672,2025-07-07,WITHDRAWAL,904000.0
T00014560,A0000833,2025-04-13,DEPOSIT,1175000.0
T00014561,A0001515,2026-02-10,WITHDRAWAL,3990000.0
T00014562,A0000371,2026-08-28,WITHDRAWAL,3203000.0
T00014563,A0001236,2025-09-22,WITHDRAWAL,1869000.0
T00014564,A0000766,2025-09-07,TRANSFER,4058000.0
T00014565,A0001706,2026-08-10,TRANSFER,4145000.0
T00014566,A0000250,2026-05-19,TRANSFER,4278000.0
T00014567,A0000651,2025-08-09,TRANSFER,1028000.0
T00014568,A0000729,2025-05-01,DEPOSIT,3792000.0
T00014569,A0001238,2026-02-06,WITHDRAWAL,3546000.0
T00014570,A0001498,2026-03-12,DEPOSIT,3891000.0
T00014571,A0001788,2026-04-03,WITHDRAWAL,2590000.0
T00014572,A0000103,2026-01-23,WITHDRAWAL,4515000.0
T00014573,A0001776,2025-03-29,DEPOSIT,919000.0
T00014574,A0000942,2026-03-05,TRANSFER,2653000.0
T00014575,A0000511,2026-03-29,DEPOSIT,2070000.0
T00014576,A0001527,2026-02-02,TRANSFER,584000.0
T00014577,A0001219,2025-01-31,TRANSFER,83000.0
T00014578,A0000573,2026-08-25,TRANSFER,2407000.0
T00014579,A0001559,2026-06-12,TRANSFER,3132000.0
T00014580,A0000973,2025-02-11,WITHDRAWAL,607000.0
T00014581,A0000379,2025-09-30,WITHDRAWAL,1049000.0
T00014582,A0001203,2025-05-06,WITHDRAWAL,3665000.0
T00014583,A0001505,2025-04-07,WITHDRAWAL,1046000.0
T00014584,A0000324,2025-10-18,DEPOSIT,1467000.0
T00014585,A0001715,2025-07-01,WITHDRAWAL,4438000.0
T00014586,A0001463,2025-01-24,DEPOSIT,3572000.0
T00014587,A0001614,2026-08-16,DEPOSIT,1616000.0
T00014588,A0001094,2026-05-22,WITHDRAWAL,2105000.0
T00014589,A0000174,2026-03-03,TRANSFER,1155000.0
T00014590,A0000010,2026-08-24,DEPOSIT,4842000.0
T00014591,A0001766,2025-04-12,TRANSFER,204000.0
T00014592,A0001734,2025-05-26,DEPOSIT,536000.0
T00014593,A0001746,2025-07-25,TRANSFER,4057000.0
T00014594,A0001057,2025-09-07,WITHDRAWAL,1251000.0
T00014595,A0001315,2026-07-16,WITHDRAWAL,3228000.0
T00014596,A0000544,2026-02-23,DEPOSIT,4296000.0
T00014597,A0000553,2025-03-23,DEPOSIT,4000.0
T00014598,A0000106,2026-06-17,TRANSFER,1964000.0
T00014599,A0000893,2025-05-05,TRANSFER,524000.0
T00014600,A0001194,2025-02-26,DEPOSIT,1489000.0
T00014601,A0001637,2025-03-10,DEPOSIT,595000.0
T00014602,A0000015,2026-08-11,TRANSFER,996000.0
T00014603,A0001346,2026-06-27,TRANSFER,3509000.0
T00014604,A0001427,2026-08-10,TRANSFER,3682000.0
T00014605,A0000368,2025-08-26,TRANSFER,1057000.0
T00014606,A0001100,2026-01-09,DEPOSIT,4462000.0
T00014607,A0000690,2025-09-04,TRANSFER,579000.0
T00014608,A0000876,2026-05-21,TRANSFER,1419000.0
T00014609,A0001305,2026-08-22,DEPOSIT,3383000.0
T00014610,A0001482,2025-08-29,DEPOSIT,4940000.0
T00014611,A0001764,2025-04-10,TRANSFER,4846000.0
T00014612,A0000090,2026-05-28,TRANSFER,34000.0
T00014613,A0001502,2025-03-02,TRANSFER,3579000.0
T00014614,A0000219,2026-01-07,TRANSFER,498000.0
T00014615,A0001276,2025-06-23,WITHDRAWAL,3237000.0
T00014616,A0000801,2025-07-07,DEPOSIT,721000.0
T00014617,A0001246,2025-11-16,DEPOSIT,917000.0
T00014618,A0000802,2025-09-23,DEPOSIT,3393000.0
T00014619,A0001341,2025-04-13,DEPOSIT,3071000.0
T00014620,A0001540,2026-04-06,DEPOSIT,4935000.0
T00014621,A0000485,2025-08-20,DEPOSIT,2843000.0
T00014622,A0000727,2025-01-26,TRANSFER,2312000.0
T00014623,A0000332,2026-02-22,WITHDRAWAL,3863000.0
T00014624,A0000440,2026-05-01,TRANSFER,439000.0
T00014625,A0000481,2025-12-16,DEPOSIT,4261000.0
T00014626,A0000596,2025-12-26,TRANSFER,136000.0
T00014627,A0000638,2025-02-26,TRANSFER,1284000.0
T00014628,A0001320,2026-08-08,WITHDRAWAL,2931000.0
T00014629,A0001467,2025-02-01,TRANSFER,4030000.0
T00014630,A0001092,2025-10-09,WITHDRAWAL,2925000.0
T00014631,A0000512,2026-02-07,WITHDRAWAL,73000.0
T00014632,A0000798,2025-06-24,TRANSFER,51000.0
T00014633,A0001067,2026-07-10,WITHDRAWAL,3517000.0
T00014634,A0001631,2025-04-21,DEPOSIT,3004000.0
T00014635,A0001260,2026-04-23,DEPOSIT,1044000.0
T00014636,A0001011,2025-01-16,WITHDRAWAL,253000.0
T00014637,A0001580,2025-12-06,WITHDRAWAL,1319000.0
T00014638,A0001488,2026-06-11,DEPOSIT,79000.0
T00014639,A0000718,2026-08-08,WITHDRAWAL,1298000.0
T00014640,A0000608,2026-05-12,DEPOSIT,1837000.0
T00014641,A0000337,2026-01-26,WITHDRAWAL,846000.0
T00014642,A0001724,2026-05-28,DEPOSIT,4330000.0
T00014643,A0000548,2026-03-21,DEPOSIT,1219000.0
T00014644,A0001562,2026-01-26,TRANSFER,3178000.0
T00014645,A0000383,2026-08-17,DEPOSIT,1109000.0
T00014646,A0001275,2025-06-13,WITHDRAWAL,1585000.0
T00014647,A0000974,2025-12-17,TRANSFER,2216000.0
T00014648,A0000442,2025-12-21,WITHDRAWAL,1418000.0
T00014649,A0001252,2025-02-23,WITHDRAWAL,1903000.0
T00014650,A0001149,2025-03-27,WITHDRAWAL,1922000.0
T00014651,A0001792,2026-02-10,TRANSFER,109000.0
T00014652,A0000250,2025-12-18,TRANSFER,4304000.0
T00014653,A0001085,2025-10-20,TRANSFER,1878000.0
T00014654,A0000893,2026-02-03,WITHDRAWAL,2838000.0
T00014655,A0000705,2026-06-19,DEPOSIT,376000.0
T00014656,A0001208,2025-02-10,DEPOSIT,1877000.0
T00014657,A0001079,2025-04-24,DEPOSIT,2565000.0
T00014658,A0000710,2025-11-11,DEPOSIT,4215000.0
T00014659,A0000545,2026-06-10,WITHDRAWAL,1371000.0
T00014660,A0001737,2026-04-25,DEPOSIT,2158000.0
T00014661,A0000295,2025-11-26,WITHDRAWAL,3207000.0
T00014662,A0000610,2025-09-05,TRANSFER,1526000.0
T00014663,A0001656,2025-11-18,WITHDRAWAL,3636000.0
T00014664,A0001570,2025-03-04,WITHDRAWAL,1529000.0
T00014665,A0000720,2025-04-17,WITHDRAWAL,1984000.0
T00014666,A0000166,2025-11-11,TRANSFER,3830000.0
T00014667,A0001171,2025-02-03,TRANSFER,621000.0
T00014668,A0001762,2025-11-25,WITHDRAWAL,3225000.0
T00014669,A0000291,2026-03-02,TRANSFER,3949000.0
T00014670,A0001159,2025-08-19,DEPOSIT,2436000.0
T00014671,A0000127,2025-03-20,WITHDRAWAL,3004000.0
T00014672,A0000685,2025-01-27,WITHDRAWAL,626000.0
T00014673,A0001254,2026-07-05,TRANSFER,3223000.0
T00014674,A0001485,2025-12-20,DEPOSIT,3656000.0
T00014675,A0000394,2025-02-10,DEPOSIT,1537000.0
T00014676,A0001077,2025-12-03,DEPOSIT,3743000.0
T00014677,A0000719,2025-11-19,DEPOSIT,3291000.0
T00014678,A0001247,2025-08-20,DEPOSIT,4222000.0
T00014679,A0000892,2026-02-18,WITHDRAWAL,58000.0
T00014680,A0000183,2025-12-19,DEPOSIT,70000.0
T00014681,A0001268,2025-01-29,DEPOSIT,1946000.0
T00014682,A0001698,2025-04-18,DEPOSIT,4200000.0
T00014683,A0000487,2025-02-23,DEPOSIT,1880000.0
T00014684,A0001677,2026-03-26,TRANSFER,2779000.0
T00014685,A0001060,2025-08-08,DEPOSIT,2296000.0
T00014686,A0000278,2026-07-15,DEPOSIT,98000.0
T00014687,A0000019,2026-05-30,DEPOSIT,3544000.0
T00014688,A0001650,2025-03-16,TRANSFER,988000.0
T00014689,A0001130,2026-04-29,DEPOSIT,2196000.0
T00014690,A0001295,2025-05-07,DEPOSIT,2425000.0
T00014691,A0000731,2026-05-01,DEPOSIT,678000.0
T00014692,A0000831,2026-05-29,DEPOSIT,4486000.0
T00014693,A0001059,2025-09-11,TRANSFER,310000.0
T00014694,A0000287,2025-05-07,TRANSFER,4686000.0
T00014695,A0001535,2025-04-10,TRANSFER,521000.0
T00014696,A0000013,2025-09-16,TRANSFER,472000.0
T00014697,A0000403,2026-04-08,WITHDRAWAL,3327000.0
T00014698,A0000989,2025-01-30,DEPOSIT,1160000.0
T00014699,A0000768,2025-12-02,TRANSFER,3426000.0
T00014700,A0000716,2025-09-12,TRANSFER,4097000.0
T00014701,A0000191,2026-07-23,WITHDRAWAL,1457000.0
T00014702,A0001578,2025-07-16,TRANSFER,4712000.0
T00014703,A0000789,2026-01-21,TRANSFER,2079000.0
T00014704,A0000910,2026-02-06,DEPOSIT,3364000.0
T00014705,A0001740,2025-11-04,DEPOSIT,2572000.0
T00014706,A0001750,2025-08-04,TRANSFER,1839000.0
T00014707,A0000428,2026-06-30,WITHDRAWAL,1064000.0
T00014708,A0000767,2025-10-16,DEPOSIT,2989000.0
T00014709,A0001342,2025-10-29,WITHDRAWAL,716000.0
T00014710,A0000012,2025-08-11,DEPOSIT,2310000.0
T00014711,A0000659,2026-03-28,WITHDRAWAL,4692000.0
T00014712,A0001015,2025-08-01,WITHDRAWAL,1729000.0
T00014713,A0000733,2026-06-02,DEPOSIT,3634000.0
T00014714,A0001443,2025-07-31,WITHDRAWAL,1797000.0
T00014715,A0001678,2026-06-22,DEPOSIT,4173000.0
T00014716,A0000407,2025-12-09,DEPOSIT,173000.0
T00014717,A0000481,2025-01-01,DEPOSIT,1243000.0
T00014718,A0000606,2025-01-28,TRANSFER,701000.0
T00014719,A0001709,2025-09-27,WITHDRAWAL,1537000.0
T00014720,A0001508,2025-06-15,WITHDRAWAL,3322000.0
T00014721,A0000363,2025-07-03,TRANSFER,3290000.0
T00014722,A0001523,2025-08-24,DEPOSIT,4681000.0
T00014723,A0001122,2026-06-16,DEPOSIT,3519000.0
T00014724,A0000054,2025-04-24,TRANSFER,4984000.0
T00014725,A0000206,2026-02-09,WITHDRAWAL,3124000.0
T00014726,A0000362,2025-08-20,TRANSFER,2969000.0
T00014727,A0000974,2026-02-04,WITHDRAWAL,3827000.0
T00014728,A0001583,2025-11-18,TRANSFER,3564000.0
T00014729,A0000558,2025-06-19,DEPOSIT,2868000.0
T00014730,A0001278,2026-06-17,DEPOSIT,3343000.0
T00014731,A0000338,2025-11-23,DEPOSIT,3871000.0
T00014732,A0001755,2025-02-01,WITHDRAWAL,1246000.0
T00014733,A0001717,2026-07-10,DEPOSIT,1908000.0
T00014734,A0000409,2025-12-14,DEPOSIT,812000.0
T00014735,A0000382,2025-02-12,TRANSFER,337000.0
T00014736,A0000985,2025-06-04,WITHDRAWAL,239000.0
T00014737,A0000095,2025-01-29,TRANSFER,4205000.0
T00014738,A0000568,2025-09-09,TRANSFER,4124000.0
T00014739,A0000312,2025-12-13,TRANSFER,969000.0
T00014740,A0000286,2026-01-16,WITHDRAWAL,2439000.0
T00014741,A0001145,2026-07-18,WITHDRAWAL,283000.0
T00014742,A0001081,2026-04-27,DEPOSIT,2041000.0
T00014743,A0001110,2025-07-03,DEPOSIT,532000.0
T00014744,A0001609,2025-05-10,DEPOSIT,4578000.0
T00014745,A0001538,2026-08-11,TRANSFER,2792000.0
T00014746,A0001668,2025-10-12,WITHDRAWAL,58000.0
T00014747,A0001071,2025-09-30,TRANSFER,1711000.0
T00014748,A0000484,2025-09-10,DEPOSIT,2225000.0
T00014749,A0001468,2025-09-29,WITHDRAWAL,1843000.0
T00014750,A0000306,2025-12-31,WITHDRAWAL,553000.0
T00014751,A0000236,2026-04-18,DEPOSIT,2935000.0
T00014752,A0000916,2026-07-16,WITHDRAWAL,3234000.0
T00014753,A0001238,2025-09-09,TRANSFER,4298000.0
T00014754,A0001175,2025-01-14,DEPOSIT,559000.0
T00014755,A0001007,2025-05-11,DEPOSIT,4896000.0
T00014756,A0001028,2026-07-07,WITHDRAWAL,4190000.0
T00014757,A0001124,2025-07-11,WITHDRAWAL,4951000.0
T00014758,A0001627,2025-10-10,WITHDRAWAL,4205000.0
T00014759,A0000460,2026-06-22,TRANSFER,3672000.0
T00014760,A0000196,2025-02-03,TRANSFER,3547000.0
T00014761,A0000384,2025-08-28,WITHDRAWAL,2901000.0
T00014762,A0001380,2025-03-29,DEPOSIT,3572000.0
T00014763,A0000035,2026-03-12,WITHDRAWAL,119000.0
T00014764,A0001734,2025-03-07,WITHDRAWAL,843000.0
T00014765,A0001292,2025-11-02,WITHDRAWAL,3429000.0
T00014766,A0000498,2026-02-06,WITHDRAWAL,2260000.0
T00014767,A0000972,2026-05-09,DEPOSIT,4710000.0
T00014768,A0000770,2025-04-14,WITHDRAWAL,894000.0
T00014769,A0000118,2025-03-21,DEPOSIT,3809000.0
T00014770,A0000648,2026-07-28,DEPOSIT,2049000.0
T00014771,A0000119,2025-08-29,TRANSFER,1000.0
T00014772,A0001219,2025-11-23,TRANSFER,1779000.0
T00014773,A0000948,2025-07-16,DEPOSIT,4482000.0
T00014774,A0000048,2025-12-21,WITHDRAWAL,3651000.0
T00014775,A0000990,2026-02-18,DEPOSIT,2322000.0
T00014776,A0000116,2026-06-17,WITHDRAWAL,787000.0
T00014777,A0001557,2025-10-26,WITHDRAWAL,2334000.0
T00014778,A0000392,2025-09-09,DEPOSIT,3363000.0
T00014779,A0001597,2026-06-04,DEPOSIT,1030000.0
T00014780,A0000829,2025-09-04,TRANSFER,3806000.0
T00014781,A0000640,2026-06-29,WITHDRAWAL,3662000.0
T00014782,A0000659,2025-08-02,TRANSFER,1071000.0
T00014783,A0000309,2025-05-09,DEPOSIT,3948000.0
T00014784,A0001061,2026-04-02,TRANSFER,4872000.0
T00014785,A0001453,2025-06-02,TRANSFER,1832000.0
T00014786,A0001323,2025-04-20,TRANSFER,1629000.0
T00014787,A0001178,2025-09-05,TRANSFER,339000.0
T00014788,A0001608,2025-05-27,WITHDRAWAL,3891000.0
T00014789,A0000030,2025-08-27,TRANSFER,1916000.0
T00014790,A0001163,2026-03-13,DEPOSIT,4170000.0
T00014791,A0001140,2026-02-04,WITHDRAWAL,999000.0
T00014792,A0000753,2025-09-27,TRANSFER,4656000.0
T00014793,A0001012,2025-02-17,WITHDRAWAL,2898000.0
T00014794,A0000212,2025-11-26,DEPOSIT,3135000.0
T00014795,A0000272,2025-06-03,DEPOSIT,4442000.0
T00014796,A0001766,2026-02-25,TRANSFER,2328000.0
T00014797,A0000421,2025-01-31,TRANSFER,4494000.0
T00014798,A0000534,2026-02-21,DEPOSIT,4448000.0
T00014799,A0001724,2025-04-05,DEPOSIT,3812000.0
T00014800,A0001087,2026-01-03,DEPOSIT,2734000.0
T00014801,A0000246,2025-11-01,DEPOSIT,2223000.0
T00014802,A0000394,2025-12-28,TRANSFER,3739000.0
T00014803,A0001146,2025-04-15,TRANSFER,2276000.0
T00014804,A0000629,2025-09-02,TRANSFER,702000.0
T00014805,A0000129,2026-06-30,DEPOSIT,2738000.0
T00014806,A0001088,2025-05-24,DEPOSIT,3865000.0
T00014807,A0000308,2025-02-21,DEPOSIT,3628000.0
T00014808,A0000384,2025-02-17,WITHDRAWAL,1810000.0
T00014809,A0000072,2025-07-22,DEPOSIT,2081000.0
T00014810,A0000944,2026-08-19,WITHDRAWAL,5000.0
T00014811,A0001728,2025-11-10,TRANSFER,1893000.0
T00014812,A0000950,2025-05-14,TRANSFER,1021000.0
T00014813,A0000721,2026-01-30,DEPOSIT,3042000.0
T00014814,A0001599,2025-03-23,TRANSFER,3660000.0
T00014815,A0000328,2026-08-19,TRANSFER,1071000.0
T00014816,A0000519,2026-08-07,DEPOSIT,2096000.0
T00014817,A0000322,2025-06-11,TRANSFER,107000.0
T00014818,A0001450,2025-08-26,WITHDRAWAL,128000.0
T00014819,A0000662,2025-04-02,DEPOSIT,1172000.0
T00014820,A0000040,2025-11-01,WITHDRAWAL,1005000.0
T00014821,A0000326,2025-04-03,TRANSFER,545000.0
T00014822,A0000957,2025-09-10,WITHDRAWAL,436000.0
T00014823,A0000750,2025-04-14,TRANSFER,1079000.0
T00014824,A0001255,2025-10-13,DEPOSIT,983000.0
T00014825,A0000321,2026-07-03,TRANSFER,2355000.0
T00014826,A0001118,2025-04-21,WITHDRAWAL,3574000.0
T00014827,A0000865,2026-03-30,WITHDRAWAL,965000.0
T00014828,A0001380,2026-01-25,TRANSFER,4785000.0
T00014829,A0000359,2026-07-17,WITHDRAWAL,3138000.0
T00014830,A0001721,2025-04-06,TRANSFER,2219000.0
T00014831,A0000456,2025-09-03,DEPOSIT,1693000.0
T00014832,A0000659,2025-07-09,TRANSFER,3653000.0
T00014833,A0000902,2025-01-25,DEPOSIT,3811000.0
T00014834,A0000157,2025-04-12,DEPOSIT,2898000.0
T00014835,A0000057,2026-01-27,WITHDRAWAL,4360000.0
T00014836,A0000135,2025-05-11,TRANSFER,2421000.0
T00014837,A0000779,2026-06-21,WITHDRAWAL,2013000.0
T00014838,A0000770,2025-03-16,WITHDRAWAL,2263000.0
T00014839,A0000308,2026-08-07,TRANSFER,3457000.0
T00014840,A0000875,2026-06-23,WITHDRAWAL,2360000.0
T00014841,A0001076,2025-02-25,TRANSFER,2324000.0
T00014842,A0000676,2025-03-01,WITHDRAWAL,2452000.0
T00014843,A0001374,2025-06-27,WITHDRAWAL,3146000.0
T00014844,A0001546,2025-11-03,DEPOSIT,3893000.0
T00014845,A0000590,2026-05-18,TRANSFER,849000.0
T00014846,A0000355,2025-02-06,DEPOSIT,23000.0
T00014847,A0000407,2026-07-19,WITHDRAWAL,4135000.0
T00014848,A0000818,2026-03-29,TRANSFER,4533000.0
T00014849,A0001455,2026-03-09,TRANSFER,4180000.0
T00014850,A0001174,2025-02-05,TRANSFER,548000.0
T00014851,A0001670,2026-03-26,WITHDRAWAL,3436000.0
T00014852,A0000289,2026-01-13,WITHDRAWAL,2868000.0
T00014853,A0000551,2026-06-20,WITHDRAWAL,2922000.0
T00014854,A0001793,2025-04-19,TRANSFER,728000.0
T00014855,A0000076,2026-05-17,DEPOSIT,4126000.0
T00014856,A0001183,2025-12-14,WITHDRAWAL,1793000.0
T00014857,A0001313,2026-06-26,DEPOSIT,99000.0
T00014858,A0000942,2025-08-08,TRANSFER,2897000.0
T00014859,A0000933,2026-08-23,TRANSFER,2902000.0
T00014860,A0001366,2026-03-19,TRANSFER,3338000.0
T00014861,A0001127,2025-11-02,DEPOSIT,3278000.0
T00014862,A0001633,2025-06-08,DEPOSIT,4942000.0
T00014863,A0000495,2025-06-19,TRANSFER,4684000.0
T00014864,A0001420,2025-10-20,WITHDRAWAL,1371000.0
T00014865,A0000368,2026-06-04,WITHDRAWAL,1996000.0
T00014866,A0001566,2025-11-19,WITHDRAWAL,2568000.0
T00014867,A0000046,2025-10-03,DEPOSIT,610000.0
T00014868,A0000760,2026-01-05,DEPOSIT,2029000.0
T00014869,A0001677,2026-05-13,WITHDRAWAL,2557000.0
T00014870,A0000102,2025-05-14,TRANSFER,1608000.0
T00014871,A0000395,2026-01-16,TRANSFER,559000.0
T00014872,A0001513,2026-05-23,WITHDRAWAL,4614000.0
T00014873,A0000703,2025-04-16,WITHDRAWAL,2501000.0
T00014874,A0001324,2025-05-07,TRANSFER,2732000.0
T00014875,A0001071,2025-07-12,WITHDRAWAL,2694000.0
T00014876,A0001800,2025-07-10,DEPOSIT,3307000.0
T00014877,A0001528,2025-06-26,TRANSFER,887000.0
T00014878,A0000790,2026-04-04,DEPOSIT,1106000.0
T00014879,A0000318,2026-05-16,WITHDRAWAL,3091000.0
T00014880,A0001056,2026-02-16,WITHDRAWAL,563000.0
T00014881,A0001010,2026-03-06,DEPOSIT,2108000.0
T00014882,A0000617,2026-01-08,WITHDRAWAL,633000.0
T00014883,A0000794,2026-02-13,DEPOSIT,1461000.0
T00014884,A0001688,2026-04-03,TRANSFER,1688000.0
T00014885,A0000770,2025-06-17,WITHDRAWAL,2364000.0
T00014886,A0001047,2025-06-13,DEPOSIT,1844000.0
T00014887,A0000627,2026-02-06,DEPOSIT,1299000.0
T00014888,A0001000,2025-02-15,TRANSFER,3979000.0
T00014889,A0001368,2025-05-25,TRANSFER,4305000.0
T00014890,A0001036,2025-09-10,DEPOSIT,651000.0
T00014891,A0000677,2026-06-07,TRANSFER,1882000.0
T00014892,A0001203,2025-06-20,WITHDRAWAL,4659000.0
T00014893,A0001632,2025-05-15,WITHDRAWAL,2443000.0
T00014894,A0001411,2026-08-21,TRANSFER,2288000.0
T00014895,A0001677,2025-07-23,WITHDRAWAL,3196000.0
T00014896,A0001328,2026-04-19,WITHDRAWAL,3275000.0
T00014897,A0000045,2025-06-29,TRANSFER,2082000.0
T00014898,A0000436,2026-06-14,DEPOSIT,179000.0
T00014899,A0001499,2025-04-08,TRANSFER,4491000.0
T00014900,A0001155,2025-02-06,DEPOSIT,2234000.0
T00014901,A0000545,2025-07-21,WITHDRAWAL,2669000.0
T00014902,A0001108,2025-07-19,DEPOSIT,1818000.0
T00014903,A0000155,2026-01-04,WITHDRAWAL,3948000.0
T00014904,A0001564,2025-09-19,WITHDRAWAL,306000.0
T00014905,A0000452,2026-03-04,DEPOSIT,1269000.0
T00014906,A0001220,2025-08-24,TRANSFER,4467000.0
T00014907,A0001792,2025-08-25,DEPOSIT,3753000.0
T00014908,A0000966,2025-06-15,TRANSFER,3735000.0
T00014909,A0001509,2026-02-14,TRANSFER,2511000.0
T00014910,A0001645,2026-08-22,DEPOSIT,650000.0
T00014911,A0001073,2026-02-26,WITHDRAWAL,1715000.0
T00014912,A0000488,2025-01-04,DEPOSIT,1987000.0
T00014913,A0000174,2026-04-06,WITHDRAWAL,3557000.0
T00014914,A0000440,2026-02-01,DEPOSIT,1493000.0
T00014915,A0001697,2025-03-18,DEPOSIT,4510000.0
T00014916,A0000215,2025-09-24,WITHDRAWAL,4238000.0
T00014917,A0001412,2025-01-12,TRANSFER,2392000.0
T00014918,A0000728,2025-09-11,DEPOSIT,225000.0
T00014919,A0001128,2025-07-15,DEPOSIT,1590000.0
T00014920,A0001332,2025-03-16,DEPOSIT,3804000.0
T00014921,A0001730,2025-08-21,TRANSFER,1475000.0
T00014922,A0000209,2025-11-08,DEPOSIT,1918000.0
T00014923,A0000931,2025-08-13,DEPOSIT,2987000.0
T00014924,A0000291,2025-01-24,DEPOSIT,796000.0
T00014925,A0001211,2025-10-15,DEPOSIT,4292000.0
T00014926,A0000956,2026-06-17,DEPOSIT,4353000.0
T00014927,A0000154,2026-01-20,WITHDRAWAL,4282000.0
T00014928,A0001294,2025-04-23,WITHDRAWAL,630000.0
T00014929,A0001066,2026-07-23,TRANSFER,3716000.0
T00014930,A0001558,2025-06-07,WITHDRAWAL,1689000.0
T00014931,A0000420,2025-12-04,DEPOSIT,583000.0
T00014932,A0001767,2025-02-05,DEPOSIT,361000.0
T00014933,A0001579,2026-07-31,TRANSFER,3511000.0
T00014934,A0001416,2025-09-30,DEPOSIT,2772000.0
T00014935,A0000877,2026-03-17,DEPOSIT,4239000.0
T00014936,A0000266,2025-10-11,WITHDRAWAL,1588000.0
T00014937,A0001350,2025-08-12,TRANSFER,1822000.0
T00014938,A0001589,2025-03-10,WITHDRAWAL,1023000.0
T00014939,A0000226,2025-07-04,TRANSFER,2878000.0
T00014940,A0001712,2025-10-10,WITHDRAWAL,3143000.0
T00014941,A0001580,2026-03-19,TRANSFER,3333000.0
T00014942,A0000522,2026-05-08,WITHDRAWAL,1753000.0
T00014943,A0000926,2025-06-23,TRANSFER,1938000.0
T00014944,A0001548,2025-04-29,TRANSFER,1683000.0
T00014945,A0001569,2025-09-21,WITHDRAWAL,260000.0
T00014946,A0001508,2025-10-13,TRANSFER,1979000.0
T00014947,A0001283,2026-08-30,WITHDRAWAL,2351000.0
T00014948,A0000777,2026-01-02,TRANSFER,413000.0
T00014949,A0000203,2025-09-11,DEPOSIT,1609000.0
T00014950,A0001197,2026-06-02,TRANSFER,4073000.0
T00014951,A0000450,2025-10-11,DEPOSIT,1419000.0
T00014952,A0000596,2026-08-25,TRANSFER,4228000.0
T00014953,A0001078,2025-12-15,TRANSFER,701000.0
T00014954,A0001487,2025-01-17,WITHDRAWAL,3667000.0
T00014955,A0000342,2026-08-23,WITHDRAWAL,3485000.0
T00014956,A0000450,2025-02-25,TRANSFER,1123000.0
T00014957,A0000419,2025-07-26,DEPOSIT,3359000.0
T00014958,A0000830,2025-12-04,WITHDRAWAL,606000.0
T00014959,A0000645,2026-08-15,WITHDRAWAL,4047000.0
T00014960,A0001377,2026-02-06,DEPOSIT,4984000.0
T00014961,A0000083,2025-05-16,WITHDRAWAL,1596000.0
T00014962,A0000793,2025-12-15,TRANSFER,2597000.0
T00014963,A0000489,2025-10-22,DEPOSIT,3174000.0
T00014964,A0000508,2026-08-15,TRANSFER,1886000.0
T00014965,A0000017,2025-12-29,DEPOSIT,3626000.0
T00014966,A0000357,2026-05-29,WITHDRAWAL,1845000.0
T00014967,A0001519,2026-05-25,WITHDRAWAL,802000.0
T00014968,A0000548,2026-05-22,WITHDRAWAL,239000.0
T00014969,A0000088,2026-07-11,TRANSFER,3823000.0
T00014970,A0001301,2026-08-21,DEPOSIT,2679000.0
T00014971,A0000531,2025-11-10,DEPOSIT,3185000.0
T00014972,A0000828,2025-08-23,WITHDRAWAL,3153000.0
T00014973,A0001300,2025-02-19,WITHDRAWAL,724000.0
T00014974,A0000718,2025-04-16,TRANSFER,2821000.0
T00014975,A0001436,2025-06-21,TRANSFER,3757000.0
T00014976,A0000457,2025-05-07,TRANSFER,3623000.0
T00014977,A0000639,2025-06-12,WITHDRAWAL,4021000.0
T00014978,A0001187,2026-02-17,DEPOSIT,4168000.0
T00014979,A0001777,2025-06-07,TRANSFER,2325000.0
T00014980,A0000273,2025-03-09,WITHDRAWAL,3982000.0
T00014981,A0001537,2025-07-09,DEPOSIT,3951000.0
T00014982,A0000123,2026-05-30,DEPOSIT,4051000.0
T00014983,A0001303,2026-07-06,WITHDRAWAL,4706000.0
T00014984,A0000158,2025-10-02,WITHDRAWAL,3455000.0
T00014985,A0000397,2025-01-21,DEPOSIT,3933000.0
T00014986,A0001469,2025-01-03,WITHDRAWAL,2494000.0
T00014987,A0000639,2026-01-02,WITHDRAWAL,215000.0
T00014988,A0001258,2025-05-20,TRANSFER,2478000.0
T00014989,A0001424,2025-10-24,TRANSFER,94000.0
T00014990,A0001784,2026-08-18,WITHDRAWAL,3912000.0
T00014991,A0001639,2026-04-19,WITHDRAWAL,426000.0
T00014992,A0000044,2025-01-01,TRANSFER,1247000.0
T00014993,A0001166,2025-07-02,DEPOSIT,1876000.0
T00014994,A0001324,2026-03-07,WITHDRAWAL,679000.0
T00014995,A0001375,2026-05-03,TRANSFER,4324000.0
T00014996,A0000022,2026-03-14,DEPOSIT,4356000.0
T00014997,A0001625,2026-01-22,WITHDRAWAL,4094000.0
T00014998,A0001655,2026-03-22,DEPOSIT,2328000.0
T00014999,A0000865,2025-02-22,WITHDRAWAL,4378000.0
T00015000,A0000706,2026-02-23,DEPOSIT,2584000.0
T00015001,A0001775,2026-07-26,DEPOSIT,4421000.0
T00015002,A0000032,2025-08-17,DEPOSIT,1274000.0
T00015003,A0000275,2026-07-09,WITHDRAWAL,4244000.0
T00015004,A0000272,2025-09-20,WITHDRAWAL,4785000.0
T00015005,A0000871,2026-04-24,TRANSFER,4283000.0
T00015006,A0001567,2026-06-20,TRANSFER,4022000.0
T00015007,A0001618,2026-05-27,WITHDRAWAL,480000.0
T00015008,A0001456,2026-03-03,WITHDRAWAL,4267000.0
T00015009,A0000508,2025-06-03,TRANSFER,3665000.0
T00015010,A0000571,2025-04-26,TRANSFER,3633000.0
T00015011,A0000205,2025-07-30,TRANSFER,2094000.0
T00015012,A0001553,2025-06-28,TRANSFER,2340000.0
T00015013,A0001764,2025-11-14,WITHDRAWAL,372000.0
T00015014,A0000975,2025-02-19,TRANSFER,4027000.0
T00015015,A0000053,2025-05-14,WITHDRAWAL,3983000.0
T00015016,A0000810,2025-05-22,TRANSFER,2510000.0
T00015017,A0001654,2025-06-18,WITHDRAWAL,928000.0
T00015018,A0000187,2025-08-25,TRANSFER,4952000.0
T00015019,A0000182,2025-09-04,TRANSFER,73000.0
T00015020,A0001338,2026-02-23,WITHDRAWAL,3072000.0
T00015021,A0000014,2025-03-02,TRANSFER,4573000.0
T00015022,A0000945,2025-02-18,TRANSFER,5000000.0
T00015023,A0000215,2025-12-31,DEPOSIT,77000.0
T00015024,A0000117,2025-06-06,WITHDRAWAL,234000.0
T00015025,A0000185,2025-11-11,DEPOSIT,2002000.0
T00015026,A0001196,2025-10-08,DEPOSIT,4619000.0
T00015027,A0000682,2026-01-03,TRANSFER,2403000.0
T00015028,A0000759,2025-02-05,TRANSFER,3030000.0
T00015029,A0000840,2026-03-01,WITHDRAWAL,4958000.0
T00015030,A0000512,2025-07-29,WITHDRAWAL,1370000.0
T00015031,A0001710,2025-03-17,DEPOSIT,3190000.0
T00015032,A0001140,2026-07-04,DEPOSIT,1886000.0
T00015033,A0001082,2026-05-17,TRANSFER,3330000.0
T00015034,A0000996,2025-02-07,WITHDRAWAL,2244000.0
T00015035,A0000395,2025-12-03,TRANSFER,4732000.0
T00015036,A0000557,2026-03-19,WITHDRAWAL,1520000.0
T00015037,A0000583,2025-06-14,TRANSFER,2736000.0
T00015038,A0000894,2025-11-28,WITHDRAWAL,336000.0
T00015039,A0000082,2025-12-13,TRANSFER,2147000.0
T00015040,A0000643,2026-08-26,DEPOSIT,2178000.0
T00015041,A0001025,2025-10-26,TRANSFER,2587000.0
T00015042,A0001102,2025-02-25,DEPOSIT,4923000.0
T00015043,A0000545,2026-04-21,TRANSFER,4326000.0
T00015044,A0001267,2026-07-07,DEPOSIT,1181000.0
T00015045,A0001610,2026-04-21,TRANSFER,1578000.0
T00015046,A0001619,2026-03-22,TRANSFER,3820000.0
T00015047,A0001425,2025-12-19,TRANSFER,4923000.0
T00015048,A0001027,2026-03-03,TRANSFER,1123000.0
T00015049,A0001085,2026-08-27,WITHDRAWAL,3975000.0
T00015050,A0000984,2026-05-05,DEPOSIT,1763000.0
T00015051,A0001510,2026-06-09,TRANSFER,1525000.0
T00015052,A0000442,2026-02-24,DEPOSIT,4975000.0
T00015053,A0001457,2026-03-17,TRANSFER,1918000.0
T00015054,A0000014,2025-12-28,TRANSFER,1486000.0
T00015055,A0001599,2025-04-21,DEPOSIT,1711000.0
T00015056,A0001667,2026-01-17,TRANSFER,1944000.0
T00015057,A0000667,2025-05-09,WITHDRAWAL,4302000.0
T00015058,A0000615,2026-05-09,TRANSFER,4090000.0
T00015059,A0001771,2026-04-09,TRANSFER,3087000.0
T00015060,A0000093,2026-08-27,TRANSFER,3380000.0
T00015061,A0000633,2026-08-11,WITHDRAWAL,1861000.0
T00015062,A0001604,2026-08-27,DEPOSIT,3680000.0
T00015063,A0000168,2025-12-04,TRANSFER,4578000.0
T00015064,A0000274,2026-04-25,WITHDRAWAL,1083000.0
T00015065,A0000902,2025-11-06,TRANSFER,1081000.0
T00015066,A0000339,2025-06-15,WITHDRAWAL,4584000.0
T00015067,A0001706,2025-12-16,WITHDRAWAL,2030000.0
T00015068,A0001733,2025-06-29,TRANSFER,2016000.0
T00015069,A0001523,2025-06-30,WITHDRAWAL,2160000.0
T00015070,A0001388,2026-03-24,DEPOSIT,162000.0
T00015071,A0000981,2025-04-19,DEPOSIT,1810000.0
T00015072,A0001698,2025-06-26,TRANSFER,2181000.0
T00015073,A0001083,2026-06-27,DEPOSIT,2483000.0
T00015074,A0001113,2025-09-29,DEPOSIT,1282000.0
T00015075,A0000102,2025-05-26,DEPOSIT,2738000.0
T00015076,A0000341,2025-09-20,DEPOSIT,1897000.0
T00015077,A0001351,2025-08-10,TRANSFER,2535000.0
T00015078,A0000038,2025-08-01,TRANSFER,3216000.0
T00015079,A0000653,2026-06-25,TRANSFER,3370000.0
T00015080,A0000602,2026-08-22,DEPOSIT,2174000.0
T00015081,A0001597,2025-01-23,TRANSFER,2168000.0
T00015082,A0001042,2025-03-13,DEPOSIT,579000.0
T00015083,A0000954,2026-08-15,WITHDRAWAL,3289000.0
T00015084,A0000872,2025-08-27,TRANSFER,2414000.0
T00015085,A0000311,2025-08-28,WITHDRAWAL,81000.0
T00015086,A0001465,2025-10-06,DEPOSIT,1542000.0
T00015087,A0000658,2026-03-28,TRANSFER,1393000.0
T00015088,A0000059,2025-04-06,DEPOSIT,4424000.0
T00015089,A0001749,2026-03-08,WITHDRAWAL,3602000.0
T00015090,A0001124,2025-04-15,TRANSFER,3092000.0
T00015091,A0000873,2025-01-18,TRANSFER,3051000.0
T00015092,A0001288,2026-06-16,TRANSFER,4074000.0
T00015093,A0000771,2026-07-03,WITHDRAWAL,3375000.0
T00015094,A0001470,2026-04-09,WITHDRAWAL,4284000.0
T00015095,A0000680,2025-10-23,WITHDRAWAL,3785000.0
T00015096,A0000984,2025-07-12,DEPOSIT,2172000.0
T00015097,A0000116,2026-08-22,DEPOSIT,3233000.0
T00015098,A0000862,2025-04-08,DEPOSIT,3673000.0
T00015099,A0001586,2025-12-23,TRANSFER,553000.0
T00015100,A0001188,2026-06-30,TRANSFER,682000.0
T00015101,A0000241,2026-01-14,DEPOSIT,3025000.0
T00015102,A0001656,2025-09-21,DEPOSIT,4824000.0
T00015103,A0001222,2025-08-07,TRANSFER,4490000.0
T00015104,A0000604,2026-04-15,DEPOSIT,1442000.0
T00015105,A0000620,2025-03-16,DEPOSIT,2255000.0
T00015106,A0000891,2025-03-31,DEPOSIT,2814000.0
T00015107,A0000168,2026-04-08,TRANSFER,1537000.0
T00015108,A0000135,2026-06-27,TRANSFER,1194000.0
T00015109,A0001234,2026-03-16,WITHDRAWAL,3038000.0
T00015110,A0001266,2026-06-01,DEPOSIT,3006000.0
T00015111,A0000902,2025-08-10,WITHDRAWAL,1320000.0
T00015112,A0001236,2025-09-24,DEPOSIT,1511000.0
T00015113,A0000278,2025-07-03,DEPOSIT,3012000.0
T00015114,A0001618,2025-04-16,DEPOSIT,3624000.0
T00015115,A0001709,2025-12-15,WITHDRAWAL,2735000.0
T00015116,A0000892,2025-03-04,WITHDRAWAL,4855000.0
T00015117,A0000308,2026-05-08,TRANSFER,4062000.0
T00015118,A0000577,2025-08-09,TRANSFER,4839000.0
T00015119,A0000654,2026-02-20,DEPOSIT,364000.0
T00015120,A0001264,2025-09-20,WITHDRAWAL,4391000.0
T00015121,A0001593,2026-05-21,TRANSFER,3419000.0
T00015122,A0001173,2026-08-30,DEPOSIT,4259000.0
T00015123,A0000547,2026-06-29,WITHDRAWAL,4523000.0
T00015124,A0001367,2025-06-04,TRANSFER,4070000.0
T00015125,A0000636,2026-01-16,DEPOSIT,24000.0
T00015126,A0001589,2025-04-13,TRANSFER,3075000.0
T00015127,A0000386,2025-06-19,TRANSFER,2015000.0
T00015128,A0001352,2025-12-07,DEPOSIT,3526000.0
T00015129,A0001502,2025-04-10,TRANSFER,1561000.0
T00015130,A0001021,2025-10-23,WITHDRAWAL,4031000.0
T00015131,A0001071,2025-02-01,WITHDRAWAL,607000.0
T00015132,A0000268,2025-01-03,TRANSFER,866000.0
T00015133,A0001096,2025-05-17,DEPOSIT,2902000.0
T00015134,A0000462,2025-08-25,WITHDRAWAL,715000.0
T00015135,A0001192,2025-08-03,DEPOSIT,1195000.0
T00015136,A0001499,2025-10-21,DEPOSIT,1978000.0
T00015137,A0000910,2026-03-27,TRANSFER,729000.0
T00015138,A0001386,2026-05-15,WITHDRAWAL,2000000.0
T00015139,A0000271,2026-01-21,DEPOSIT,2694000.0
T00015140,A0000999,2026-01-31,TRANSFER,980000.0
T00015141,A0000060,2026-05-08,DEPOSIT,4494000.0
T00015142,A0001132,2026-07-20,DEPOSIT,1638000.0
T00015143,A0000516,2025-08-14,DEPOSIT,334000.0
T00015144,A0001460,2025-07-07,DEPOSIT,135000.0
T00015145,A0000982,2025-11-07,TRANSFER,3263000.0
T00015146,A0001123,2026-04-01,DEPOSIT,4711000.0
T00015147,A0000473,2026-05-13,TRANSFER,1718000.0
T00015148,A0001522,2025-08-26,DEPOSIT,915000.0
T00015149,A0000254,2026-03-21,DEPOSIT,3658000.0
T00015150,A0001708,2026-08-11,DEPOSIT,2657000.0
T00015151,A0000874,2026-04-14,DEPOSIT,178000.0
T00015152,A0001595,2026-07-18,WITHDRAWAL,1079000.0
T00015153,A0001671,2026-01-12,WITHDRAWAL,3776000.0
T00015154,A0000052,2026-02-18,TRANSFER,1951000.0
T00015155,A0000420,2025-02-18,DEPOSIT,4175000.0
T00015156,A0001119,2025-09-08,DEPOSIT,1508000.0
T00015157,A0000174,2025-06-02,WITHDRAWAL,2032000.0
T00015158,A0001263,2026-05-13,TRANSFER,3708000.0
T00015159,A0000006,2025-03-12,TRANSFER,4997000.0
T00015160,A0001235,2026-05-10,WITHDRAWAL,2754000.0
T00015161,A0001361,2025-04-06,DEPOSIT,4792000.0
T00015162,A0001157,2026-08-27,TRANSFER,1113000.0
T00015163,A0001532,2025-05-19,TRANSFER,1904000.0
T00015164,A0000879,2026-03-05,DEPOSIT,358000.0
T00015165,A0001796,2025-04-29,DEPOSIT,947000.0
T00015166,A0000009,2025-11-14,TRANSFER,3311000.0
T00015167,A0000454,2026-05-10,TRANSFER,3811000.0
T00015168,A0000825,2025-04-02,DEPOSIT,1069000.0
T00015169,A0001319,2025-03-10,TRANSFER,3358000.0
T00015170,A0001011,2025-09-21,TRANSFER,2317000.0
T00015171,A0000112,2026-08-17,DEPOSIT,4396000.0
T00015172,A0001032,2025-08-19,WITHDRAWAL,3472000.0
T00015173,A0000250,2025-05-23,WITHDRAWAL,4233000.0
T00015174,A0001589,2025-08-12,DEPOSIT,2595000.0
T00015175,A0000396,2025-12-24,DEPOSIT,3610000.0
T00015176,A0000047,2025-11-21,WITHDRAWAL,1560000.0
T00015177,A0001799,2026-04-30,WITHDRAWAL,4114000.0
T00015178,A0000598,2025-07-10,DEPOSIT,4753000.0
T00015179,A0001170,2026-07-06,TRANSFER,4915000.0
T00015180,A0000167,2026-05-03,WITHDRAWAL,4222000.0
T00015181,A0000076,2026-06-18,TRANSFER,838000.0
T00015182,A0000706,2026-06-19,WITHDRAWAL,4111000.0
T00015183,A0000370,2026-02-21,WITHDRAWAL,4437000.0
T00015184,A0001343,2025-05-16,WITHDRAWAL,68000.0
T00015185,A0001018,2026-02-07,TRANSFER,1303000.0
T00015186,A0000260,2026-04-28,TRANSFER,4207000.0
T00015187,A0001751,2026-01-26,DEPOSIT,4887000.0
T00015188,A0001072,2025-04-01,TRANSFER,1991000.0
T00015189,A0000399,2026-03-27,WITHDRAWAL,733000.0
T00015190,A0001632,2025-08-19,TRANSFER,3165000.0
T00015191,A0000791,2025-12-24,WITHDRAWAL,3459000.0
T00015192,A0000013,2026-07-20,TRANSFER,936000.0
T00015193,A0000113,2026-02-17,WITHDRAWAL,4517000.0
T00015194,A0000250,2026-07-13,WITHDRAWAL,3272000.0
T00015195,A0000186,2025-04-07,DEPOSIT,1536000.0
T00015196,A0001682,2026-05-06,DEPOSIT,2786000.0
T00015197,A0000727,2025-06-03,WITHDRAWAL,607000.0
T00015198,A0000447,2026-07-09,TRANSFER,2656000.0
T00015199,A0001672,2025-07-15,DEPOSIT,4262000.0
T00015200,A0001774,2025-12-18,TRANSFER,471000.0
T00015201,A0001684,2025-08-29,DEPOSIT,672000.0
T00015202,A0000032,2026-07-10,WITHDRAWAL,2792000.0
T00015203,A0000306,2025-09-07,TRANSFER,3107000.0
T00015204,A0001155,2025-06-20,WITHDRAWAL,2875000.0
T00015205,A0000194,2026-01-19,WITHDRAWAL,2211000.0
T00015206,A0000335,2026-03-07,WITHDRAWAL,1836000.0
T00015207,A0000755,2026-06-24,TRANSFER,3542000.0
T00015208,A0001247,2025-01-15,TRANSFER,248000.0
T00015209,A0000527,2025-03-06,DEPOSIT,2349000.0
T00015210,A0001380,2026-06-18,WITHDRAWAL,2515000.0
T00015211,A0000576,2026-03-24,DEPOSIT,1959000.0
T00015212,A0000432,2025-08-10,TRANSFER,3194000.0
T00015213,A0000828,2025-08-27,TRANSFER,328000.0
T00015214,A0000220,2025-07-29,TRANSFER,3058000.0
T00015215,A0000451,2026-08-08,DEPOSIT,2930000.0
T00015216,A0000821,2025-01-16,TRANSFER,1274000.0
T00015217,A0000546,2025-10-07,WITHDRAWAL,1134000.0
T00015218,A0000248,2026-03-26,WITHDRAWAL,4620000.0
T00015219,A0001068,2026-05-12,DEPOSIT,1969000.0
T00015220,A0000903,2025-02-15,TRANSFER,1649000.0
T00015221,A0000917,2026-08-15,WITHDRAWAL,4886000.0
T00015222,A0001100,2025-04-03,WITHDRAWAL,1132000.0
T00015223,A0001656,2025-08-19,TRANSFER,4368000.0
T00015224,A0000924,2025-07-27,WITHDRAWAL,2225000.0
T00015225,A0001632,2026-05-27,TRANSFER,4048000.0
T00015226,A0000320,2025-10-18,WITHDRAWAL,4260000.0
T00015227,A0000173,2025-11-14,DEPOSIT,265000.0
T00015228,A0001035,2026-03-23,DEPOSIT,3961000.0
T00015229,A0000937,2026-03-01,WITHDRAWAL,24000.0
T00015230,A0001228,2025-03-29,WITHDRAWAL,1727000.0
T00015231,A0001386,2026-05-10,TRANSFER,140000.0
T00015232,A0000675,2025-02-12,DEPOSIT,122000.0
T00015233,A0000825,2026-03-31,DEPOSIT,1719000.0
T00015234,A0001030,2026-06-06,DEPOSIT,2937000.0
T00015235,A0001749,2025-04-09,TRANSFER,1751000.0
T00015236,A0001026,2025-03-03,DEPOSIT,2336000.0
T00015237,A0000168,2025-04-29,WITHDRAWAL,4551000.0
T00015238,A0001230,2025-06-02,WITHDRAWAL,2612000.0
T00015239,A0001054,2025-05-07,TRANSFER,4372000.0
T00015240,A0001633,2025-05-31,WITHDRAWAL,4400000.0
T00015241,A0001561,2026-07-25,TRANSFER,1389000.0
T00015242,A0001613,2025-03-02,DEPOSIT,327000.0
T00015243,A0000413,2025-05-01,WITHDRAWAL,4608000.0
T00015244,A0001554,2025-02-19,TRANSFER,1901000.0
T00015245,A0000722,2025-03-01,TRANSFER,3327000.0
T00015246,A0001026,2025-06-15,DEPOSIT,426000.0
T00015247,A0000919,2025-05-22,TRANSFER,116000.0
T00015248,A0000283,2026-03-11,DEPOSIT,546000.0
T00015249,A0000685,2026-01-03,WITHDRAWAL,489000.0
T00015250,A0000928,2025-12-23,WITHDRAWAL,1680000.0
T00015251,A0001155,2026-07-25,TRANSFER,2875000.0
T00015252,A0000138,2026-08-05,WITHDRAWAL,394000.0
T00015253,A0001447,2025-11-20,DEPOSIT,307000.0
T00015254,A0000938,2026-05-22,TRANSFER,2295000.0
T00015255,A0001237,2025-12-14,TRANSFER,1013000.0
T00015256,A0000021,2025-11-08,DEPOSIT,2381000.0
T00015257,A0001410,2026-06-19,WITHDRAWAL,1068000.0
T00015258,A0000686,2025-06-17,WITHDRAWAL,2305000.0
T00015259,A0000003,2026-04-03,WITHDRAWAL,2238000.0
T00015260,A0001792,2025-10-30,DEPOSIT,4953000.0
T00015261,A0000768,2026-08-14,TRANSFER,3325000.0
T00015262,A0000319,2026-03-12,DEPOSIT,4910000.0
T00015263,A0000662,2026-03-24,WITHDRAWAL,2851000.0
T00015264,A0001159,2026-07-07,DEPOSIT,1487000.0
T00015265,A0000326,2026-05-02,TRANSFER,201000.0
T00015266,A0000257,2026-02-02,TRANSFER,1845000.0
T00015267,A0000977,2026-07-07,DEPOSIT,4295000.0
T00015268,A0000361,2025-04-27,WITHDRAWAL,3545000.0
T00015269,A0000503,2026-07-21,WITHDRAWAL,418000.0
T00015270,A0001140,2026-03-08,DEPOSIT,2392000.0
T00015271,A0001058,2026-03-14,DEPOSIT,760000.0
T00015272,A0001125,2025-06-21,TRANSFER,2327000.0
T00015273,A0000452,2026-02-16,TRANSFER,3790000.0
T00015274,A0001654,2025-09-28,DEPOSIT,3793000.0
T00015275,A0000287,2025-08-08,DEPOSIT,266000.0
T00015276,A0000186,2026-04-24,WITHDRAWAL,2598000.0
T00015277,A0000751,2026-03-23,DEPOSIT,3025000.0
T00015278,A0000610,2025-06-29,DEPOSIT,2809000.0
T00015279,A0000202,2025-09-25,DEPOSIT,394000.0
T00015280,A0000709,2025-08-04,DEPOSIT,1118000.0
T00015281,A0001755,2025-05-29,TRANSFER,3854000.0
T00015282,A0000204,2026-05-02,TRANSFER,1001000.0
T00015283,A0001666,2026-04-14,WITHDRAWAL,2196000.0
T00015284,A0001449,2025-01-19,DEPOSIT,1472000.0
T00015285,A0000431,2026-03-06,WITHDRAWAL,2966000.0
T00015286,A0000996,2025-06-21,DEPOSIT,3700000.0
T00015287,A0000619,2026-07-12,DEPOSIT,3104000.0
T00015288,A0001213,2025-01-01,DEPOSIT,4680000.0
T00015289,A0000522,2025-03-02,WITHDRAWAL,4482000.0
T00015290,A0000419,2026-05-11,TRANSFER,3017000.0
T00015291,A0000181,2026-02-02,TRANSFER,2404000.0
T00015292,A0001582,2026-04-18,DEPOSIT,668000.0
T00015293,A0001611,2026-07-18,DEPOSIT,4190000.0
T00015294,A0000648,2026-08-19,WITHDRAWAL,1942000.0
T00015295,A0000164,2025-09-26,DEPOSIT,857000.0
T00015296,A0000168,2025-12-19,DEPOSIT,2336000.0
T00015297,A0000303,2026-05-01,WITHDRAWAL,4647000.0
T00015298,A0001308,2025-07-01,WITHDRAWAL,3424000.0
T00015299,A0000188,2026-05-09,DEPOSIT,3922000.0
T00015300,A0001140,2025-04-17,DEPOSIT,4111000.0
T00015301,A0000638,2026-03-07,TRANSFER,2765000.0
T00015302,A0001591,2026-07-08,WITHDRAWAL,984000.0
T00015303,A0001566,2025-11-28,DEPOSIT,2088000.0
T00015304,A0001473,2026-08-24,TRANSFER,2531000.0
T00015305,A0000417,2026-01-10,DEPOSIT,2388000.0
T00015306,A0001294,2025-10-03,DEPOSIT,1317000.0
T00015307,A0000634,2025-02-03,TRANSFER,3733000.0
T00015308,A0001473,2025-12-19,WITHDRAWAL,65000.0
T00015309,A0001249,2025-07-28,DEPOSIT,4076000.0
T00015310,A0000360,2025-02-16,DEPOSIT,3194000.0
T00015311,A0001282,2025-05-03,DEPOSIT,4609000.0
T00015312,A0001437,2025-01-02,DEPOSIT,2750000.0
T00015313,A0001122,2025-09-21,DEPOSIT,1170000.0
T00015314,A0000477,2025-09-20,TRANSFER,3979000.0
T00015315,A0000531,2026-06-21,DEPOSIT,1742000.0
T00015316,A0000998,2026-06-01,DEPOSIT,2625000.0
T00015317,A0000779,2026-03-18,DEPOSIT,750000.0
T00015318,A0000731,2026-07-04,DEPOSIT,3825000.0
T00015319,A0001038,2025-03-10,TRANSFER,541000.0
T00015320,A0001732,2025-01-18,TRANSFER,3963000.0
T00015321,A0001651,2026-08-19,TRANSFER,4421000.0
T00015322,A0001451,2025-11-22,DEPOSIT,1599000.0
T00015323,A0000084,2025-03-18,WITHDRAWAL,4835000.0
T00015324,A0001102,2025-07-27,WITHDRAWAL,3533000.0
T00015325,A0000737,2025-01-11,DEPOSIT,2274000.0
T00015326,A0001725,2025-09-15,TRANSFER,2873000.0
T00015327,A0000328,2025-09-21,TRANSFER,200000.0
T00015328,A0000526,2025-03-03,DEPOSIT,2106000.0
T00015329,A0000829,2025-01-24,TRANSFER,3888000.0
T00015330,A0001570,2026-01-31,WITHDRAWAL,4033000.0
T00015331,A0000604,2025-09-27,DEPOSIT,970000.0
T00015332,A0000958,2026-05-27,DEPOSIT,562000.0
T00015333,A0000937,2025-04-20,DEPOSIT,1129000.0
T00015334,A0001188,2025-06-02,WITHDRAWAL,2966000.0
T00015335,A0000896,2026-05-23,DEPOSIT,4579000.0
T00015336,A0001017,2025-07-23,DEPOSIT,4082000.0
T00015337,A0000259,2025-11-23,DEPOSIT,746000.0
T00015338,A0000103,2025-09-22,DEPOSIT,804000.0
T00015339,A0000876,2026-01-07,DEPOSIT,4728000.0
T00015340,A0000573,2026-02-13,DEPOSIT,2925000.0
T00015341,A0001604,2026-04-28,DEPOSIT,2727000.0
T00015342,A0000806,2025-04-25,DEPOSIT,1085000.0
T00015343,A0000441,2025-06-28,WITHDRAWAL,4403000.0
T00015344,A0000061,2025-06-15,DEPOSIT,4268000.0
T00015345,A0000527,2025-07-19,TRANSFER,3362000.0
T00015346,A0001458,2026-04-01,TRANSFER,3103000.0
T00015347,A0001150,2025-11-21,WITHDRAWAL,3694000.0
T00015348,A0000276,2025-12-26,WITHDRAWAL,2245000.0
T00015349,A0001706,2025-08-22,WITHDRAWAL,1567000.0
T00015350,A0001372,2026-01-26,TRANSFER,1675000.0
T00015351,A0001333,2025-05-17,DEPOSIT,129000.0
T00015352,A0001796,2025-05-26,TRANSFER,4917000.0
T00015353,A0001053,2025-03-05,WITHDRAWAL,1112000.0
T00015354,A0001462,2026-03-22,DEPOSIT,3089000.0
T00015355,A0000052,2026-06-19,DEPOSIT,1315000.0
T00015356,A0000016,2025-03-08,DEPOSIT,1369000.0
T00015357,A0000449,2025-08-22,TRANSFER,2213000.0
T00015358,A0000428,2025-09-30,WITHDRAWAL,2835000.0
T00015359,A0000759,2026-03-10,TRANSFER,745000.0
T00015360,A0001172,2025-02-13,WITHDRAWAL,1391000.0
T00015361,A0001587,2026-03-21,DEPOSIT,4937000.0
T00015362,A0000762,2026-02-28,WITHDRAWAL,1349000.0
T00015363,A0000700,2025-04-11,WITHDRAWAL,4319000.0
T00015364,A0001047,2025-03-11,TRANSFER,3028000.0
T00015365,A0001164,2025-08-23,DEPOSIT,1182000.0
T00015366,A0000873,2025-05-23,DEPOSIT,4053000.0
T00015367,A0000279,2025-01-24,DEPOSIT,4528000.0
T00015368,A0001771,2026-08-13,WITHDRAWAL,3287000.0
T00015369,A0000414,2025-06-01,DEPOSIT,2607000.0
T00015370,A0001765,2025-04-03,DEPOSIT,871000.0
T00015371,A0000661,2026-02-06,WITHDRAWAL,4310000.0
T00015372,A0001199,2025-05-04,WITHDRAWAL,1611000.0
T00015373,A0001527,2025-02-17,DEPOSIT,3951000.0
T00015374,A0001071,2025-10-20,TRANSFER,3535000.0
T00015375,A0000211,2025-07-17,WITHDRAWAL,817000.0
T00015376,A0001021,2026-07-30,DEPOSIT,2957000.0
T00015377,A0000550,2026-02-23,TRANSFER,3225000.0
T00015378,A0000135,2025-10-04,DEPOSIT,2836000.0
T00015379,A0001274,2026-01-26,DEPOSIT,3383000.0
T00015380,A0000424,2025-03-30,TRANSFER,4740000.0
T00015381,A0001134,2026-06-29,WITHDRAWAL,3072000.0
T00015382,A0001741,2026-05-09,WITHDRAWAL,3819000.0
T00015383,A0001576,2025-05-05,TRANSFER,3438000.0
T00015384,A0000716,2025-05-07,TRANSFER,3107000.0
T00015385,A0000050,2025-12-28,DEPOSIT,1585000.0
T00015386,A0001276,2025-01-19,WITHDRAWAL,2854000.0
T00015387,A0001399,2025-05-10,TRANSFER,2109000.0
T00015388,A0001050,2025-08-11,WITHDRAWAL,3190000.0
T00015389,A0000897,2025-06-27,DEPOSIT,3109000.0
T00015390,A0001530,2025-09-29,TRANSFER,208000.0
T00015391,A0001169,2026-05-26,DEPOSIT,4590000.0
T00015392,A0000336,2026-02-28,DEPOSIT,1960000.0
T00015393,A0001316,2025-05-10,WITHDRAWAL,2015000.0
T00015394,A0000883,2026-01-13,DEPOSIT,4069000.0
T00015395,A0000103,2026-08-25,WITHDRAWAL,3720000.0
T00015396,A0000508,2026-05-24,WITHDRAWAL,4650000.0
T00015397,A0000395,2026-05-27,TRANSFER,4806000.0
T00015398,A0001185,2025-06-30,WITHDRAWAL,4482000.0
T00015399,A0000071,2025-08-12,TRANSFER,415000.0
T00015400,A0001793,2025-03-16,WITHDRAWAL,2943000.0
T00015401,A0000395,2025-09-22,DEPOSIT,1382000.0
T00015402,A0000655,2025-12-12,WITHDRAWAL,288000.0
T00015403,A0001271,2025-06-01,DEPOSIT,742000.0
T00015404,A0001492,2025-01-15,DEPOSIT,2734000.0
T00015405,A0001092,2026-02-19,DEPOSIT,926000.0
T00015406,A0000594,2026-08-20,WITHDRAWAL,3635000.0
T00015407,A0000124,2026-06-08,DEPOSIT,4069000.0
T00015408,A0000676,2025-11-30,TRANSFER,1285000.0
T00015409,A0001444,2026-03-06,TRANSFER,405000.0
T00015410,A0001138,2025-07-12,DEPOSIT,4251000.0
T00015411,A0001683,2025-05-01,DEPOSIT,1560000.0
T00015412,A0000323,2025-09-06,DEPOSIT,1630000.0
T00015413,A0001168,2026-07-26,WITHDRAWAL,2400000.0
T00015414,A0000232,2026-03-24,TRANSFER,1304000.0
T00015415,A0001072,2025-11-18,WITHDRAWAL,1743000.0
T00015416,A0001372,2026-04-08,TRANSFER,3854000.0
T00015417,A0000151,2025-01-09,WITHDRAWAL,1333000.0
T00015418,A0001226,2025-09-28,TRANSFER,1014000.0
T00015419,A0000495,2026-05-27,WITHDRAWAL,692000.0
T00015420,A0000122,2025-12-21,TRANSFER,2334000.0
T00015421,A0000068,2025-05-31,WITHDRAWAL,35000.0
T00015422,A0000255,2026-05-07,DEPOSIT,4039000.0
T00015423,A0000635,2025-11-22,TRANSFER,4992000.0
T00015424,A0000047,2025-12-17,DEPOSIT,2582000.0
T00015425,A0000399,2025-05-31,DEPOSIT,148000.0
T00015426,A0000080,2026-01-30,TRANSFER,1340000.0
T00015427,A0001246,2025-03-11,DEPOSIT,4157000.0
T00015428,A0000154,2025-12-27,TRANSFER,2405000.0
T00015429,A0000750,2025-12-20,TRANSFER,1626000.0
T00015430,A0001663,2026-06-05,WITHDRAWAL,2159000.0
T00015431,A0001740,2026-07-13,TRANSFER,4761000.0
T00015432,A0000027,2025-06-20,WITHDRAWAL,2107000.0
T00015433,A0001131,2026-02-24,DEPOSIT,1851000.0
T00015434,A0000151,2025-01-30,WITHDRAWAL,4683000.0
T00015435,A0000103,2025-07-06,DEPOSIT,213000.0
T00015436,A0001147,2025-01-08,DEPOSIT,2006000.0
T00015437,A0001524,2025-10-29,WITHDRAWAL,4917000.0
T00015438,A0000863,2025-10-10,WITHDRAWAL,896000.0
T00015439,A0001139,2025-10-19,WITHDRAWAL,1036000.0
T00015440,A0001271,2026-04-15,DEPOSIT,4778000.0
T00015441,A0001441,2026-06-11,TRANSFER,4325000.0
T00015442,A0000480,2025-01-28,DEPOSIT,1919000.0
T00015443,A0000490,2025-10-30,DEPOSIT,4428000.0
T00015444,A0000257,2026-02-10,WITHDRAWAL,1076000.0
T00015445,A0001064,2026-01-06,TRANSFER,1791000.0
T00015446,A0001614,2025-05-10,DEPOSIT,4593000.0
T00015447,A0000376,2025-06-13,WITHDRAWAL,4205000.0
T00015448,A0001087,2026-03-11,TRANSFER,4208000.0
T00015449,A0000141,2025-09-13,DEPOSIT,4015000.0
T00015450,A0000537,2026-02-04,TRANSFER,796000.0
T00015451,A0001550,2026-05-30,TRANSFER,2578000.0
T00015452,A0001402,2025-12-13,DEPOSIT,2158000.0
T00015453,A0001114,2025-06-06,WITHDRAWAL,1601000.0
T00015454,A0001144,2026-07-26,WITHDRAWAL,1581000.0
T00015455,A0000800,2025-05-06,DEPOSIT,4320000.0
T00015456,A0001520,2026-02-21,WITHDRAWAL,240000.0
T00015457,A0001075,2025-11-24,TRANSFER,959000.0
T00015458,A0001672,2025-05-15,WITHDRAWAL,1782000.0
T00015459,A0000183,2025-07-21,DEPOSIT,3955000.0
T00015460,A0001298,2026-01-22,WITHDRAWAL,4578000.0
T00015461,A0000124,2025-07-23,WITHDRAWAL,837000.0
T00015462,A0000741,2025-12-06,WITHDRAWAL,768000.0
T00015463,A0001052,2025-04-06,WITHDRAWAL,2697000.0
T00015464,A0000244,2025-02-23,WITHDRAWAL,1290000.0
T00015465,A0001456,2025-02-04,TRANSFER,569000.0
T00015466,A0001358,2026-06-09,DEPOSIT,4900000.0
T00015467,A0000555,2025-11-19,WITHDRAWAL,1250000.0
T00015468,A0000643,2025-01-25,TRANSFER,1724000.0
T00015469,A0000365,2025-03-01,TRANSFER,4925000.0
T00015470,A0001606,2025-09-29,TRANSFER,1257000.0
T00015471,A0000151,2025-07-15,TRANSFER,2391000.0
T00015472,A0001289,2026-05-12,TRANSFER,3978000.0
T00015473,A0001357,2025-10-12,DEPOSIT,3711000.0
T00015474,A0000214,2025-10-10,DEPOSIT,4081000.0
T00015475,A0000069,2025-10-24,TRANSFER,494000.0
T00015476,A0001106,2025-06-01,DEPOSIT,1757000.0
T00015477,A0000237,2026-08-11,TRANSFER,4153000.0
T00015478,A0000673,2026-06-06,WITHDRAWAL,987000.0
T00015479,A0001760,2025-04-25,WITHDRAWAL,3650000.0
T00015480,A0000673,2026-01-05,DEPOSIT,2611000.0
T00015481,A0000172,2025-10-13,DEPOSIT,437000.0
T00015482,A0001397,2025-11-05,WITHDRAWAL,2745000.0
T00015483,A0001389,2026-06-17,DEPOSIT,720000.0
T00015484,A0000754,2026-07-07,WITHDRAWAL,1072000.0
T00015485,A0001193,2026-05-21,TRANSFER,3263000.0
T00015486,A0000591,2025-05-22,WITHDRAWAL,3375000.0
T00015487,A0000723,2025-02-01,TRANSFER,1409000.0
T00015488,A0001456,2025-01-23,TRANSFER,2733000.0
T00015489,A0001406,2025-08-18,TRANSFER,3916000.0
T00015490,A0001325,2025-05-29,DEPOSIT,3303000.0
T00015491,A0001594,2026-02-19,DEPOSIT,2794000.0
T00015492,A0000824,2026-04-29,DEPOSIT,1830000.0
T00015493,A0000878,2026-05-25,TRANSFER,2781000.0
T00015494,A0001019,2025-08-05,WITHDRAWAL,4853000.0
T00015495,A0001760,2025-03-26,TRANSFER,2505000.0
T00015496,A0000268,2026-06-27,TRANSFER,3132000.0
T00015497,A0001413,2026-03-23,DEPOSIT,740000.0
T00015498,A0001500,2025-04-07,TRANSFER,1458000.0
T00015499,A0000374,2026-04-13,TRANSFER,1843000.0
T00015500,A0001167,2025-08-20,TRANSFER,253000.0
T00015501,A0000755,2025-06-21,DEPOSIT,3012000.0
T00015502,A0000465,2026-02-16,WITHDRAWAL,857000.0
T00015503,A0000299,2026-02-17,TRANSFER,231000.0
T00015504,A0000983,2025-10-16,TRANSFER,3269000.0
T00015505,A0001265,2025-09-19,DEPOSIT,991000.0
T00015506,A0001072,2026-04-10,WITHDRAWAL,4103000.0
T00015507,A0001714,2026-04-10,TRANSFER,2303000.0
T00015508,A0000543,2026-08-21,TRANSFER,428000.0
T00015509,A0000404,2026-01-16,WITHDRAWAL,1200000.0
T00015510,A0001261,2026-01-31,DEPOSIT,316000.0
T00015511,A0000687,2025-03-26,WITHDRAWAL,1107000.0
T00015512,A0000459,2025-07-20,DEPOSIT,4811000.0
T00015513,A0001010,2025-10-24,WITHDRAWAL,1662000.0
T00015514,A0000650,2025-02-05,TRANSFER,3858000.0
T00015515,A0001134,2026-03-21,WITHDRAWAL,1176000.0
T00015516,A0001784,2025-05-05,TRANSFER,1947000.0
T00015517,A0000076,2025-08-04,WITHDRAWAL,3306000.0
T00015518,A0001062,2026-06-29,TRANSFER,1455000.0
T00015519,A0001420,2025-11-17,WITHDRAWAL,80000.0
T00015520,A0000302,2026-05-25,DEPOSIT,366000.0
T00015521,A0000297,2025-06-02,TRANSFER,1784000.0
T00015522,A0001203,2026-05-07,TRANSFER,2188000.0
T00015523,A0001063,2026-04-30,WITHDRAWAL,3945000.0
T00015524,A0000617,2025-04-29,WITHDRAWAL,3151000.0
T00015525,A0000609,2025-01-01,WITHDRAWAL,1205000.0
T00015526,A0000272,2026-05-23,WITHDRAWAL,290000.0
T00015527,A0001154,2026-06-22,TRANSFER,548000.0
T00015528,A0000522,2025-11-07,TRANSFER,4960000.0
T00015529,A0001636,2026-04-24,TRANSFER,1019000.0
T00015530,A0000742,2025-01-14,DEPOSIT,4094000.0
T00015531,A0001177,2025-01-30,TRANSFER,714000.0
T00015532,A0000687,2025-07-12,WITHDRAWAL,4795000.0
T00015533,A0001150,2025-03-09,TRANSFER,3848000.0
T00015534,A0000081,2025-12-12,DEPOSIT,1676000.0
T00015535,A0000937,2026-01-17,TRANSFER,648000.0
T00015536,A0001384,2026-05-29,WITHDRAWAL,1590000.0
T00015537,A0001200,2026-05-15,DEPOSIT,736000.0
T00015538,A0000671,2026-08-27,DEPOSIT,3847000.0
T00015539,A0001273,2025-06-01,WITHDRAWAL,261000.0
T00015540,A0000961,2026-04-27,TRANSFER,3565000.0
T00015541,A0001298,2025-09-07,TRANSFER,3702000.0
T00015542,A0000518,2025-04-02,DEPOSIT,353000.0
T00015543,A0000985,2025-01-15,DEPOSIT,4640000.0
T00015544,A0001610,2026-06-29,TRANSFER,81000.0
T00015545,A0000756,2026-08-17,TRANSFER,4028000.0
T00015546,A0000443,2025-03-12,WITHDRAWAL,1359000.0
T00015547,A0000019,2025-04-19,TRANSFER,547000.0
T00015548,A0000723,2026-01-29,TRANSFER,748000.0
T00015549,A0000701,2025-07-30,TRANSFER,2353000.0
T00015550,A0000363,2025-09-26,TRANSFER,2622000.0
T00015551,A0000266,2025-01-15,WITHDRAWAL,3234000.0
T00015552,A0001697,2025-03-14,WITHDRAWAL,4096000.0
T00015553,A0001536,2025-01-11,WITHDRAWAL,1423000.0
T00015554,A0000081,2025-12-24,WITHDRAWAL,188000.0
T00015555,A0000288,2026-05-20,DEPOSIT,1787000.0
T00015556,A0001634,2025-02-20,DEPOSIT,2490000.0
T00015557,A0001380,2025-04-12,WITHDRAWAL,1878000.0
T00015558,A0001704,2026-08-19,DEPOSIT,2254000.0
T00015559,A0000467,2025-08-08,DEPOSIT,1732000.0
T00015560,A0001094,2025-11-09,DEPOSIT,2999000.0
T00015561,A0001601,2026-02-09,DEPOSIT,4533000.0
T00015562,A0001156,2025-08-22,WITHDRAWAL,2841000.0
T00015563,A0000485,2025-08-03,TRANSFER,2719000.0
T00015564,A0001348,2025-06-15,WITHDRAWAL,2336000.0
T00015565,A0001425,2025-05-02,TRANSFER,2232000.0
T00015566,A0000162,2026-08-28,DEPOSIT,2660000.0
T00015567,A0001734,2026-01-05,WITHDRAWAL,4642000.0
T00015568,A0000211,2025-07-02,TRANSFER,1584000.0
T00015569,A0000953,2026-03-15,WITHDRAWAL,3187000.0
T00015570,A0000757,2026-01-12,DEPOSIT,3504000.0
T00015571,A0001697,2025-11-22,DEPOSIT,2762000.0
T00015572,A0000312,2026-03-15,DEPOSIT,2964000.0
T00015573,A0001002,2025-02-02,DEPOSIT,720000.0
T00015574,A0001605,2026-05-03,DEPOSIT,3745000.0
T00015575,A0001724,2026-04-12,DEPOSIT,830000.0
T00015576,A0000076,2026-03-12,WITHDRAWAL,1006000.0
T00015577,A0000127,2026-06-11,WITHDRAWAL,532000.0
T00015578,A0000831,2026-02-18,TRANSFER,2753000.0
T00015579,A0000933,2025-06-11,DEPOSIT,704000.0
T00015580,A0000748,2026-08-09,DEPOSIT,2363000.0
T00015581,A0000819,2026-04-30,TRANSFER,512000.0
T00015582,A0001023,2026-02-04,WITHDRAWAL,3097000.0
T00015583,A0001123,2025-01-30,TRANSFER,1800000.0
T00015584,A0000529,2025-04-09,DEPOSIT,166000.0
T00015585,A0000888,2025-12-29,DEPOSIT,4310000.0
T00015586,A0000017,2026-04-01,WITHDRAWAL,3962000.0
T00015587,A0001731,2025-02-04,WITHDRAWAL,2255000.0
T00015588,A0000368,2026-05-25,TRANSFER,2680000.0
T00015589,A0000655,2026-04-10,WITHDRAWAL,702000.0
T00015590,A0000971,2025-09-26,WITHDRAWAL,2093000.0
T00015591,A0000661,2025-08-02,TRANSFER,1356000.0
T00015592,A0001304,2026-07-09,TRANSFER,1936000.0
T00015593,A0000338,2025-03-04,WITHDRAWAL,3288000.0
T00015594,A0001597,2025-09-20,TRANSFER,3417000.0
T00015595,A0000465,2026-01-08,WITHDRAWAL,2279000.0
T00015596,A0001022,2026-02-21,WITHDRAWAL,4408000.0
T00015597,A0001741,2026-05-06,WITHDRAWAL,2994000.0
T00015598,A0001417,2025-03-12,TRANSFER,885000.0
T00015599,A0000770,2026-05-12,DEPOSIT,2371000.0
T00015600,A0001009,2026-06-04,TRANSFER,3041000.0
T00015601,A0000911,2026-07-06,TRANSFER,4007000.0
T00015602,A0000767,2025-03-02,DEPOSIT,4401000.0
T00015603,A0001622,2025-11-01,WITHDRAWAL,1318000.0
T00015604,A0000627,2025-10-23,DEPOSIT,3480000.0
T00015605,A0001357,2025-05-23,WITHDRAWAL,2994000.0
T00015606,A0000805,2025-01-05,DEPOSIT,1458000.0
T00015607,A0001630,2025-10-17,TRANSFER,1239000.0
T00015608,A0001591,2025-07-24,DEPOSIT,1619000.0
T00015609,A0000747,2026-07-01,WITHDRAWAL,2288000.0
T00015610,A0000860,2025-04-16,TRANSFER,756000.0
T00015611,A0000654,2025-02-21,DEPOSIT,4000000.0
T00015612,A0001569,2025-01-10,DEPOSIT,1999000.0
T00015613,A0001232,2025-10-04,WITHDRAWAL,2340000.0
T00015614,A0000057,2026-03-24,WITHDRAWAL,2469000.0
T00015615,A0001752,2026-03-30,TRANSFER,2252000.0
T00015616,A0001321,2026-02-25,WITHDRAWAL,163000.0
T00015617,A0000646,2026-06-29,DEPOSIT,3769000.0
T00015618,A0001452,2026-07-25,WITHDRAWAL,3151000.0
T00015619,A0001727,2025-02-22,DEPOSIT,1191000.0
T00015620,A0000952,2025-01-16,TRANSFER,3012000.0
T00015621,A0000129,2025-09-28,WITHDRAWAL,3125000.0
T00015622,A0001530,2026-08-14,DEPOSIT,3917000.0
T00015623,A0000134,2026-03-02,TRANSFER,808000.0
T00015624,A0000702,2025-11-25,WITHDRAWAL,3644000.0
T00015625,A0000085,2025-03-27,DEPOSIT,3709000.0
T00015626,A0001697,2025-06-18,TRANSFER,4926000.0
T00015627,A0001244,2025-01-29,DEPOSIT,1226000.0
T00015628,A0001012,2025-12-19,DEPOSIT,4374000.0
T00015629,A0001742,2025-11-04,WITHDRAWAL,2629000.0
T00015630,A0001445,2025-11-15,WITHDRAWAL,3952000.0
T00015631,A0001316,2025-11-12,WITHDRAWAL,214000.0
T00015632,A0001640,2025-04-07,DEPOSIT,2855000.0
T00015633,A0000214,2025-03-29,TRANSFER,4266000.0
T00015634,A0001647,2025-11-17,WITHDRAWAL,1267000.0
T00015635,A0000678,2026-06-01,WITHDRAWAL,259000.0
T00015636,A0001148,2026-06-06,TRANSFER,178000.0
T00015637,A0000503,2025-02-26,TRANSFER,596000.0
T00015638,A0000428,2026-03-16,TRANSFER,3741000.0
T00015639,A0000283,2025-12-01,TRANSFER,3510000.0
T00015640,A0001397,2025-02-23,WITHDRAWAL,4555000.0
T00015641,A0000435,2026-08-24,DEPOSIT,4483000.0
T00015642,A0000024,2025-03-21,WITHDRAWAL,2038000.0
T00015643,A0001234,2025-02-07,DEPOSIT,3396000.0
T00015644,A0000556,2026-02-21,TRANSFER,3113000.0
T00015645,A0000646,2025-09-23,TRANSFER,2457000.0
T00015646,A0001632,2025-07-11,WITHDRAWAL,2541000.0
T00015647,A0000803,2025-10-29,WITHDRAWAL,3091000.0
T00015648,A0001510,2025-04-18,TRANSFER,2385000.0
T00015649,A0000466,2026-08-16,DEPOSIT,2074000.0
T00015650,A0001075,2025-11-14,TRANSFER,322000.0
T00015651,A0001450,2025-04-27,DEPOSIT,2346000.0
T00015652,A0000170,2026-08-20,TRANSFER,2035000.0
T00015653,A0001388,2025-09-05,WITHDRAWAL,2811000.0
T00015654,A0001049,2026-07-21,TRANSFER,2108000.0
T00015655,A0001443,2026-06-29,DEPOSIT,3021000.0
T00015656,A0001352,2025-04-13,WITHDRAWAL,1057000.0
T00015657,A0000671,2026-05-22,WITHDRAWAL,4545000.0
T00015658,A0001500,2026-03-27,DEPOSIT,4431000.0
T00015659,A0000136,2025-07-05,WITHDRAWAL,419000.0
T00015660,A0000971,2026-01-28,WITHDRAWAL,3392000.0
T00015661,A0000874,2026-03-11,DEPOSIT,3306000.0
T00015662,A0001688,2026-05-25,WITHDRAWAL,3565000.0
T00015663,A0001797,2026-01-19,WITHDRAWAL,2149000.0
T00015664,A0000804,2026-07-05,DEPOSIT,3527000.0
T00015665,A0000128,2026-02-13,WITHDRAWAL,2496000.0
T00015666,A0000179,2025-04-22,TRANSFER,3204000.0
T00015667,A0000625,2025-08-13,WITHDRAWAL,2402000.0
T00015668,A0000914,2026-06-29,TRANSFER,3508000.0
T00015669,A0001235,2026-08-04,DEPOSIT,248000.0
T00015670,A0000771,2026-04-16,TRANSFER,2222000.0
T00015671,A0001412,2026-01-30,WITHDRAWAL,397000.0
T00015672,A0001207,2026-01-30,TRANSFER,3357000.0
T00015673,A0000378,2025-12-21,WITHDRAWAL,228000.0
T00015674,A0001663,2026-01-05,WITHDRAWAL,3352000.0
T00015675,A0000764,2025-09-05,TRANSFER,804000.0
T00015676,A0001562,2025-07-07,DEPOSIT,3120000.0
T00015677,A0001448,2026-08-28,WITHDRAWAL,1690000.0
T00015678,A0001646,2026-04-26,TRANSFER,3385000.0
T00015679,A0000408,2025-06-04,WITHDRAWAL,4584000.0
T00015680,A0001572,2026-08-06,TRANSFER,1912000.0
T00015681,A0001090,2026-02-17,WITHDRAWAL,1888000.0
T00015682,A0000276,2026-07-04,TRANSFER,2064000.0
T00015683,A0001461,2026-08-21,DEPOSIT,3177000.0
T00015684,A0000361,2025-08-30,WITHDRAWAL,1749000.0
T00015685,A0000234,2026-08-19,TRANSFER,581000.0
T00015686,A0000423,2025-11-30,WITHDRAWAL,999000.0
T00015687,A0000909,2025-06-30,WITHDRAWAL,2656000.0
T00015688,A0000796,2025-09-02,TRANSFER,4810000.0
T00015689,A0001358,2026-04-13,DEPOSIT,3341000.0
T00015690,A0001055,2026-04-04,WITHDRAWAL,3129000.0
T00015691,A0000871,2025-03-30,DEPOSIT,3129000.0
T00015692,A0000634,2025-12-03,TRANSFER,3231000.0
T00015693,A0000500,2025-03-17,WITHDRAWAL,2845000.0
T00015694,A0001055,2025-01-30,WITHDRAWAL,2778000.0
T00015695,A0000938,2026-07-13,WITHDRAWAL,911000.0
T00015696,A0000603,2026-07-11,WITHDRAWAL,959000.0
T00015697,A0000701,2025-01-30,TRANSFER,535000.0
T00015698,A0000662,2026-03-07,WITHDRAWAL,4381000.0
T00015699,A0001501,2025-07-30,WITHDRAWAL,361000.0
T00015700,A0000580,2026-07-11,TRANSFER,3031000.0
T00015701,A0001266,2025-09-29,WITHDRAWAL,1469000.0
T00015702,A0001086,2025-10-22,WITHDRAWAL,2096000.0
T00015703,A0001503,2026-04-23,DEPOSIT,778000.0
T00015704,A0000555,2025-01-07,DEPOSIT,2397000.0
T00015705,A0001109,2025-05-09,WITHDRAWAL,1290000.0
T00015706,A0000026,2026-08-02,WITHDRAWAL,592000.0
T00015707,A0001792,2025-01-11,WITHDRAWAL,4592000.0
T00015708,A0000596,2026-05-27,DEPOSIT,3770000.0
T00015709,A0000921,2025-03-05,WITHDRAWAL,1868000.0
T00015710,A0001703,2026-08-22,WITHDRAWAL,3822000.0
T00015711,A0000452,2026-01-01,DEPOSIT,2978000.0
T00015712,A0001065,2025-09-06,DEPOSIT,3531000.0
T00015713,A0001688,2025-04-06,WITHDRAWAL,2659000.0
T00015714,A0001757,2026-02-28,TRANSFER,4996000.0
T00015715,A0000099,2026-07-03,WITHDRAWAL,4844000.0
T00015716,A0000606,2026-02-10,WITHDRAWAL,1974000.0
T00015717,A0000478,2025-02-25,TRANSFER,1965000.0
T00015718,A0000697,2026-04-10,WITHDRAWAL,2266000.0
T00015719,A0000879,2025-01-17,DEPOSIT,4756000.0
T00015720,A0000730,2025-01-26,DEPOSIT,1628000.0
T00015721,A0000613,2025-05-14,DEPOSIT,1971000.0
T00015722,A0000870,2025-02-23,WITHDRAWAL,2874000.0
T00015723,A0000306,2026-04-19,TRANSFER,841000.0
T00015724,A0000023,2025-12-20,TRANSFER,716000.0
T00015725,A0001732,2025-06-17,TRANSFER,876000.0
T00015726,A0000548,2026-05-17,TRANSFER,3768000.0
T00015727,A0000299,2025-04-25,DEPOSIT,1843000.0
T00015728,A0001696,2025-01-07,DEPOSIT,2176000.0
T00015729,A0001446,2025-08-22,DEPOSIT,1433000.0
T00015730,A0000472,2025-04-08,WITHDRAWAL,1383000.0
T00015731,A0000855,2025-08-14,TRANSFER,3289000.0
T00015732,A0001199,2026-01-09,WITHDRAWAL,1269000.0
T00015733,A0000998,2026-01-19,WITHDRAWAL,4823000.0
T00015734,A0000097,2025-03-14,DEPOSIT,2358000.0
T00015735,A0001346,2025-05-28,DEPOSIT,408000.0
T00015736,A0000388,2026-03-24,DEPOSIT,695000.0
T00015737,A0000671,2026-06-17,WITHDRAWAL,51000.0
T00015738,A0001605,2026-04-21,DEPOSIT,368000.0
T00015739,A0001069,2026-07-27,DEPOSIT,4540000.0
T00015740,A0000408,2025-04-05,DEPOSIT,4401000.0
T00015741,A0000072,2026-04-10,TRANSFER,1594000.0
T00015742,A0000464,2025-07-11,DEPOSIT,4630000.0
T00015743,A0001231,2025-03-03,WITHDRAWAL,4433000.0
T00015744,A0001800,2025-03-04,WITHDRAWAL,1923000.0
T00015745,A0000340,2025-12-26,WITHDRAWAL,2240000.0
T00015746,A0000975,2026-02-16,TRANSFER,1136000.0
T00015747,A0001048,2025-05-19,DEPOSIT,1992000.0
T00015748,A0000984,2026-02-21,WITHDRAWAL,3983000.0
T00015749,A0001327,2025-02-14,TRANSFER,2083000.0
T00015750,A0000133,2025-08-25,TRANSFER,3634000.0
T00015751,A0000044,2025-01-28,TRANSFER,779000.0
T00015752,A0000335,2026-03-28,WITHDRAWAL,4695000.0
T00015753,A0001250,2025-02-13,TRANSFER,3924000.0
T00015754,A0000531,2025-02-07,WITHDRAWAL,3317000.0
T00015755,A0001261,2026-02-03,TRANSFER,865000.0
T00015756,A0001032,2025-07-16,DEPOSIT,355000.0
T00015757,A0000395,2025-04-28,WITHDRAWAL,1438000.0
T00015758,A0001745,2025-08-25,WITHDRAWAL,1208000.0
T00015759,A0001691,2026-05-08,TRANSFER,196000.0
T00015760,A0001537,2026-04-02,DEPOSIT,4840000.0
T00015761,A0000802,2025-10-03,DEPOSIT,4619000.0
T00015762,A0000066,2025-11-18,DEPOSIT,2458000.0
T00015763,A0001773,2025-10-10,WITHDRAWAL,2710000.0
T00015764,A0000165,2025-11-21,WITHDRAWAL,371000.0
T00015765,A0000465,2025-03-20,TRANSFER,423000.0
T00015766,A0000796,2025-11-08,DEPOSIT,3591000.0
T00015767,A0000592,2025-02-19,DEPOSIT,4712000.0
T00015768,A0000513,2025-01-01,DEPOSIT,1231000.0
T00015769,A0001304,2025-05-28,TRANSFER,516000.0
T00015770,A0000434,2025-11-17,WITHDRAWAL,3372000.0
T00015771,A0001716,2025-05-15,WITHDRAWAL,563000.0
T00015772,A0000966,2025-02-23,WITHDRAWAL,2367000.0
T00015773,A0000336,2025-08-15,WITHDRAWAL,2256000.0
T00015774,A0001339,2026-02-07,TRANSFER,2974000.0
T00015775,A0001247,2026-01-26,TRANSFER,2587000.0
T00015776,A0000645,2026-05-22,TRANSFER,4032000.0
T00015777,A0000731,2026-06-02,DEPOSIT,2036000.0
T00015778,A0000044,2026-04-21,DEPOSIT,405000.0
T00015779,A0000221,2026-04-28,DEPOSIT,1470000.0
T00015780,A0000558,2026-07-27,TRANSFER,2449000.0
T00015781,A0001078,2025-12-07,TRANSFER,738000.0
T00015782,A0000826,2026-08-29,WITHDRAWAL,2780000.0
T00015783,A0001066,2025-12-17,DEPOSIT,2550000.0
T00015784,A0001497,2025-02-07,WITHDRAWAL,3961000.0
T00015785,A0000315,2026-04-29,WITHDRAWAL,2559000.0
T00015786,A0001781,2026-06-26,DEPOSIT,3633000.0
T00015787,A0000101,2025-02-18,DEPOSIT,2423000.0
T00015788,A0000615,2025-03-29,DEPOSIT,4045000.0
T00015789,A0001601,2025-07-30,TRANSFER,2208000.0
T00015790,A0001684,2025-05-09,WITHDRAWAL,2441000.0
T00015791,A0000163,2025-11-06,TRANSFER,1277000.0
T00015792,A0001510,2025-12-24,WITHDRAWAL,240000.0
T00015793,A0000567,2026-02-22,WITHDRAWAL,768000.0
T00015794,A0001795,2025-07-17,TRANSFER,1012000.0
T00015795,A0001397,2026-06-19,WITHDRAWAL,4716000.0
T00015796,A0001765,2025-02-21,WITHDRAWAL,4593000.0
T00015797,A0001226,2026-08-12,DEPOSIT,2955000.0
T00015798,A0001555,2026-01-05,DEPOSIT,2223000.0
T00015799,A0000061,2026-04-24,WITHDRAWAL,3409000.0
T00015800,A0001145,2025-10-03,WITHDRAWAL,2209000.0
T00015801,A0001312,2026-04-19,DEPOSIT,247000.0
T00015802,A0001173,2025-06-26,DEPOSIT,3535000.0
T00015803,A0001500,2025-04-29,TRANSFER,3394000.0
T00015804,A0000403,2026-01-12,TRANSFER,1312000.0
T00015805,A0000574,2025-10-13,WITHDRAWAL,1557000.0
T00015806,A0000589,2025-12-18,WITHDRAWAL,15000.0
T00015807,A0001169,2026-07-13,DEPOSIT,697000.0
T00015808,A0000776,2025-05-16,TRANSFER,1857000.0
T00015809,A0001114,2026-01-29,DEPOSIT,3386000.0
T00015810,A0001655,2025-01-25,WITHDRAWAL,1963000.0
T00015811,A0000603,2026-08-03,WITHDRAWAL,3478000.0
T00015812,A0001621,2025-12-06,DEPOSIT,725000.0
T00015813,A0000997,2025-09-16,WITHDRAWAL,493000.0
T00015814,A0001049,2026-01-07,DEPOSIT,2875000.0
T00015815,A0000884,2025-05-23,DEPOSIT,1220000.0
T00015816,A0001589,2025-03-26,WITHDRAWAL,167000.0
T00015817,A0000708,2025-05-17,DEPOSIT,2019000.0
T00015818,A0000463,2026-02-12,TRANSFER,773000.0
T00015819,A0000637,2025-05-19,DEPOSIT,2035000.0
T00015820,A0000805,2025-11-24,DEPOSIT,3231000.0
T00015821,A0001379,2025-08-04,TRANSFER,599000.0
T00015822,A0001033,2026-07-02,WITHDRAWAL,3270000.0
T00015823,A0000006,2025-02-01,WITHDRAWAL,2829000.0
T00015824,A0001092,2025-10-02,DEPOSIT,798000.0
T00015825,A0001533,2026-05-18,WITHDRAWAL,4771000.0
T00015826,A0000368,2025-04-22,TRANSFER,2759000.0
T00015827,A0001683,2025-06-02,TRANSFER,4516000.0
T00015828,A0001130,2025-02-07,DEPOSIT,3744000.0
T00015829,A0000831,2026-04-25,TRANSFER,2437000.0
T00015830,A0000421,2025-08-05,DEPOSIT,2084000.0
T00015831,A0000651,2025-08-27,WITHDRAWAL,1771000.0
T00015832,A0000578,2025-12-05,TRANSFER,2207000.0
T00015833,A0000865,2025-01-01,DEPOSIT,4636000.0
T00015834,A0001174,2026-02-02,TRANSFER,4484000.0
T00015835,A0000387,2026-04-12,DEPOSIT,1474000.0
T00015836,A0001610,2025-05-10,WITHDRAWAL,4713000.0
T00015837,A0001291,2025-12-28,DEPOSIT,4273000.0
T00015838,A0000383,2025-08-27,WITHDRAWAL,925000.0
T00015839,A0001088,2025-09-29,TRANSFER,999000.0
T00015840,A0001742,2026-01-11,TRANSFER,1786000.0
T00015841,A0000200,2025-08-03,WITHDRAWAL,2420000.0
T00015842,A0000182,2025-08-11,WITHDRAWAL,4153000.0
T00015843,A0001388,2026-08-27,DEPOSIT,2875000.0
T00015844,A0000688,2026-03-02,TRANSFER,493000.0
T00015845,A0000881,2025-11-20,WITHDRAWAL,2819000.0
T00015846,A0001292,2025-03-26,TRANSFER,3839000.0
T00015847,A0001159,2025-05-31,DEPOSIT,3293000.0
T00015848,A0001378,2026-01-27,TRANSFER,2407000.0
T00015849,A0000498,2025-05-10,TRANSFER,4769000.0
T00015850,A0000423,2026-02-11,TRANSFER,2966000.0
T00015851,A0000780,2025-08-15,WITHDRAWAL,692000.0
T00015852,A0000558,2025-02-26,DEPOSIT,3918000.0
T00015853,A0001377,2026-03-25,WITHDRAWAL,3347000.0
T00015854,A0000978,2025-11-25,TRANSFER,2339000.0
T00015855,A0000475,2026-03-21,WITHDRAWAL,551000.0
T00015856,A0000699,2026-01-12,TRANSFER,839000.0
T00015857,A0000692,2025-10-13,WITHDRAWAL,1472000.0
T00015858,A0000149,2026-04-09,WITHDRAWAL,2394000.0
T00015859,A0000657,2025-11-27,DEPOSIT,1720000.0
T00015860,A0001141,2025-02-26,TRANSFER,609000.0
T00015861,A0000705,2026-08-25,WITHDRAWAL,3923000.0
T00015862,A0000586,2025-01-01,TRANSFER,769000.0
T00015863,A0001218,2026-08-06,WITHDRAWAL,690000.0
T00015864,A0000236,2026-08-15,DEPOSIT,4235000.0
T00015865,A0000784,2026-05-31,WITHDRAWAL,1268000.0
T00015866,A0000525,2026-03-07,TRANSFER,4946000.0
T00015867,A0000655,2025-06-09,TRANSFER,3287000.0
T00015868,A0001477,2025-11-07,DEPOSIT,2897000.0
T00015869,A0001486,2025-12-29,TRANSFER,4720000.0
T00015870,A0000721,2026-04-03,TRANSFER,2794000.0
T00015871,A0001665,2025-10-28,TRANSFER,487000.0
T00015872,A0000660,2026-02-05,WITHDRAWAL,110000.0
T00015873,A0001188,2026-07-01,TRANSFER,2071000.0
T00015874,A0001348,2025-03-05,TRANSFER,662000.0
T00015875,A0000937,2026-04-07,TRANSFER,3124000.0
T00015876,A0001716,2026-08-29,WITHDRAWAL,857000.0
T00015877,A0000387,2026-02-11,TRANSFER,4308000.0
T00015878,A0000029,2025-01-08,WITHDRAWAL,3712000.0
T00015879,A0000294,2025-04-06,TRANSFER,3107000.0
T00015880,A0001129,2025-03-23,TRANSFER,242000.0
T00015881,A0000211,2026-08-25,DEPOSIT,3485000.0
T00015882,A0000774,2026-06-20,TRANSFER,4329000.0
T00015883,A0001427,2025-12-06,DEPOSIT,2339000.0
T00015884,A0000600,2025-07-15,DEPOSIT,1238000.0
T00015885,A0000946,2026-02-15,TRANSFER,999000.0
T00015886,A0001739,2025-12-23,TRANSFER,4092000.0
T00015887,A0000339,2025-06-09,TRANSFER,1649000.0
T00015888,A0000306,2025-08-07,DEPOSIT,518000.0
T00015889,A0001461,2025-05-09,TRANSFER,4972000.0
T00015890,A0000518,2025-11-24,TRANSFER,4339000.0
T00015891,A0000903,2025-05-12,WITHDRAWAL,4220000.0
T00015892,A0000958,2025-05-08,TRANSFER,3288000.0
T00015893,A0000505,2026-03-02,DEPOSIT,2903000.0
T00015894,A0001400,2026-01-29,DEPOSIT,3771000.0
T00015895,A0001366,2025-03-14,WITHDRAWAL,22000.0
T00015896,A0000710,2025-06-07,TRANSFER,994000.0
T00015897,A0001665,2025-11-22,DEPOSIT,3714000.0
T00015898,A0000670,2025-11-03,WITHDRAWAL,465000.0
T00015899,A0000027,2026-07-17,WITHDRAWAL,2582000.0
T00015900,A0000251,2025-06-12,TRANSFER,3450000.0
T00015901,A0001198,2025-04-24,WITHDRAWAL,4485000.0
T00015902,A0001320,2025-01-04,DEPOSIT,4541000.0
T00015903,A0000111,2025-01-04,WITHDRAWAL,534000.0
T00015904,A0000543,2026-05-02,TRANSFER,3620000.0
T00015905,A0001662,2026-01-22,WITHDRAWAL,2027000.0
T00015906,A0001240,2025-12-23,TRANSFER,1181000.0
T00015907,A0001745,2025-02-14,WITHDRAWAL,850000.0
T00015908,A0000706,2026-01-29,WITHDRAWAL,3804000.0
T00015909,A0000575,2026-06-16,WITHDRAWAL,2463000.0
T00015910,A0000099,2025-09-19,WITHDRAWAL,1639000.0
T00015911,A0001147,2025-01-11,WITHDRAWAL,1313000.0
T00015912,A0000608,2025-10-09,DEPOSIT,3584000.0
T00015913,A0000676,2025-09-17,TRANSFER,2373000.0
T00015914,A0000952,2026-05-27,DEPOSIT,2098000.0
T00015915,A0000706,2026-01-30,WITHDRAWAL,2148000.0
T00015916,A0000015,2026-04-28,WITHDRAWAL,4840000.0
T00015917,A0000426,2026-05-21,DEPOSIT,2404000.0
T00015918,A0001088,2026-08-19,TRANSFER,3210000.0
T00015919,A0001486,2025-12-14,DEPOSIT,3431000.0
T00015920,A0001639,2025-12-15,WITHDRAWAL,2887000.0
T00015921,A0000827,2025-08-13,WITHDRAWAL,3017000.0
T00015922,A0001677,2025-05-01,TRANSFER,2581000.0
T00015923,A0000048,2025-09-26,DEPOSIT,1053000.0
T00015924,A0000466,2025-07-01,DEPOSIT,1504000.0
T00015925,A0001127,2025-09-10,WITHDRAWAL,34000.0
T00015926,A0000287,2026-05-29,WITHDRAWAL,4717000.0
T00015927,A0001383,2026-04-09,DEPOSIT,759000.0
T00015928,A0001505,2025-10-13,DEPOSIT,2430000.0
T00015929,A0001425,2025-03-05,WITHDRAWAL,3692000.0
T00015930,A0001314,2025-03-20,DEPOSIT,2136000.0
T00015931,A0000235,2025-02-13,DEPOSIT,2153000.0
T00015932,A0000480,2025-11-11,TRANSFER,2733000.0
T00015933,A0001708,2025-08-05,TRANSFER,2223000.0
T00015934,A0001529,2025-10-18,TRANSFER,2468000.0
T00015935,A0000284,2026-08-04,WITHDRAWAL,975000.0
T00015936,A0001797,2025-11-25,DEPOSIT,1416000.0
T00015937,A0001611,2025-11-05,DEPOSIT,3640000.0
T00015938,A0001108,2025-09-28,TRANSFER,4408000.0
T00015939,A0000065,2026-05-30,TRANSFER,3249000.0
T00015940,A0000321,2026-02-18,DEPOSIT,656000.0
T00015941,A0000015,2025-04-03,DEPOSIT,2300000.0
T00015942,A0000686,2026-02-25,DEPOSIT,3535000.0
T00015943,A0001128,2025-09-24,DEPOSIT,1880000.0
T00015944,A0001060,2025-01-29,WITHDRAWAL,48000.0
T00015945,A0000262,2025-12-23,DEPOSIT,2235000.0
T00015946,A0000522,2026-05-08,TRANSFER,1514000.0
T00015947,A0000104,2026-05-04,DEPOSIT,3533000.0
T00015948,A0001622,2025-03-05,DEPOSIT,3726000.0
T00015949,A0000328,2025-07-04,WITHDRAWAL,4178000.0
T00015950,A0000451,2026-08-23,TRANSFER,3052000.0
T00015951,A0000632,2026-03-04,TRANSFER,2566000.0
T00015952,A0000325,2025-01-30,TRANSFER,973000.0
T00015953,A0000726,2026-04-06,TRANSFER,4892000.0
T00015954,A0001704,2026-07-31,WITHDRAWAL,3843000.0
T00015955,A0001489,2025-04-19,WITHDRAWAL,4918000.0
T00015956,A0000710,2025-12-04,DEPOSIT,955000.0
T00015957,A0001373,2025-11-16,TRANSFER,4385000.0
T00015958,A0000145,2025-09-10,TRANSFER,3823000.0
T00015959,A0001675,2026-03-05,TRANSFER,2812000.0
T00015960,A0001107,2025-03-05,WITHDRAWAL,2508000.0
T00015961,A0000051,2026-06-06,WITHDRAWAL,915000.0
T00015962,A0001080,2026-01-06,DEPOSIT,815000.0
T00015963,A0000121,2026-03-15,TRANSFER,4767000.0
T00015964,A0001471,2026-02-23,DEPOSIT,30000.0
T00015965,A0000241,2025-12-28,WITHDRAWAL,3323000.0
T00015966,A0001789,2025-12-15,TRANSFER,2034000.0
T00015967,A0001258,2026-01-11,TRANSFER,2427000.0
T00015968,A0000488,2025-11-11,DEPOSIT,475000.0
T00015969,A0001524,2025-01-31,WITHDRAWAL,1804000.0
T00015970,A0000877,2026-08-31,DEPOSIT,3754000.0
T00015971,A0000322,2025-01-14,WITHDRAWAL,2196000.0
T00015972,A0000908,2025-08-03,TRANSFER,1399000.0
T00015973,A0001392,2025-01-30,TRANSFER,3690000.0
T00015974,A0001028,2026-08-01,DEPOSIT,3058000.0
T00015975,A0000355,2025-11-22,DEPOSIT,2368000.0
T00015976,A0001616,2025-12-01,TRANSFER,4589000.0
T00015977,A0000739,2025-08-21,TRANSFER,1726000.0
T00015978,A0001736,2025-06-11,WITHDRAWAL,3515000.0
T00015979,A0001384,2025-02-23,DEPOSIT,1688000.0
T00015980,A0001077,2025-01-29,WITHDRAWAL,146000.0
T00015981,A0000652,2025-09-23,WITHDRAWAL,1859000.0
T00015982,A0001773,2026-04-23,DEPOSIT,3772000.0
T00015983,A0001035,2025-05-14,TRANSFER,739000.0
T00015984,A0000180,2026-03-19,TRANSFER,1716000.0
T00015985,A0001188,2025-02-27,DEPOSIT,2136000.0
T00015986,A0001258,2025-08-09,WITHDRAWAL,1912000.0
T00015987,A0001395,2025-06-13,WITHDRAWAL,685000.0
T00015988,A0001125,2026-06-10,WITHDRAWAL,1580000.0
T00015989,A0001459,2025-03-31,DEPOSIT,3645000.0
T00015990,A0000735,2026-04-29,DEPOSIT,3179000.0
T00015991,A0000327,2026-04-16,DEPOSIT,651000.0
T00015992,A0001763,2025-06-11,WITHDRAWAL,2509000.0
T00015993,A0001013,2026-04-10,WITHDRAWAL,3067000.0
T00015994,A0001268,2025-07-13,DEPOSIT,3247000.0
T00015995,A0001058,2025-02-13,TRANSFER,3221000.0
T00015996,A0001621,2026-05-26,TRANSFER,15000.0
T00015997,A0001792,2026-08-03,WITHDRAWAL,52000.0
T00015998,A0000678,2025-05-26,WITHDRAWAL,935000.0
T00015999,A0001608,2025-08-19,DEPOSIT,4163000.0
T00016000,A0001383,2025-07-30,DEPOSIT,3311000.0
T00016001,A0001544,2026-07-06,WITHDRAWAL,268000.0
T00016002,A0000561,2025-05-30,DEPOSIT,2180000.0
T00016003,A0000245,2025-09-25,WITHDRAWAL,2872000.0
T00016004,A0000299,2025-01-31,WITHDRAWAL,398000.0
T00016005,A0001117,2025-08-19,WITHDRAWAL,580000.0
T00016006,A0001291,2026-02-02,WITHDRAWAL,1714000.0
T00016007,A0001544,2025-09-20,TRANSFER,4713000.0
T00016008,A0000658,2026-07-05,WITHDRAWAL,4233000.0
T00016009,A0001053,2025-04-03,DEPOSIT,1526000.0
T00016010,A0000850,2026-01-11,DEPOSIT,333000.0
T00016011,A0000915,2025-05-30,WITHDRAWAL,3713000.0
T00016012,A0001062,2025-08-08,DEPOSIT,2693000.0
T00016013,A0000342,2025-05-30,WITHDRAWAL,2271000.0
T00016014,A0001238,2025-06-30,WITHDRAWAL,366000.0
T00016015,A0000598,2025-05-15,DEPOSIT,4147000.0
T00016016,A0000070,2026-08-04,WITHDRAWAL,301000.0
T00016017,A0000599,2025-10-20,DEPOSIT,1393000.0
T00016018,A0001410,2025-09-07,TRANSFER,4920000.0
T00016019,A0000614,2025-08-09,TRANSFER,2363000.0
T00016020,A0001140,2025-12-19,TRANSFER,1134000.0
T00016021,A0000213,2026-04-23,DEPOSIT,1776000.0
T00016022,A0000626,2026-01-07,DEPOSIT,3559000.0
T00016023,A0001310,2025-12-12,DEPOSIT,491000.0
T00016024,A0000151,2025-05-18,WITHDRAWAL,2604000.0
T00016025,A0000102,2026-06-07,DEPOSIT,1657000.0
T00016026,A0001156,2025-11-16,TRANSFER,4334000.0
T00016027,A0001035,2025-02-18,DEPOSIT,1139000.0
T00016028,A0000107,2026-06-19,TRANSFER,2638000.0
T00016029,A0000217,2026-04-05,DEPOSIT,4486000.0
T00016030,A0001017,2026-05-10,WITHDRAWAL,2687000.0
T00016031,A0001719,2026-01-15,DEPOSIT,4084000.0
T00016032,A0001041,2026-06-13,DEPOSIT,2554000.0
T00016033,A0001706,2026-06-07,TRANSFER,2635000.0
T00016034,A0001624,2025-09-18,WITHDRAWAL,1082000.0
T00016035,A0000326,2026-04-02,WITHDRAWAL,4802000.0
T00016036,A0001345,2025-06-14,WITHDRAWAL,4617000.0
T00016037,A0001405,2026-02-08,WITHDRAWAL,4107000.0
T00016038,A0000424,2025-04-05,DEPOSIT,1554000.0
T00016039,A0001127,2025-02-11,TRANSFER,764000.0
T00016040,A0001095,2025-12-01,WITHDRAWAL,3508000.0
T00016041,A0001304,2025-04-19,TRANSFER,3972000.0
T00016042,A0000878,2025-04-07,DEPOSIT,3348000.0
T00016043,A0000175,2026-08-02,DEPOSIT,2008000.0
T00016044,A0000986,2025-04-26,DEPOSIT,3320000.0
T00016045,A0000983,2025-02-01,DEPOSIT,156000.0
T00016046,A0001227,2026-07-15,WITHDRAWAL,1219000.0
T00016047,A0000335,2025-12-27,DEPOSIT,4930000.0
T00016048,A0000962,2026-02-21,TRANSFER,2123000.0
T00016049,A0001253,2026-03-23,DEPOSIT,1239000.0
T00016050,A0000967,2025-06-29,WITHDRAWAL,1847000.0
T00016051,A0001129,2025-05-26,TRANSFER,4044000.0
T00016052,A0001466,2026-06-01,WITHDRAWAL,2007000.0
T00016053,A0001391,2026-04-28,WITHDRAWAL,2421000.0
T00016054,A0000141,2025-12-25,TRANSFER,4162000.0
T00016055,A0000374,2025-07-13,WITHDRAWAL,2893000.0
T00016056,A0001471,2025-01-12,TRANSFER,2207000.0
T00016057,A0001667,2025-07-04,DEPOSIT,2375000.0
T00016058,A0001436,2026-03-08,WITHDRAWAL,4056000.0
T00016059,A0000051,2025-05-10,WITHDRAWAL,4100000.0
T00016060,A0000710,2026-01-17,DEPOSIT,4266000.0
T00016061,A0000609,2025-09-02,DEPOSIT,1694000.0
T00016062,A0000034,2025-12-16,WITHDRAWAL,2542000.0
T00016063,A0000850,2025-06-29,WITHDRAWAL,3554000.0
T00016064,A0001490,2026-03-22,WITHDRAWAL,3757000.0
T00016065,A0001396,2026-03-09,TRANSFER,500000.0
T00016066,A0000258,2025-02-20,WITHDRAWAL,4320000.0
T00016067,A0001463,2026-02-21,TRANSFER,2204000.0
T00016068,A0000775,2025-08-16,TRANSFER,296000.0
T00016069,A0001136,2025-11-06,DEPOSIT,4125000.0
T00016070,A0001580,2025-04-20,TRANSFER,935000.0
T00016071,A0001048,2026-04-27,WITHDRAWAL,4309000.0
T00016072,A0000314,2025-01-27,DEPOSIT,4687000.0
T00016073,A0000935,2025-01-21,WITHDRAWAL,3003000.0
T00016074,A0000143,2026-01-20,WITHDRAWAL,1056000.0
T00016075,A0000630,2025-07-27,DEPOSIT,3647000.0
T00016076,A0000761,2025-03-31,TRANSFER,449000.0
T00016077,A0000200,2025-05-04,TRANSFER,3818000.0
T00016078,A0000456,2026-03-04,DEPOSIT,4145000.0
T00016079,A0000896,2026-06-11,DEPOSIT,1987000.0
T00016080,A0000497,2025-01-19,WITHDRAWAL,3964000.0
T00016081,A0000738,2025-10-01,WITHDRAWAL,2596000.0
T00016082,A0001174,2025-03-24,DEPOSIT,3967000.0
T00016083,A0000996,2025-02-01,WITHDRAWAL,2728000.0
T00016084,A0001102,2025-02-26,WITHDRAWAL,3217000.0
T00016085,A0000732,2025-02-18,WITHDRAWAL,2772000.0
T00016086,A0000387,2025-11-01,WITHDRAWAL,4958000.0
T00016087,A0001333,2025-05-05,WITHDRAWAL,179000.0
T00016088,A0000401,2025-12-26,DEPOSIT,279000.0
T00016089,A0000516,2025-04-15,TRANSFER,972000.0
T00016090,A0001240,2026-07-17,WITHDRAWAL,1702000.0
T00016091,A0001755,2026-07-09,DEPOSIT,2740000.0
T00016092,A0001390,2026-01-22,DEPOSIT,3245000.0
T00016093,A0000780,2026-03-06,TRANSFER,4676000.0
T00016094,A0000977,2025-06-12,TRANSFER,109000.0
T00016095,A0001726,2026-06-19,WITHDRAWAL,2274000.0
T00016096,A0001798,2025-12-30,TRANSFER,2670000.0
T00016097,A0001529,2026-02-27,TRANSFER,4877000.0
T00016098,A0000786,2026-01-19,TRANSFER,3378000.0
T00016099,A0001478,2025-04-24,DEPOSIT,3168000.0
T00016100,A0000244,2026-06-19,DEPOSIT,392000.0
T00016101,A0001186,2025-09-23,WITHDRAWAL,4265000.0
T00016102,A0001064,2026-05-27,TRANSFER,3691000.0
T00016103,A0001620,2026-04-30,WITHDRAWAL,4897000.0
T00016104,A0001435,2026-05-15,TRANSFER,4902000.0
T00016105,A0001038,2026-04-12,TRANSFER,2772000.0
T00016106,A0000830,2026-08-03,WITHDRAWAL,2006000.0
T00016107,A0000061,2025-09-27,WITHDRAWAL,1859000.0
T00016108,A0001526,2025-08-25,TRANSFER,4132000.0
T00016109,A0000586,2025-10-04,TRANSFER,2238000.0
T00016110,A0001392,2025-12-29,WITHDRAWAL,1967000.0
T00016111,A0001743,2026-08-28,WITHDRAWAL,2738000.0
T00016112,A0000806,2025-07-18,WITHDRAWAL,3656000.0
T00016113,A0001526,2026-08-24,DEPOSIT,2718000.0
T00016114,A0001081,2025-10-01,WITHDRAWAL,3230000.0
T00016115,A0000451,2026-01-25,WITHDRAWAL,716000.0
T00016116,A0000551,2025-02-01,TRANSFER,1380000.0
T00016117,A0001439,2026-07-17,WITHDRAWAL,3377000.0
T00016118,A0001418,2026-02-08,TRANSFER,4828000.0
T00016119,A0001184,2026-06-28,DEPOSIT,4957000.0
T00016120,A0000147,2025-05-25,DEPOSIT,3216000.0
T00016121,A0001183,2025-09-28,WITHDRAWAL,984000.0
T00016122,A0001210,2026-06-27,TRANSFER,668000.0
T00016123,A0001671,2026-06-30,DEPOSIT,4132000.0
T00016124,A0001530,2025-10-03,TRANSFER,4646000.0
T00016125,A0000904,2026-01-20,TRANSFER,4135000.0
T00016126,A0000394,2026-01-05,TRANSFER,2118000.0
T00016127,A0000883,2026-04-09,WITHDRAWAL,3237000.0
T00016128,A0001212,2026-03-02,WITHDRAWAL,3487000.0
T00016129,A0000620,2026-02-21,DEPOSIT,2366000.0
T00016130,A0000126,2025-12-29,DEPOSIT,260000.0
T00016131,A0000012,2026-02-05,DEPOSIT,4481000.0
T00016132,A0001342,2026-04-06,DEPOSIT,3017000.0
T00016133,A0000238,2025-10-25,DEPOSIT,4910000.0
T00016134,A0001631,2026-01-19,WITHDRAWAL,3418000.0
T00016135,A0000892,2025-08-10,TRANSFER,2366000.0
T00016136,A0001335,2025-07-29,WITHDRAWAL,1365000.0
T00016137,A0000215,2026-01-08,WITHDRAWAL,1061000.0
T00016138,A0001414,2025-05-15,TRANSFER,754000.0
T00016139,A0000829,2026-03-30,DEPOSIT,1448000.0
T00016140,A0001071,2026-03-08,WITHDRAWAL,3783000.0
T00016141,A0001407,2025-02-08,DEPOSIT,1545000.0
T00016142,A0001066,2025-08-17,WITHDRAWAL,575000.0
T00016143,A0001013,2026-08-05,DEPOSIT,2228000.0
T00016144,A0001528,2026-03-06,TRANSFER,1366000.0
T00016145,A0001474,2025-05-24,WITHDRAWAL,948000.0
T00016146,A0000681,2026-05-05,TRANSFER,499000.0
T00016147,A0000802,2025-06-02,WITHDRAWAL,2760000.0
T00016148,A0000734,2026-01-15,DEPOSIT,1224000.0
T00016149,A0001365,2026-08-29,DEPOSIT,1446000.0
T00016150,A0000777,2025-12-13,TRANSFER,1979000.0
T00016151,A0000644,2025-01-23,DEPOSIT,3221000.0
T00016152,A0001523,2025-03-14,DEPOSIT,3751000.0
T00016153,A0001256,2025-04-02,WITHDRAWAL,2651000.0
T00016154,A0000200,2025-09-23,WITHDRAWAL,776000.0
T00016155,A0000900,2025-05-25,TRANSFER,2165000.0
T00016156,A0001780,2026-08-21,WITHDRAWAL,1127000.0
T00016157,A0000779,2025-05-05,TRANSFER,2090000.0
T00016158,A0001791,2025-03-10,TRANSFER,1967000.0
T00016159,A0000175,2026-08-25,TRANSFER,3712000.0
T00016160,A0001275,2025-03-19,TRANSFER,1530000.0
T00016161,A0001678,2025-06-07,WITHDRAWAL,1077000.0
T00016162,A0000627,2025-03-16,DEPOSIT,4675000.0
T00016163,A0001433,2026-06-27,WITHDRAWAL,350000.0
T00016164,A0000060,2025-08-20,DEPOSIT,275000.0
T00016165,A0000182,2025-11-22,DEPOSIT,4142000.0
T00016166,A0001558,2025-01-07,DEPOSIT,4917000.0
T00016167,A0001417,2025-10-25,DEPOSIT,3009000.0
T00016168,A0001730,2026-07-21,TRANSFER,1574000.0
T00016169,A0001674,2026-08-25,DEPOSIT,2970000.0
T00016170,A0001100,2025-11-05,DEPOSIT,889000.0
T00016171,A0001480,2026-03-20,WITHDRAWAL,3224000.0
T00016172,A0001165,2026-07-26,WITHDRAWAL,509000.0
T00016173,A0000366,2026-06-09,WITHDRAWAL,2901000.0
T00016174,A0001547,2026-01-15,TRANSFER,3142000.0
T00016175,A0001023,2025-05-05,DEPOSIT,1040000.0
T00016176,A0001041,2025-10-04,DEPOSIT,862000.0
T00016177,A0001571,2025-04-30,DEPOSIT,3146000.0
T00016178,A0001371,2026-03-14,DEPOSIT,431000.0
T00016179,A0001523,2026-06-29,WITHDRAWAL,1550000.0
T00016180,A0001260,2025-07-18,TRANSFER,3094000.0
T00016181,A0001148,2026-03-19,TRANSFER,3016000.0
T00016182,A0000725,2025-05-21,WITHDRAWAL,698000.0
T00016183,A0000911,2025-04-29,DEPOSIT,2270000.0
T00016184,A0001408,2026-05-08,WITHDRAWAL,259000.0
T00016185,A0000417,2026-07-09,TRANSFER,2113000.0
T00016186,A0000238,2026-01-26,DEPOSIT,4582000.0
T00016187,A0000309,2026-07-14,TRANSFER,4649000.0
T00016188,A0001155,2026-01-14,TRANSFER,850000.0
T00016189,A0000288,2026-05-23,TRANSFER,3080000.0
T00016190,A0000797,2025-10-09,TRANSFER,1635000.0
T00016191,A0000443,2025-10-07,WITHDRAWAL,3201000.0
T00016192,A0000687,2026-02-12,DEPOSIT,3064000.0
T00016193,A0001538,2025-08-04,TRANSFER,489000.0
T00016194,A0000836,2025-02-12,WITHDRAWAL,2734000.0
T00016195,A0001049,2026-02-16,WITHDRAWAL,2159000.0
T00016196,A0001106,2026-07-11,TRANSFER,1668000.0
T00016197,A0001618,2025-06-11,DEPOSIT,237000.0
T00016198,A0000849,2025-06-11,TRANSFER,244000.0
T00016199,A0001592,2026-04-04,DEPOSIT,911000.0
T00016200,A0000499,2025-11-20,TRANSFER,3305000.0
T00016201,A0000467,2025-07-12,DEPOSIT,4371000.0
T00016202,A0000782,2025-04-17,DEPOSIT,3270000.0
T00016203,A0000950,2025-02-13,WITHDRAWAL,1262000.0
T00016204,A0001512,2025-06-26,TRANSFER,4187000.0
T00016205,A0000297,2025-12-26,WITHDRAWAL,3366000.0
T00016206,A0001233,2025-12-17,DEPOSIT,3969000.0
T00016207,A0000388,2025-10-08,DEPOSIT,1843000.0
T00016208,A0000664,2025-04-06,TRANSFER,749000.0
T00016209,A0000913,2026-06-23,TRANSFER,3209000.0
T00016210,A0001367,2025-05-06,WITHDRAWAL,4207000.0
T00016211,A0000242,2025-11-21,WITHDRAWAL,732000.0
T00016212,A0001117,2025-06-05,TRANSFER,1420000.0
T00016213,A0000706,2026-06-30,TRANSFER,587000.0
T00016214,A0001137,2026-05-12,DEPOSIT,4787000.0
T00016215,A0000153,2025-12-01,DEPOSIT,319000.0
T00016216,A0000383,2025-01-10,DEPOSIT,1635000.0
T00016217,A0001386,2026-08-02,DEPOSIT,3355000.0
T00016218,A0000194,2026-04-10,DEPOSIT,729000.0
T00016219,A0001421,2026-01-12,TRANSFER,2850000.0
T00016220,A0000841,2025-07-05,WITHDRAWAL,2555000.0
T00016221,A0000558,2025-02-04,TRANSFER,319000.0
T00016222,A0001146,2025-12-27,TRANSFER,4677000.0
T00016223,A0001394,2026-07-20,TRANSFER,1123000.0
T00016224,A0001569,2026-08-07,DEPOSIT,2799000.0
T00016225,A0001534,2026-05-10,DEPOSIT,4952000.0
T00016226,A0001335,2025-05-30,DEPOSIT,2082000.0
T00016227,A0000873,2026-02-20,DEPOSIT,1295000.0
T00016228,A0000596,2025-01-13,DEPOSIT,1966000.0
T00016229,A0001122,2025-09-21,WITHDRAWAL,843000.0
T00016230,A0000153,2025-08-07,DEPOSIT,4139000.0
T00016231,A0001367,2026-07-23,DEPOSIT,78000.0
T00016232,A0000258,2025-11-16,WITHDRAWAL,3616000.0
T00016233,A0001177,2025-11-30,TRANSFER,4237000.0
T00016234,A0000683,2025-01-11,DEPOSIT,4562000.0
T00016235,A0000870,2026-07-30,WITHDRAWAL,3763000.0
T00016236,A0000182,2025-04-28,WITHDRAWAL,623000.0
T00016237,A0000863,2025-01-02,TRANSFER,1839000.0
T00016238,A0000477,2026-05-23,DEPOSIT,927000.0
T00016239,A0000154,2025-01-25,DEPOSIT,726000.0
T00016240,A0000752,2025-07-24,DEPOSIT,839000.0
T00016241,A0000379,2026-07-30,TRANSFER,886000.0
T00016242,A0001613,2025-11-01,DEPOSIT,4341000.0
T00016243,A0000481,2025-03-05,DEPOSIT,1753000.0
T00016244,A0000600,2026-07-22,WITHDRAWAL,2428000.0
T00016245,A0000382,2026-07-19,TRANSFER,2381000.0
T00016246,A0000545,2025-07-21,TRANSFER,2575000.0
T00016247,A0000781,2026-03-14,DEPOSIT,2606000.0
T00016248,A0001632,2025-04-21,WITHDRAWAL,2517000.0
T00016249,A0000618,2026-06-15,DEPOSIT,3391000.0
T00016250,A0001351,2025-12-06,DEPOSIT,3151000.0
T00016251,A0001256,2025-06-22,WITHDRAWAL,1457000.0
T00016252,A0001721,2025-02-01,DEPOSIT,3392000.0
T00016253,A0001261,2026-04-12,DEPOSIT,3212000.0
T00016254,A0000248,2026-04-01,TRANSFER,1589000.0
T00016255,A0001179,2026-07-12,WITHDRAWAL,2912000.0
T00016256,A0001388,2025-10-29,DEPOSIT,4410000.0
T00016257,A0000692,2025-04-18,WITHDRAWAL,1122000.0
T00016258,A0001798,2026-03-20,WITHDRAWAL,3586000.0
T00016259,A0001053,2025-09-15,TRANSFER,829000.0
T00016260,A0001025,2026-08-03,TRANSFER,494000.0
T00016261,A0000636,2025-11-22,WITHDRAWAL,4140000.0
T00016262,A0000645,2025-06-12,TRANSFER,4132000.0
T00016263,A0000982,2026-02-10,DEPOSIT,4424000.0
T00016264,A0000498,2026-08-30,TRANSFER,4320000.0
T00016265,A0000585,2025-04-02,WITHDRAWAL,1282000.0
T00016266,A0000179,2025-10-09,WITHDRAWAL,2171000.0
T00016267,A0000782,2025-11-21,WITHDRAWAL,420000.0
T00016268,A0001655,2025-09-16,TRANSFER,4846000.0
T00016269,A0000826,2026-04-27,DEPOSIT,1369000.0
T00016270,A0001431,2026-02-12,WITHDRAWAL,2497000.0
T00016271,A0000295,2025-12-26,DEPOSIT,570000.0
T00016272,A0000582,2026-05-09,WITHDRAWAL,2102000.0
T00016273,A0001163,2025-02-04,TRANSFER,1474000.0
T00016274,A0000720,2025-01-11,WITHDRAWAL,1025000.0
T00016275,A0001637,2026-06-16,DEPOSIT,396000.0
T00016276,A0000085,2025-05-20,WITHDRAWAL,2145000.0
T00016277,A0000997,2025-01-13,DEPOSIT,2270000.0
T00016278,A0000367,2025-01-05,TRANSFER,192000.0
T00016279,A0001733,2025-04-14,DEPOSIT,610000.0
T00016280,A0001215,2026-06-21,TRANSFER,3332000.0
T00016281,A0001365,2026-06-17,WITHDRAWAL,3010000.0
T00016282,A0000122,2025-12-10,DEPOSIT,4329000.0
T00016283,A0001517,2025-06-12,WITHDRAWAL,1689000.0
T00016284,A0001408,2025-03-14,TRANSFER,505000.0
T00016285,A0000736,2025-07-06,TRANSFER,3742000.0
T00016286,A0000565,2025-05-04,WITHDRAWAL,496000.0
T00016287,A0000092,2026-05-02,WITHDRAWAL,1434000.0
T00016288,A0001030,2025-10-27,TRANSFER,1766000.0
T00016289,A0000523,2025-11-20,DEPOSIT,1519000.0
T00016290,A0000561,2026-07-19,TRANSFER,455000.0
T00016291,A0000067,2025-08-27,TRANSFER,3870000.0
T00016292,A0001236,2025-12-08,TRANSFER,3967000.0
T00016293,A0001003,2025-09-07,DEPOSIT,3896000.0
T00016294,A0000846,2025-09-03,DEPOSIT,484000.0
T00016295,A0000777,2025-04-01,WITHDRAWAL,1314000.0
T00016296,A0000260,2025-08-22,WITHDRAWAL,1219000.0
T00016297,A0001747,2026-05-29,TRANSFER,1331000.0
T00016298,A0000329,2025-02-18,WITHDRAWAL,3163000.0
T00016299,A0000192,2026-01-01,WITHDRAWAL,1484000.0
T00016300,A0001392,2025-08-20,DEPOSIT,1094000.0
T00016301,A0000620,2025-06-24,DEPOSIT,1644000.0
T00016302,A0001250,2026-01-23,WITHDRAWAL,573000.0
T00016303,A0000338,2025-06-07,TRANSFER,1626000.0
T00016304,A0000575,2026-08-27,TRANSFER,2093000.0
T00016305,A0000906,2026-06-06,WITHDRAWAL,1105000.0
T00016306,A0001683,2025-02-05,TRANSFER,686000.0
T00016307,A0000199,2026-07-16,WITHDRAWAL,1492000.0
T00016308,A0001168,2026-07-11,DEPOSIT,1696000.0
T00016309,A0000691,2026-04-19,TRANSFER,4573000.0
T00016310,A0001137,2025-02-11,TRANSFER,830000.0
T00016311,A0000642,2026-01-04,TRANSFER,794000.0
T00016312,A0000801,2025-05-24,WITHDRAWAL,2485000.0
T00016313,A0000298,2026-05-25,DEPOSIT,875000.0
T00016314,A0000260,2025-10-26,WITHDRAWAL,725000.0
T00016315,A0000466,2026-01-26,TRANSFER,2638000.0
T00016316,A0000775,2026-01-23,TRANSFER,3391000.0
T00016317,A0001064,2026-02-18,DEPOSIT,569000.0
T00016318,A0001630,2026-02-27,WITHDRAWAL,3380000.0
T00016319,A0001707,2026-07-09,DEPOSIT,4410000.0
T00016320,A0001555,2026-05-26,WITHDRAWAL,2964000.0
T00016321,A0000585,2025-03-16,TRANSFER,4317000.0
T00016322,A0001065,2026-04-28,TRANSFER,1742000.0
T00016323,A0000391,2026-08-16,TRANSFER,3171000.0
T00016324,A0000331,2025-06-04,WITHDRAWAL,4829000.0
T00016325,A0001698,2026-06-01,DEPOSIT,3637000.0
T00016326,A0000213,2025-09-13,TRANSFER,1149000.0
T00016327,A0001133,2026-07-31,DEPOSIT,319000.0
T00016328,A0000987,2025-02-23,WITHDRAWAL,4760000.0
T00016329,A0000989,2026-06-12,DEPOSIT,4242000.0
T00016330,A0001201,2025-06-10,WITHDRAWAL,3779000.0
T00016331,A0001690,2025-11-05,WITHDRAWAL,4321000.0
T00016332,A0001720,2025-01-01,TRANSFER,3175000.0
T00016333,A0000758,2025-03-19,WITHDRAWAL,176000.0
T00016334,A0001206,2025-11-08,TRANSFER,3163000.0
T00016335,A0001135,2025-09-30,TRANSFER,3172000.0
T00016336,A0000438,2025-11-20,DEPOSIT,741000.0
T00016337,A0001149,2026-05-02,DEPOSIT,495000.0
T00016338,A0000705,2025-07-11,WITHDRAWAL,4539000.0
T00016339,A0000403,2025-03-13,DEPOSIT,989000.0
T00016340,A0001795,2026-01-13,WITHDRAWAL,2419000.0
T00016341,A0001736,2026-04-21,DEPOSIT,1376000.0
T00016342,A0000410,2025-06-13,DEPOSIT,4840000.0
T00016343,A0000526,2026-04-07,DEPOSIT,2753000.0
T00016344,A0001661,2026-02-03,DEPOSIT,1248000.0
T00016345,A0000844,2025-10-25,TRANSFER,1092000.0
T00016346,A0000024,2026-06-07,DEPOSIT,3803000.0
T00016347,A0001744,2025-06-08,DEPOSIT,4865000.0
T00016348,A0000124,2026-02-25,DEPOSIT,4662000.0
T00016349,A0001322,2026-01-25,DEPOSIT,3412000.0
T00016350,A0000419,2026-01-28,TRANSFER,3036000.0
T00016351,A0000223,2025-04-27,DEPOSIT,1508000.0
T00016352,A0001103,2026-05-29,TRANSFER,1473000.0
T00016353,A0000125,2025-02-14,WITHDRAWAL,446000.0
T00016354,A0001385,2025-12-07,DEPOSIT,3728000.0
T00016355,A0000602,2026-06-25,WITHDRAWAL,3321000.0
T00016356,A0001250,2026-04-08,TRANSFER,628000.0
T00016357,A0001599,2026-04-14,DEPOSIT,4235000.0
T00016358,A0000106,2025-03-11,WITHDRAWAL,2070000.0
T00016359,A0000633,2025-10-12,DEPOSIT,1507000.0
T00016360,A0000084,2025-01-11,DEPOSIT,4268000.0
T00016361,A0001253,2025-11-16,DEPOSIT,1307000.0
T00016362,A0001514,2025-07-13,DEPOSIT,4000.0
T00016363,A0000087,2025-11-22,WITHDRAWAL,2015000.0
T00016364,A0000940,2025-01-19,DEPOSIT,4548000.0
T00016365,A0001668,2025-04-24,DEPOSIT,3570000.0
T00016366,A0001322,2025-05-06,DEPOSIT,161000.0
T00016367,A0000455,2025-03-14,TRANSFER,549000.0
T00016368,A0001281,2025-02-17,DEPOSIT,2460000.0
T00016369,A0000432,2025-03-02,WITHDRAWAL,2879000.0
T00016370,A0001191,2025-02-22,WITHDRAWAL,2456000.0
T00016371,A0001455,2025-09-20,TRANSFER,2884000.0
T00016372,A0000815,2025-03-26,DEPOSIT,988000.0
T00016373,A0000460,2025-02-17,TRANSFER,4806000.0
T00016374,A0001560,2025-05-16,DEPOSIT,624000.0
T00016375,A0000177,2026-01-02,WITHDRAWAL,4741000.0
T00016376,A0000576,2025-05-07,DEPOSIT,3640000.0
T00016377,A0000948,2026-08-09,DEPOSIT,2812000.0
T00016378,A0000184,2026-04-11,DEPOSIT,3207000.0
T00016379,A0000495,2025-12-16,TRANSFER,2240000.0
T00016380,A0001248,2025-02-22,TRANSFER,799000.0
T00016381,A0000960,2025-06-20,DEPOSIT,2499000.0
T00016382,A0000293,2026-07-31,TRANSFER,1914000.0
T00016383,A0001423,2025-01-11,DEPOSIT,496000.0
T00016384,A0001634,2026-01-24,DEPOSIT,4691000.0
T00016385,A0000172,2025-06-14,WITHDRAWAL,4413000.0
T00016386,A0001593,2025-07-29,TRANSFER,881000.0
T00016387,A0000390,2025-01-06,DEPOSIT,1605000.0
T00016388,A0001029,2026-07-08,TRANSFER,2333000.0
T00016389,A0001043,2026-05-10,TRANSFER,2594000.0
T00016390,A0001586,2026-03-19,DEPOSIT,1842000.0
T00016391,A0000585,2026-03-27,TRANSFER,3616000.0
T00016392,A0000142,2026-07-07,WITHDRAWAL,4357000.0
T00016393,A0000367,2025-09-04,DEPOSIT,2902000.0
T00016394,A0001417,2025-07-02,WITHDRAWAL,2706000.0
T00016395,A0001704,2025-09-26,TRANSFER,1930000.0
T00016396,A0001389,2026-05-19,WITHDRAWAL,3138000.0
T00016397,A0000089,2025-03-08,WITHDRAWAL,1902000.0
T00016398,A0000493,2026-04-22,DEPOSIT,3823000.0
T00016399,A0000482,2026-04-13,TRANSFER,4853000.0
T00016400,A0001431,2025-10-27,TRANSFER,717000.0
T00016401,A0000668,2025-05-30,TRANSFER,444000.0
T00016402,A0000645,2025-08-03,TRANSFER,1767000.0
T00016403,A0001081,2025-03-29,DEPOSIT,4347000.0
T00016404,A0000944,2025-07-11,DEPOSIT,2762000.0
T00016405,A0000906,2026-07-01,WITHDRAWAL,3072000.0
T00016406,A0000264,2026-08-04,WITHDRAWAL,2585000.0
T00016407,A0000469,2025-11-24,DEPOSIT,3583000.0
T00016408,A0001120,2026-02-08,DEPOSIT,1691000.0
T00016409,A0001613,2025-11-16,WITHDRAWAL,719000.0
T00016410,A0001108,2025-10-05,TRANSFER,4153000.0
T00016411,A0000777,2025-04-10,WITHDRAWAL,4485000.0
T00016412,A0000287,2025-12-22,DEPOSIT,3643000.0
T00016413,A0000387,2025-03-06,WITHDRAWAL,4171000.0
T00016414,A0000270,2026-05-08,TRANSFER,3619000.0
T00016415,A0000972,2026-02-07,DEPOSIT,378000.0
T00016416,A0001228,2025-01-11,WITHDRAWAL,3033000.0
T00016417,A0000493,2026-01-15,WITHDRAWAL,2382000.0
T00016418,A0001202,2026-08-13,TRANSFER,3863000.0
T00016419,A0001585,2025-04-04,WITHDRAWAL,2164000.0
T00016420,A0001002,2026-01-13,DEPOSIT,4432000.0
T00016421,A0001009,2026-04-17,TRANSFER,4502000.0
T00016422,A0001036,2025-04-22,TRANSFER,3162000.0
T00016423,A0001683,2025-04-30,TRANSFER,3326000.0
T00016424,A0001129,2025-05-29,WITHDRAWAL,1609000.0
T00016425,A0001367,2025-10-29,DEPOSIT,1217000.0
T00016426,A0001386,2025-09-13,DEPOSIT,4891000.0
T00016427,A0001332,2025-08-06,TRANSFER,536000.0
T00016428,A0000266,2026-04-13,TRANSFER,1369000.0
T00016429,A0000565,2025-11-18,TRANSFER,3122000.0
T00016430,A0001550,2026-08-19,TRANSFER,7000.0
T00016431,A0000612,2025-06-21,DEPOSIT,4987000.0
T00016432,A0000557,2025-08-26,TRANSFER,2524000.0
T00016433,A0000485,2025-02-17,DEPOSIT,4688000.0
T00016434,A0001593,2025-04-26,TRANSFER,1681000.0
T00016435,A0000690,2026-05-15,TRANSFER,4966000.0
T00016436,A0000661,2025-07-17,TRANSFER,1336000.0
T00016437,A0000279,2025-12-23,WITHDRAWAL,4838000.0
T00016438,A0001678,2026-01-22,WITHDRAWAL,4772000.0
T00016439,A0000238,2025-04-08,TRANSFER,1127000.0
T00016440,A0000168,2025-12-30,DEPOSIT,2193000.0
T00016441,A0000059,2026-05-02,DEPOSIT,817000.0
T00016442,A0001485,2026-03-14,WITHDRAWAL,2336000.0
T00016443,A0001106,2026-05-22,TRANSFER,4019000.0
T00016444,A0001422,2025-05-05,WITHDRAWAL,162000.0
T00016445,A0000245,2025-02-13,TRANSFER,1188000.0
T00016446,A0001745,2025-12-08,WITHDRAWAL,2366000.0
T00016447,A0000293,2026-06-27,TRANSFER,2731000.0
T00016448,A0001496,2025-08-22,WITHDRAWAL,745000.0
T00016449,A0001101,2025-02-24,DEPOSIT,835000.0
T00016450,A0001146,2026-08-03,TRANSFER,939000.0
T00016451,A0001328,2026-02-05,WITHDRAWAL,669000.0
T00016452,A0001577,2025-03-04,WITHDRAWAL,354000.0
T00016453,A0001576,2026-02-25,WITHDRAWAL,2849000.0
T00016454,A0001564,2026-07-15,TRANSFER,1272000.0
T00016455,A0000619,2026-03-14,WITHDRAWAL,4401000.0
T00016456,A0000002,2025-01-02,DEPOSIT,4645000.0
T00016457,A0000631,2025-12-08,WITHDRAWAL,3341000.0
T00016458,A0001062,2026-01-31,WITHDRAWAL,1426000.0
T00016459,A0000427,2025-12-12,TRANSFER,1777000.0
T00016460,A0001459,2025-02-04,TRANSFER,1573000.0
T00016461,A0000818,2026-05-15,TRANSFER,4827000.0
T00016462,A0000288,2026-06-30,DEPOSIT,3351000.0
T00016463,A0000600,2026-02-24,DEPOSIT,1186000.0
T00016464,A0000789,2025-03-31,DEPOSIT,3944000.0
T00016465,A0000796,2025-02-09,DEPOSIT,3772000.0
T00016466,A0000396,2025-08-28,TRANSFER,444000.0
T00016467,A0000127,2025-02-12,WITHDRAWAL,3445000.0
T00016468,A0001713,2026-04-29,DEPOSIT,1180000.0
T00016469,A0000224,2025-03-14,DEPOSIT,2562000.0
T00016470,A0001333,2025-04-19,WITHDRAWAL,2950000.0
T00016471,A0001460,2025-12-08,TRANSFER,534000.0
T00016472,A0000940,2026-04-23,TRANSFER,4038000.0
T00016473,A0000221,2025-01-05,TRANSFER,1740000.0
T00016474,A0000028,2025-12-04,TRANSFER,4008000.0
T00016475,A0001518,2026-07-31,TRANSFER,3641000.0
T00016476,A0001692,2025-01-04,DEPOSIT,2852000.0
T00016477,A0000468,2025-04-09,WITHDRAWAL,2129000.0
T00016478,A0001040,2025-06-23,WITHDRAWAL,4448000.0
T00016479,A0001577,2025-07-23,DEPOSIT,465000.0
T00016480,A0000359,2025-05-10,DEPOSIT,3756000.0
T00016481,A0001597,2025-07-09,DEPOSIT,2853000.0
T00016482,A0000638,2025-07-03,WITHDRAWAL,1241000.0
T00016483,A0001159,2025-06-02,TRANSFER,1943000.0
T00016484,A0000120,2025-06-09,DEPOSIT,4546000.0
T00016485,A0000427,2025-10-02,DEPOSIT,4577000.0
T00016486,A0001787,2025-04-11,WITHDRAWAL,1873000.0
T00016487,A0000755,2025-04-26,TRANSFER,4531000.0
T00016488,A0001441,2026-07-15,WITHDRAWAL,4552000.0
T00016489,A0000623,2025-02-27,TRANSFER,1674000.0
T00016490,A0001750,2025-07-05,DEPOSIT,213000.0
T00016491,A0000239,2026-02-07,TRANSFER,1929000.0
T00016492,A0000650,2025-02-15,WITHDRAWAL,2347000.0
T00016493,A0000616,2026-07-14,TRANSFER,1023000.0
T00016494,A0001188,2025-04-28,DEPOSIT,4932000.0
T00016495,A0000552,2025-02-24,DEPOSIT,4106000.0
T00016496,A0001554,2026-06-05,TRANSFER,2794000.0
T00016497,A0001753,2026-01-08,TRANSFER,3343000.0
T00016498,A0000215,2025-01-14,WITHDRAWAL,311000.0
T00016499,A0001475,2025-03-11,TRANSFER,4223000.0
T00016500,A0001752,2026-04-06,TRANSFER,4608000.0
T00016501,A0001056,2026-02-06,WITHDRAWAL,4213000.0
T00016502,A0000661,2025-01-14,DEPOSIT,1733000.0
T00016503,A0001715,2025-07-28,DEPOSIT,2931000.0
T00016504,A0001681,2026-07-01,TRANSFER,4656000.0
T00016505,A0000270,2026-08-28,DEPOSIT,5000.0
T00016506,A0000258,2025-02-26,TRANSFER,1005000.0
T00016507,A0000496,2026-04-03,WITHDRAWAL,2098000.0
T00016508,A0001405,2026-01-06,WITHDRAWAL,2565000.0
T00016509,A0001451,2025-06-20,TRANSFER,4154000.0
T00016510,A0000421,2026-02-12,TRANSFER,4254000.0
T00016511,A0000732,2026-04-28,DEPOSIT,2284000.0
T00016512,A0000641,2025-04-22,WITHDRAWAL,4399000.0
T00016513,A0001076,2025-11-27,DEPOSIT,1295000.0
T00016514,A0000565,2026-02-23,DEPOSIT,4950000.0
T00016515,A0000902,2026-07-20,DEPOSIT,280000.0
T00016516,A0000671,2025-11-30,TRANSFER,3251000.0
T00016517,A0000889,2026-05-20,DEPOSIT,486000.0
T00016518,A0000924,2026-03-15,TRANSFER,495000.0
T00016519,A0000320,2026-06-04,DEPOSIT,1269000.0
T00016520,A0001056,2025-10-17,WITHDRAWAL,2262000.0
T00016521,A0000058,2025-04-18,WITHDRAWAL,2681000.0
T00016522,A0001562,2025-06-03,DEPOSIT,2454000.0
T00016523,A0001291,2025-09-02,WITHDRAWAL,1819000.0
T00016524,A0000409,2026-03-20,DEPOSIT,945000.0
T00016525,A0001109,2025-01-11,DEPOSIT,3804000.0
T00016526,A0001783,2025-05-07,DEPOSIT,2371000.0
T00016527,A0000508,2025-08-28,DEPOSIT,1602000.0
T00016528,A0000297,2025-02-13,WITHDRAWAL,3354000.0
T00016529,A0000995,2025-10-22,WITHDRAWAL,59000.0
T00016530,A0000900,2025-08-05,TRANSFER,3078000.0
T00016531,A0001503,2025-06-04,TRANSFER,2923000.0
T00016532,A0001217,2026-03-01,WITHDRAWAL,1772000.0
T00016533,A0000011,2025-08-31,DEPOSIT,1713000.0
T00016534,A0001614,2025-02-05,DEPOSIT,2989000.0
T00016535,A0001208,2025-10-13,TRANSFER,1160000.0
T00016536,A0001716,2026-05-12,DEPOSIT,4207000.0
T00016537,A0000820,2026-08-16,WITHDRAWAL,3715000.0
T00016538,A0000610,2026-04-29,WITHDRAWAL,4453000.0
T00016539,A0000439,2025-12-27,TRANSFER,3387000.0
T00016540,A0001312,2025-11-24,DEPOSIT,1800000.0
T00016541,A0000425,2025-04-15,TRANSFER,3165000.0
T00016542,A0001732,2026-07-10,WITHDRAWAL,4772000.0
T00016543,A0001339,2026-04-16,WITHDRAWAL,2399000.0
T00016544,A0000799,2026-03-15,DEPOSIT,409000.0
T00016545,A0000312,2026-05-08,DEPOSIT,4059000.0
T00016546,A0000544,2025-10-09,WITHDRAWAL,3650000.0
T00016547,A0001486,2025-12-07,TRANSFER,797000.0
T00016548,A0000380,2025-11-12,TRANSFER,2451000.0
T00016549,A0001702,2026-03-05,WITHDRAWAL,3281000.0
T00016550,A0001624,2026-05-25,TRANSFER,892000.0
T00016551,A0000651,2025-11-16,WITHDRAWAL,2233000.0
T00016552,A0001499,2025-07-14,WITHDRAWAL,4971000.0
T00016553,A0000679,2026-03-23,WITHDRAWAL,3403000.0
T00016554,A0000413,2025-12-08,WITHDRAWAL,2681000.0
T00016555,A0000868,2026-07-01,DEPOSIT,4497000.0
T00016556,A0000695,2026-02-23,DEPOSIT,2405000.0
T00016557,A0001117,2025-09-18,WITHDRAWAL,1419000.0
T00016558,A0000691,2025-10-15,TRANSFER,532000.0
T00016559,A0001225,2026-03-07,DEPOSIT,1355000.0
T00016560,A0001741,2026-03-04,TRANSFER,389000.0
T00016561,A0001310,2026-04-29,DEPOSIT,1650000.0
T00016562,A0000010,2025-06-13,DEPOSIT,3647000.0
T00016563,A0001220,2026-03-10,DEPOSIT,3871000.0
T00016564,A0000420,2025-01-14,DEPOSIT,418000.0
T00016565,A0001117,2025-09-14,WITHDRAWAL,2322000.0
T00016566,A0000322,2025-04-18,TRANSFER,3256000.0
T00016567,A0001240,2025-06-17,DEPOSIT,1375000.0
T00016568,A0001211,2025-06-23,DEPOSIT,2895000.0
T00016569,A0000492,2025-01-08,WITHDRAWAL,1424000.0
T00016570,A0000873,2026-08-18,TRANSFER,1218000.0
T00016571,A0000743,2026-06-10,TRANSFER,1208000.0
T00016572,A0001600,2026-01-23,TRANSFER,3430000.0
T00016573,A0000645,2026-03-25,WITHDRAWAL,3204000.0
T00016574,A0001387,2025-11-03,WITHDRAWAL,3979000.0
T00016575,A0000073,2025-09-11,TRANSFER,2130000.0
T00016576,A0000630,2026-06-13,WITHDRAWAL,1491000.0
T00016577,A0000558,2026-08-28,TRANSFER,2113000.0
T00016578,A0000680,2025-02-13,TRANSFER,992000.0
T00016579,A0001578,2026-03-06,TRANSFER,1703000.0
T00016580,A0000123,2026-01-25,DEPOSIT,156000.0
T00016581,A0001430,2025-11-11,WITHDRAWAL,1304000.0
T00016582,A0001702,2026-03-14,DEPOSIT,4259000.0
T00016583,A0000101,2025-01-09,DEPOSIT,2596000.0
T00016584,A0000847,2026-08-01,DEPOSIT,4843000.0
T00016585,A0001076,2025-08-15,TRANSFER,4440000.0
T00016586,A0001010,2026-05-18,TRANSFER,1026000.0
T00016587,A0000263,2026-08-09,TRANSFER,1115000.0
T00016588,A0001697,2025-11-28,WITHDRAWAL,3544000.0
T00016589,A0000894,2025-04-20,TRANSFER,4232000.0
T00016590,A0001287,2026-06-07,DEPOSIT,1436000.0
T00016591,A0000618,2025-07-25,TRANSFER,909000.0
T00016592,A0000054,2026-08-16,WITHDRAWAL,416000.0
T00016593,A0000736,2026-07-30,DEPOSIT,1752000.0
T00016594,A0000656,2025-10-01,DEPOSIT,3872000.0
T00016595,A0001278,2025-05-21,WITHDRAWAL,2706000.0
T00016596,A0000729,2025-08-25,WITHDRAWAL,4365000.0
T00016597,A0001387,2025-03-25,TRANSFER,1684000.0
T00016598,A0001570,2025-09-04,DEPOSIT,2106000.0
T00016599,A0000491,2026-02-15,TRANSFER,550000.0
T00016600,A0001765,2025-05-16,WITHDRAWAL,3847000.0
T00016601,A0001771,2025-11-04,WITHDRAWAL,3317000.0
T00016602,A0000565,2026-01-03,DEPOSIT,2828000.0
T00016603,A0000486,2026-07-22,DEPOSIT,4485000.0
T00016604,A0001427,2025-09-11,DEPOSIT,561000.0
T00016605,A0001158,2025-01-11,TRANSFER,3480000.0
T00016606,A0001663,2025-12-04,WITHDRAWAL,1490000.0
T00016607,A0000744,2025-08-19,WITHDRAWAL,2442000.0
T00016608,A0000517,2026-03-14,DEPOSIT,3888000.0
T00016609,A0000710,2026-04-18,WITHDRAWAL,1664000.0
T00016610,A0001218,2025-03-18,WITHDRAWAL,1138000.0
T00016611,A0000396,2025-06-04,WITHDRAWAL,4553000.0
T00016612,A0001433,2026-05-08,TRANSFER,4308000.0
T00016613,A0001787,2026-08-31,DEPOSIT,4203000.0
T00016614,A0000558,2025-09-17,WITHDRAWAL,558000.0
T00016615,A0000525,2025-07-16,WITHDRAWAL,131000.0
T00016616,A0001219,2025-08-26,WITHDRAWAL,3040000.0
T00016617,A0000262,2025-08-13,WITHDRAWAL,3548000.0
T00016618,A0000554,2025-11-07,DEPOSIT,2088000.0
T00016619,A0000983,2026-08-14,TRANSFER,658000.0
T00016620,A0001428,2025-03-24,DEPOSIT,4046000.0
T00016621,A0001239,2026-07-03,TRANSFER,1721000.0
T00016622,A0000175,2025-03-20,WITHDRAWAL,1378000.0
T00016623,A0001567,2025-06-17,TRANSFER,2459000.0
T00016624,A0000065,2025-08-08,DEPOSIT,964000.0
T00016625,A0000879,2025-01-03,DEPOSIT,2881000.0
T00016626,A0001658,2026-08-06,DEPOSIT,1902000.0
T00016627,A0000571,2026-04-28,TRANSFER,1095000.0
T00016628,A0000031,2026-02-16,DEPOSIT,2272000.0
T00016629,A0000867,2026-08-01,DEPOSIT,437000.0
T00016630,A0001697,2025-11-05,DEPOSIT,4721000.0
T00016631,A0000846,2025-03-31,WITHDRAWAL,2469000.0
T00016632,A0001223,2026-08-30,DEPOSIT,3976000.0
T00016633,A0000556,2025-10-22,WITHDRAWAL,2353000.0
T00016634,A0001486,2025-11-06,DEPOSIT,2997000.0
T00016635,A0000955,2026-07-20,WITHDRAWAL,1901000.0
T00016636,A0001518,2025-08-14,TRANSFER,4037000.0
T00016637,A0000596,2025-10-25,DEPOSIT,3681000.0
T00016638,A0001768,2025-06-18,TRANSFER,515000.0
T00016639,A0000882,2026-03-25,TRANSFER,2104000.0
T00016640,A0000916,2026-07-31,WITHDRAWAL,3864000.0
T00016641,A0000190,2026-06-08,TRANSFER,2173000.0
T00016642,A0001472,2026-01-20,TRANSFER,436000.0
T00016643,A0000423,2026-05-14,WITHDRAWAL,901000.0
T00016644,A0001785,2025-11-23,WITHDRAWAL,364000.0
T00016645,A0000095,2026-08-25,WITHDRAWAL,3791000.0
T00016646,A0000294,2026-07-19,WITHDRAWAL,3026000.0
T00016647,A0001512,2026-05-08,TRANSFER,435000.0
T00016648,A0000698,2025-12-22,WITHDRAWAL,707000.0
T00016649,A0000591,2025-09-29,WITHDRAWAL,3502000.0
T00016650,A0001655,2025-08-18,WITHDRAWAL,1961000.0
T00016651,A0001633,2026-07-11,WITHDRAWAL,4720000.0
T00016652,A0001231,2025-04-25,TRANSFER,4774000.0
T00016653,A0000913,2025-06-09,DEPOSIT,528000.0
T00016654,A0000941,2025-08-30,WITHDRAWAL,2246000.0
T00016655,A0000540,2025-06-10,TRANSFER,3946000.0
T00016656,A0000755,2025-04-22,TRANSFER,3806000.0
T00016657,A0001516,2025-09-06,TRANSFER,1716000.0
T00016658,A0000518,2025-12-21,TRANSFER,3970000.0
T00016659,A0000547,2025-03-14,DEPOSIT,1082000.0
T00016660,A0000259,2025-02-27,TRANSFER,1617000.0
T00016661,A0001632,2025-10-29,WITHDRAWAL,2953000.0
T00016662,A0000680,2026-01-16,DEPOSIT,3340000.0
T00016663,A0000410,2026-02-02,DEPOSIT,1628000.0
T00016664,A0000243,2025-06-14,TRANSFER,884000.0
T00016665,A0000759,2025-08-03,WITHDRAWAL,2321000.0
T00016666,A0000674,2025-08-17,TRANSFER,607000.0
T00016667,A0000793,2026-02-12,TRANSFER,419000.0
T00016668,A0001548,2026-05-10,DEPOSIT,3051000.0
T00016669,A0000306,2026-06-02,DEPOSIT,2802000.0
T00016670,A0000601,2026-05-11,DEPOSIT,531000.0
T00016671,A0001538,2025-07-27,WITHDRAWAL,2136000.0
T00016672,A0001665,2026-01-07,TRANSFER,3132000.0
T00016673,A0000888,2025-07-25,TRANSFER,2663000.0
T00016674,A0000389,2026-08-02,TRANSFER,2861000.0
T00016675,A0001166,2025-04-01,TRANSFER,2797000.0
T00016676,A0000254,2026-05-06,WITHDRAWAL,3138000.0
T00016677,A0000362,2026-05-24,DEPOSIT,1725000.0
T00016678,A0000395,2025-02-18,WITHDRAWAL,3425000.0
T00016679,A0001496,2026-01-25,DEPOSIT,3926000.0
T00016680,A0001104,2025-11-30,WITHDRAWAL,3083000.0
T00016681,A0000786,2026-02-07,WITHDRAWAL,3940000.0
T00016682,A0001660,2025-11-04,TRANSFER,4895000.0
T00016683,A0000661,2026-03-11,DEPOSIT,3336000.0
T00016684,A0001461,2026-03-01,WITHDRAWAL,4996000.0
T00016685,A0000794,2025-01-25,TRANSFER,3329000.0
T00016686,A0000290,2026-02-20,TRANSFER,1544000.0
T00016687,A0000045,2026-01-12,TRANSFER,2512000.0
T00016688,A0000588,2025-12-06,TRANSFER,1648000.0
T00016689,A0001758,2026-03-14,DEPOSIT,2714000.0
T00016690,A0000886,2025-10-22,DEPOSIT,1056000.0
T00016691,A0000427,2026-07-12,TRANSFER,896000.0
T00016692,A0000829,2025-08-01,WITHDRAWAL,1032000.0
T00016693,A0000298,2025-12-09,WITHDRAWAL,586000.0
T00016694,A0000941,2026-06-07,TRANSFER,4658000.0
T00016695,A0000354,2025-02-28,WITHDRAWAL,3480000.0
T00016696,A0001739,2025-08-30,DEPOSIT,1061000.0
T00016697,A0000794,2026-08-15,TRANSFER,2641000.0
T00016698,A0001348,2025-05-10,TRANSFER,4718000.0
T00016699,A0000057,2025-10-11,TRANSFER,273000.0
T00016700,A0001094,2025-10-04,DEPOSIT,1962000.0
T00016701,A0000248,2025-05-26,DEPOSIT,1179000.0
T00016702,A0001159,2026-05-31,TRANSFER,5000.0
T00016703,A0000206,2026-07-28,TRANSFER,1204000.0
T00016704,A0000176,2025-01-26,TRANSFER,792000.0
T00016705,A0000865,2025-12-21,WITHDRAWAL,661000.0
T00016706,A0000571,2026-08-26,DEPOSIT,1945000.0
T00016707,A0000180,2026-01-09,WITHDRAWAL,2299000.0
T00016708,A0000808,2025-07-13,TRANSFER,1800000.0
T00016709,A0001247,2025-09-06,DEPOSIT,768000.0
T00016710,A0000151,2025-03-16,DEPOSIT,2846000.0
T00016711,A0001665,2025-06-26,WITHDRAWAL,4580000.0
T00016712,A0000403,2025-12-23,DEPOSIT,4348000.0
T00016713,A0000057,2025-09-07,TRANSFER,811000.0
T00016714,A0001556,2026-07-28,WITHDRAWAL,2777000.0
T00016715,A0000838,2026-01-07,WITHDRAWAL,4159000.0
T00016716,A0001235,2025-11-24,TRANSFER,407000.0
T00016717,A0000074,2026-04-11,DEPOSIT,4870000.0
T00016718,A0000064,2025-08-10,DEPOSIT,2710000.0
T00016719,A0001400,2026-03-03,DEPOSIT,3059000.0
T00016720,A0000062,2026-01-28,WITHDRAWAL,377000.0
T00016721,A0001106,2025-06-25,TRANSFER,2221000.0
T00016722,A0001738,2025-11-02,DEPOSIT,780000.0
T00016723,A0001070,2025-08-06,TRANSFER,3269000.0
T00016724,A0001329,2025-11-27,WITHDRAWAL,3466000.0
T00016725,A0000365,2026-02-13,TRANSFER,316000.0
T00016726,A0001296,2025-03-20,DEPOSIT,4171000.0
T00016727,A0001702,2025-05-21,TRANSFER,1534000.0
T00016728,A0000369,2025-12-08,DEPOSIT,1778000.0
T00016729,A0001069,2025-12-11,WITHDRAWAL,3832000.0
T00016730,A0000319,2025-07-30,WITHDRAWAL,740000.0
T00016731,A0000835,2025-06-07,WITHDRAWAL,4482000.0
T00016732,A0000947,2025-02-11,WITHDRAWAL,2448000.0
T00016733,A0000286,2025-04-15,WITHDRAWAL,1538000.0
T00016734,A0000323,2025-12-11,TRANSFER,515000.0
T00016735,A0000922,2026-05-21,TRANSFER,4928000.0
T00016736,A0000340,2026-03-12,DEPOSIT,4963000.0
T00016737,A0000053,2026-03-02,DEPOSIT,2332000.0
T00016738,A0000892,2025-02-24,WITHDRAWAL,1645000.0
T00016739,A0001761,2026-04-01,TRANSFER,123000.0
T00016740,A0000792,2026-07-19,TRANSFER,3026000.0
T00016741,A0001081,2026-06-09,TRANSFER,1382000.0
T00016742,A0001005,2025-11-08,DEPOSIT,4224000.0
T00016743,A0001330,2026-06-23,WITHDRAWAL,3536000.0
T00016744,A0001005,2025-06-27,DEPOSIT,4009000.0
T00016745,A0000098,2026-01-02,WITHDRAWAL,4849000.0
T00016746,A0001798,2025-06-18,WITHDRAWAL,1502000.0
T00016747,A0001128,2025-07-19,WITHDRAWAL,518000.0
T00016748,A0000825,2026-07-13,WITHDRAWAL,3138000.0
T00016749,A0000722,2026-03-23,TRANSFER,3933000.0
T00016750,A0001042,2026-05-09,TRANSFER,3702000.0
T00016751,A0001660,2025-08-10,DEPOSIT,403000.0
T00016752,A0000194,2025-08-05,WITHDRAWAL,3410000.0
T00016753,A0000956,2025-04-05,WITHDRAWAL,2685000.0
T00016754,A0000292,2025-08-09,TRANSFER,1823000.0
T00016755,A0000701,2026-04-30,WITHDRAWAL,763000.0
T00016756,A0001322,2026-05-14,WITHDRAWAL,77000.0
T00016757,A0001610,2025-01-02,DEPOSIT,3044000.0
T00016758,A0000720,2025-01-22,WITHDRAWAL,792000.0
T00016759,A0001210,2026-04-28,WITHDRAWAL,231000.0
T00016760,A0000129,2025-08-03,TRANSFER,205000.0
T00016761,A0000335,2025-06-10,TRANSFER,3412000.0
T00016762,A0001143,2026-05-30,WITHDRAWAL,2454000.0
T00016763,A0000949,2025-03-07,DEPOSIT,4006000.0
T00016764,A0000630,2026-07-19,TRANSFER,2798000.0
T00016765,A0000862,2025-05-29,TRANSFER,2210000.0
T00016766,A0001437,2025-08-08,DEPOSIT,727000.0
T00016767,A0001603,2025-05-27,DEPOSIT,2160000.0
T00016768,A0001212,2025-10-11,DEPOSIT,3655000.0
T00016769,A0000549,2025-06-25,WITHDRAWAL,1559000.0
T00016770,A0001468,2026-02-10,WITHDRAWAL,15000.0
T00016771,A0001010,2026-07-29,WITHDRAWAL,1743000.0
T00016772,A0001698,2026-07-07,WITHDRAWAL,909000.0
T00016773,A0001647,2026-04-02,DEPOSIT,3250000.0
T00016774,A0000872,2025-08-31,TRANSFER,775000.0
T00016775,A0000634,2025-12-28,WITHDRAWAL,1008000.0
T00016776,A0000712,2026-02-06,DEPOSIT,2770000.0
T00016777,A0001650,2025-07-17,DEPOSIT,2718000.0
T00016778,A0001499,2026-01-27,WITHDRAWAL,648000.0
T00016779,A0001640,2025-02-28,TRANSFER,1783000.0
T00016780,A0001517,2025-10-19,TRANSFER,3614000.0
T00016781,A0000337,2025-05-09,DEPOSIT,1007000.0
T00016782,A0001316,2025-11-05,TRANSFER,3558000.0
T00016783,A0001036,2025-07-06,DEPOSIT,602000.0
T00016784,A0000420,2025-02-16,TRANSFER,2933000.0
T00016785,A0001365,2026-04-22,DEPOSIT,1701000.0
T00016786,A0000573,2025-03-27,DEPOSIT,2777000.0
T00016787,A0000988,2026-05-03,WITHDRAWAL,2409000.0
T00016788,A0001418,2026-06-09,WITHDRAWAL,1254000.0
T00016789,A0001181,2026-05-03,WITHDRAWAL,4958000.0
T00016790,A0001437,2025-07-26,DEPOSIT,3953000.0
T00016791,A0000473,2026-08-21,WITHDRAWAL,4620000.0
T00016792,A0000218,2025-03-19,WITHDRAWAL,4194000.0
T00016793,A0000796,2025-12-06,WITHDRAWAL,1965000.0
T00016794,A0000888,2025-12-30,DEPOSIT,2222000.0
T00016795,A0000585,2026-04-08,TRANSFER,1534000.0
T00016796,A0001160,2025-11-17,WITHDRAWAL,1880000.0
T00016797,A0000166,2025-01-17,DEPOSIT,2488000.0
T00016798,A0001211,2026-08-10,WITHDRAWAL,1655000.0
T00016799,A0001415,2025-02-17,DEPOSIT,2256000.0
T00016800,A0000451,2025-05-14,WITHDRAWAL,3995000.0
T00016801,A0000385,2025-04-12,TRANSFER,3668000.0
T00016802,A0000157,2025-03-20,DEPOSIT,729000.0
T00016803,A0001204,2025-06-05,WITHDRAWAL,3658000.0
T00016804,A0000043,2025-12-31,WITHDRAWAL,387000.0
T00016805,A0001268,2025-05-24,DEPOSIT,1869000.0
T00016806,A0000674,2026-06-07,TRANSFER,429000.0
T00016807,A0000815,2026-04-23,TRANSFER,2734000.0
T00016808,A0001177,2026-06-12,WITHDRAWAL,3438000.0
T00016809,A0001318,2025-10-12,TRANSFER,1766000.0
T00016810,A0001125,2025-02-23,TRANSFER,921000.0
T00016811,A0001160,2025-02-07,TRANSFER,583000.0
T00016812,A0000776,2026-07-03,DEPOSIT,4852000.0
T00016813,A0001396,2026-08-21,DEPOSIT,3831000.0
T00016814,A0000556,2025-03-21,WITHDRAWAL,1420000.0
T00016815,A0001609,2026-04-06,WITHDRAWAL,1203000.0
T00016816,A0001447,2026-05-05,WITHDRAWAL,4726000.0
T00016817,A0000651,2025-01-27,DEPOSIT,288000.0
T00016818,A0000964,2025-07-07,TRANSFER,2479000.0
T00016819,A0000602,2026-08-25,DEPOSIT,636000.0
T00016820,A0000958,2026-07-19,TRANSFER,3024000.0
T00016821,A0000272,2026-02-01,TRANSFER,50000.0
T00016822,A0001639,2026-02-05,DEPOSIT,4620000.0
T00016823,A0001074,2025-02-06,DEPOSIT,4792000.0
T00016824,A0001403,2026-07-14,DEPOSIT,4592000.0
T00016825,A0001800,2025-03-29,WITHDRAWAL,82000.0
T00016826,A0001263,2026-07-21,WITHDRAWAL,1424000.0
T00016827,A0001670,2025-05-02,WITHDRAWAL,267000.0
T00016828,A0000693,2026-03-01,DEPOSIT,4215000.0
T00016829,A0001075,2026-07-03,DEPOSIT,4933000.0
T00016830,A0000104,2025-10-09,TRANSFER,703000.0
T00016831,A0000327,2025-01-25,TRANSFER,1297000.0
T00016832,A0001043,2025-10-15,TRANSFER,1548000.0
T00016833,A0001417,2026-01-25,WITHDRAWAL,1138000.0
T00016834,A0000921,2025-11-19,WITHDRAWAL,4059000.0
T00016835,A0001634,2026-02-16,DEPOSIT,4484000.0
T00016836,A0001542,2026-02-14,WITHDRAWAL,4604000.0
T00016837,A0000215,2025-05-22,WITHDRAWAL,2034000.0
T00016838,A0000615,2025-04-27,DEPOSIT,3983000.0
T00016839,A0000653,2026-04-05,DEPOSIT,4515000.0
T00016840,A0000367,2025-06-16,DEPOSIT,4587000.0
T00016841,A0000854,2026-03-23,WITHDRAWAL,2880000.0
T00016842,A0000718,2026-01-25,TRANSFER,3633000.0
T00016843,A0000851,2025-10-20,WITHDRAWAL,1161000.0
T00016844,A0000754,2025-03-07,TRANSFER,1090000.0
T00016845,A0001503,2026-08-19,DEPOSIT,2858000.0
T00016846,A0000894,2025-08-20,DEPOSIT,3612000.0
T00016847,A0001800,2026-05-16,TRANSFER,4066000.0
T00016848,A0000521,2025-10-10,WITHDRAWAL,123000.0
T00016849,A0001027,2025-11-27,TRANSFER,229000.0
T00016850,A0000016,2026-08-14,DEPOSIT,696000.0
T00016851,A0001439,2025-05-19,TRANSFER,822000.0
T00016852,A0000969,2025-08-20,DEPOSIT,1821000.0
T00016853,A0001412,2026-01-21,WITHDRAWAL,2373000.0
T00016854,A0000944,2026-04-29,DEPOSIT,3012000.0
T00016855,A0000062,2026-01-23,DEPOSIT,1781000.0
T00016856,A0001236,2025-08-05,TRANSFER,1414000.0
T00016857,A0001706,2025-04-12,TRANSFER,2085000.0
T00016858,A0000648,2025-04-02,WITHDRAWAL,2428000.0
T00016859,A0000882,2025-05-24,TRANSFER,2683000.0
T00016860,A0000644,2025-07-02,DEPOSIT,4180000.0
T00016861,A0000163,2026-05-06,WITHDRAWAL,4986000.0
T00016862,A0000782,2025-03-10,WITHDRAWAL,712000.0
T00016863,A0000470,2026-04-22,TRANSFER,2270000.0
T00016864,A0001613,2026-05-06,TRANSFER,1316000.0
T00016865,A0001666,2025-05-13,DEPOSIT,3868000.0
T00016866,A0000678,2025-02-03,TRANSFER,3316000.0
T00016867,A0001718,2025-09-24,WITHDRAWAL,844000.0
T00016868,A0000316,2026-01-13,DEPOSIT,1078000.0
T00016869,A0000471,2025-03-04,TRANSFER,2721000.0
T00016870,A0000678,2026-07-21,TRANSFER,2214000.0
T00016871,A0001456,2025-05-07,WITHDRAWAL,1936000.0
T00016872,A0000562,2025-10-09,WITHDRAWAL,1331000.0
T00016873,A0001629,2026-02-08,TRANSFER,1417000.0
T00016874,A0001182,2025-11-02,DEPOSIT,829000.0
T00016875,A0001480,2026-07-28,WITHDRAWAL,2862000.0
T00016876,A0001107,2025-06-24,DEPOSIT,4125000.0
T00016877,A0001295,2026-02-02,WITHDRAWAL,1364000.0
T00016878,A0001455,2025-05-22,TRANSFER,4771000.0
T00016879,A0001348,2026-01-12,WITHDRAWAL,2637000.0
T00016880,A0001424,2025-11-03,DEPOSIT,827000.0
T00016881,A0001689,2025-11-26,DEPOSIT,2000000.0
T00016882,A0001316,2026-01-22,WITHDRAWAL,2952000.0
T00016883,A0000757,2025-04-23,TRANSFER,666000.0
T00016884,A0001541,2025-12-13,WITHDRAWAL,250000.0
T00016885,A0000322,2025-10-14,DEPOSIT,2548000.0
T00016886,A0001784,2026-04-05,WITHDRAWAL,969000.0
T00016887,A0001276,2025-02-08,WITHDRAWAL,3406000.0
T00016888,A0000534,2026-02-26,DEPOSIT,3679000.0
T00016889,A0001673,2025-10-01,WITHDRAWAL,2590000.0
T00016890,A0000887,2026-07-29,TRANSFER,3465000.0
T00016891,A0001547,2025-11-06,TRANSFER,4112000.0
T00016892,A0000529,2025-08-09,WITHDRAWAL,2474000.0
T00016893,A0001037,2026-01-17,DEPOSIT,1406000.0
T00016894,A0000782,2026-08-22,TRANSFER,2593000.0
T00016895,A0000004,2025-06-28,DEPOSIT,1453000.0
T00016896,A0000378,2025-05-06,TRANSFER,4643000.0
T00016897,A0001048,2026-06-19,DEPOSIT,735000.0
T00016898,A0000885,2025-06-24,WITHDRAWAL,4256000.0
T00016899,A0000456,2026-06-08,WITHDRAWAL,1156000.0
T00016900,A0000090,2026-07-23,WITHDRAWAL,3105000.0
T00016901,A0001478,2025-01-10,WITHDRAWAL,127000.0
T00016902,A0000586,2026-07-11,TRANSFER,4091000.0
T00016903,A0001038,2025-12-04,WITHDRAWAL,3203000.0
T00016904,A0001186,2025-08-20,TRANSFER,2339000.0
T00016905,A0000413,2025-06-04,DEPOSIT,1235000.0
T00016906,A0000251,2025-04-24,WITHDRAWAL,4715000.0
T00016907,A0000270,2025-06-16,DEPOSIT,761000.0
T00016908,A0001067,2025-06-27,DEPOSIT,2848000.0
T00016909,A0000858,2025-06-16,TRANSFER,4524000.0
T00016910,A0001102,2025-01-22,WITHDRAWAL,2155000.0
T00016911,A0000478,2025-07-12,TRANSFER,3904000.0
T00016912,A0001261,2025-08-08,DEPOSIT,3855000.0
T00016913,A0001337,2026-05-04,DEPOSIT,1405000.0
T00016914,A0000576,2026-02-06,TRANSFER,3304000.0
T00016915,A0001315,2025-06-18,WITHDRAWAL,1506000.0
T00016916,A0000759,2025-06-04,WITHDRAWAL,3334000.0
T00016917,A0000763,2026-06-28,TRANSFER,4819000.0
T00016918,A0001416,2025-01-24,DEPOSIT,298000.0
T00016919,A0001532,2025-10-15,WITHDRAWAL,81000.0
T00016920,A0001474,2025-08-03,WITHDRAWAL,4968000.0
T00016921,A0000676,2026-06-04,DEPOSIT,2375000.0
T00016922,A0001404,2026-05-22,TRANSFER,4530000.0
T00016923,A0000945,2025-01-05,WITHDRAWAL,4688000.0
T00016924,A0001304,2026-05-04,WITHDRAWAL,4650000.0
T00016925,A0001234,2025-07-12,WITHDRAWAL,1312000.0
T00016926,A0000395,2026-05-06,TRANSFER,433000.0
T00016927,A0000438,2025-01-10,WITHDRAWAL,380000.0
T00016928,A0001380,2026-06-29,TRANSFER,2489000.0
T00016929,A0000648,2025-07-27,WITHDRAWAL,3868000.0
T00016930,A0000767,2025-01-17,DEPOSIT,4428000.0
T00016931,A0001335,2026-01-27,TRANSFER,1572000.0
T00016932,A0000884,2025-09-07,WITHDRAWAL,2986000.0
T00016933,A0000714,2026-04-10,TRANSFER,2019000.0
T00016934,A0001224,2025-03-14,DEPOSIT,4512000.0
T00016935,A0001404,2025-04-18,DEPOSIT,4105000.0
T00016936,A0000663,2025-02-04,DEPOSIT,3689000.0
T00016937,A0001234,2026-04-09,TRANSFER,3857000.0
T00016938,A0001771,2025-04-01,TRANSFER,4064000.0
T00016939,A0000837,2026-08-17,DEPOSIT,3294000.0
T00016940,A0001767,2025-11-18,TRANSFER,625000.0
T00016941,A0001362,2025-08-11,DEPOSIT,3070000.0
T00016942,A0001435,2025-05-19,DEPOSIT,1568000.0
T00016943,A0000267,2026-03-15,DEPOSIT,1423000.0
T00016944,A0000004,2026-03-01,WITHDRAWAL,2238000.0
T00016945,A0000613,2025-12-30,TRANSFER,3289000.0
T00016946,A0000205,2025-01-29,WITHDRAWAL,2670000.0
T00016947,A0001494,2025-11-15,TRANSFER,1262000.0
T00016948,A0000342,2025-07-01,WITHDRAWAL,3266000.0
T00016949,A0000539,2025-09-29,TRANSFER,4338000.0
T00016950,A0000423,2026-06-14,WITHDRAWAL,2106000.0
T00016951,A0000174,2026-05-30,DEPOSIT,4876000.0
T00016952,A0000380,2025-05-05,TRANSFER,4701000.0
T00016953,A0000071,2025-07-25,TRANSFER,1354000.0
T00016954,A0001215,2026-05-15,WITHDRAWAL,4592000.0
T00016955,A0001226,2025-01-27,TRANSFER,3688000.0
T00016956,A0001671,2025-02-17,WITHDRAWAL,3055000.0
T00016957,A0000247,2025-07-26,WITHDRAWAL,4718000.0
T00016958,A0001485,2026-04-07,WITHDRAWAL,1435000.0
T00016959,A0000327,2025-04-16,TRANSFER,974000.0
T00016960,A0001730,2025-05-19,TRANSFER,1666000.0
T00016961,A0001076,2025-04-24,DEPOSIT,4047000.0
T00016962,A0000012,2026-03-22,DEPOSIT,4211000.0
T00016963,A0001095,2025-03-24,TRANSFER,2645000.0
T00016964,A0000296,2026-05-27,TRANSFER,1308000.0
T00016965,A0001675,2026-08-05,TRANSFER,953000.0
T00016966,A0001221,2025-05-01,TRANSFER,4615000.0
T00016967,A0001115,2026-03-24,DEPOSIT,2922000.0
T00016968,A0000605,2025-12-16,WITHDRAWAL,2700000.0
T00016969,A0001051,2026-02-16,TRANSFER,304000.0
T00016970,A0001032,2025-05-20,TRANSFER,3474000.0
T00016971,A0000216,2025-01-28,WITHDRAWAL,2616000.0
T00016972,A0001042,2025-01-01,WITHDRAWAL,2257000.0
T00016973,A0000189,2025-05-06,DEPOSIT,2167000.0
T00016974,A0000778,2025-12-05,DEPOSIT,3931000.0
T00016975,A0000975,2026-07-21,WITHDRAWAL,4946000.0
T00016976,A0000808,2026-03-22,WITHDRAWAL,4489000.0
T00016977,A0000369,2026-07-07,TRANSFER,1928000.0
T00016978,A0001350,2026-05-22,TRANSFER,4566000.0
T00016979,A0001302,2025-11-29,TRANSFER,1481000.0
T00016980,A0001620,2025-07-29,WITHDRAWAL,3724000.0
T00016981,A0001793,2025-03-07,TRANSFER,680000.0
T00016982,A0000185,2025-08-08,TRANSFER,4306000.0
T00016983,A0000326,2025-07-14,WITHDRAWAL,3053000.0
T00016984,A0000445,2025-05-14,TRANSFER,4471000.0
T00016985,A0000709,2026-03-05,DEPOSIT,3865000.0
T00016986,A0000623,2026-07-30,WITHDRAWAL,249000.0
T00016987,A0000318,2026-03-04,WITHDRAWAL,578000.0
T00016988,A0001017,2026-02-24,DEPOSIT,524000.0
T00016989,A0000462,2025-04-30,TRANSFER,956000.0
T00016990,A0001412,2026-07-12,WITHDRAWAL,4194000.0
T00016991,A0000414,2026-04-07,TRANSFER,77000.0
T00016992,A0001296,2025-11-18,TRANSFER,1376000.0
T00016993,A0000789,2025-01-24,TRANSFER,3280000.0
T00016994,A0001473,2026-06-25,TRANSFER,2464000.0
T00016995,A0000935,2025-09-10,TRANSFER,1245000.0
T00016996,A0001197,2025-02-18,DEPOSIT,2635000.0
T00016997,A0000925,2025-04-24,TRANSFER,1438000.0
T00016998,A0000069,2025-01-07,TRANSFER,2969000.0
T00016999,A0000105,2025-03-09,TRANSFER,1111000.0
T00017000,A0000528,2025-10-14,TRANSFER,2748000.0
T00017001,A0001070,2025-08-26,DEPOSIT,3077000.0
T00017002,A0000660,2025-08-25,TRANSFER,2907000.0
T00017003,A0000597,2025-08-24,TRANSFER,1084000.0
T00017004,A0000664,2026-01-21,TRANSFER,492000.0
T00017005,A0001376,2025-05-06,DEPOSIT,2890000.0
T00017006,A0000732,2026-07-22,TRANSFER,1506000.0
T00017007,A0001504,2026-04-24,DEPOSIT,796000.0
T00017008,A0000684,2025-11-04,WITHDRAWAL,4931000.0
T00017009,A0000355,2026-03-25,WITHDRAWAL,4822000.0
T00017010,A0000278,2026-06-24,TRANSFER,2796000.0
T00017011,A0000356,2026-08-23,TRANSFER,62000.0
T00017012,A0000029,2025-04-08,DEPOSIT,1426000.0
T00017013,A0000286,2025-06-04,WITHDRAWAL,395000.0
T00017014,A0000050,2026-02-02,DEPOSIT,947000.0
T00017015,A0000776,2026-03-21,TRANSFER,3857000.0
T00017016,A0000307,2025-09-22,TRANSFER,3491000.0
T00017017,A0000576,2026-02-02,DEPOSIT,1679000.0
T00017018,A0001631,2025-01-09,WITHDRAWAL,3494000.0
T00017019,A0000972,2025-09-18,TRANSFER,2321000.0
T00017020,A0000787,2025-01-17,TRANSFER,292000.0
T00017021,A0001787,2025-08-02,TRANSFER,1133000.0
T00017022,A0000007,2025-05-22,TRANSFER,1594000.0
T00017023,A0000944,2025-02-12,TRANSFER,4072000.0
T00017024,A0001298,2026-07-17,DEPOSIT,2516000.0
T00017025,A0001493,2025-05-27,WITHDRAWAL,1511000.0
T00017026,A0001506,2025-10-29,DEPOSIT,772000.0
T00017027,A0000216,2025-01-11,TRANSFER,894000.0
T00017028,A0000454,2025-04-07,WITHDRAWAL,4165000.0
T00017029,A0001093,2026-01-29,DEPOSIT,2543000.0
T00017030,A0001428,2026-07-25,WITHDRAWAL,178000.0
T00017031,A0000383,2025-09-23,TRANSFER,4653000.0
T00017032,A0000952,2025-10-18,DEPOSIT,3709000.0
T00017033,A0001693,2025-07-19,DEPOSIT,4946000.0
T00017034,A0001029,2025-08-16,DEPOSIT,2573000.0
T00017035,A0001208,2025-09-23,DEPOSIT,949000.0
T00017036,A0000708,2025-02-06,TRANSFER,2276000.0
T00017037,A0000434,2025-12-18,DEPOSIT,3118000.0
T00017038,A0001103,2025-06-08,DEPOSIT,146000.0
T00017039,A0001483,2026-07-07,WITHDRAWAL,2823000.0
T00017040,A0000190,2026-03-08,DEPOSIT,939000.0
T00017041,A0000612,2026-05-26,DEPOSIT,2946000.0
T00017042,A0001632,2025-10-03,TRANSFER,789000.0
T00017043,A0000529,2026-02-27,TRANSFER,4060000.0
T00017044,A0000209,2026-08-31,DEPOSIT,3251000.0
T00017045,A0000918,2025-10-03,TRANSFER,73000.0
T00017046,A0001323,2025-05-19,WITHDRAWAL,3311000.0
T00017047,A0001557,2026-08-07,DEPOSIT,1694000.0
T00017048,A0000296,2026-05-30,TRANSFER,3206000.0
T00017049,A0001549,2025-07-18,DEPOSIT,1880000.0
T00017050,A0001351,2025-08-05,TRANSFER,141000.0
T00017051,A0000708,2025-10-20,WITHDRAWAL,4761000.0
T00017052,A0000672,2026-02-08,TRANSFER,2076000.0
T00017053,A0001010,2025-03-23,TRANSFER,241000.0
T00017054,A0000709,2026-06-09,WITHDRAWAL,4051000.0
T00017055,A0001315,2025-11-03,WITHDRAWAL,2681000.0
T00017056,A0001495,2025-08-15,DEPOSIT,2392000.0
T00017057,A0001370,2025-03-02,TRANSFER,3676000.0
T00017058,A0000992,2025-02-08,DEPOSIT,4679000.0
T00017059,A0000231,2026-06-21,WITHDRAWAL,3049000.0
T00017060,A0000780,2025-05-25,WITHDRAWAL,921000.0
T00017061,A0000892,2025-12-30,TRANSFER,2434000.0
T00017062,A0001370,2026-02-27,TRANSFER,214000.0
T00017063,A0000047,2025-05-19,WITHDRAWAL,2596000.0
T00017064,A0000927,2025-01-30,DEPOSIT,4742000.0
T00017065,A0001533,2025-04-25,DEPOSIT,3486000.0
T00017066,A0001174,2025-06-06,WITHDRAWAL,2582000.0
T00017067,A0001450,2026-07-11,TRANSFER,4501000.0
T00017068,A0001490,2026-02-07,WITHDRAWAL,1226000.0
T00017069,A0001074,2025-02-19,WITHDRAWAL,4020000.0
T00017070,A0000127,2026-04-17,WITHDRAWAL,3999000.0
T00017071,A0000911,2025-02-23,WITHDRAWAL,1334000.0
T00017072,A0000181,2026-06-01,DEPOSIT,4523000.0
T00017073,A0001026,2025-06-17,TRANSFER,52000.0
T00017074,A0000531,2025-09-03,WITHDRAWAL,3708000.0
T00017075,A0001171,2026-08-21,WITHDRAWAL,3356000.0
T00017076,A0000434,2025-08-11,DEPOSIT,2872000.0
T00017077,A0000655,2025-03-20,WITHDRAWAL,4205000.0
T00017078,A0000510,2026-04-21,WITHDRAWAL,496000.0
T00017079,A0001495,2026-07-17,DEPOSIT,4899000.0
T00017080,A0000693,2025-12-19,TRANSFER,2617000.0
T00017081,A0001295,2026-08-15,TRANSFER,4164000.0
T00017082,A0001628,2025-07-12,WITHDRAWAL,657000.0
T00017083,A0001378,2026-01-02,WITHDRAWAL,4144000.0
T00017084,A0001707,2026-01-13,WITHDRAWAL,2981000.0
T00017085,A0000117,2025-09-06,TRANSFER,4687000.0
T00017086,A0000612,2025-11-24,DEPOSIT,1351000.0
T00017087,A0001757,2026-04-11,DEPOSIT,134000.0
T00017088,A0000073,2025-06-29,WITHDRAWAL,2459000.0
T00017089,A0000323,2025-01-05,WITHDRAWAL,4951000.0
T00017090,A0001724,2026-04-03,WITHDRAWAL,4744000.0
T00017091,A0000211,2025-07-10,WITHDRAWAL,533000.0
T00017092,A0001638,2026-07-09,WITHDRAWAL,1120000.0
T00017093,A0000755,2025-05-11,DEPOSIT,1820000.0
T00017094,A0001686,2025-06-30,WITHDRAWAL,3952000.0
T00017095,A0000073,2026-08-06,WITHDRAWAL,2827000.0
T00017096,A0001666,2025-02-09,WITHDRAWAL,1531000.0
T00017097,A0000535,2025-04-22,WITHDRAWAL,3431000.0
T00017098,A0001783,2026-07-23,TRANSFER,3886000.0
T00017099,A0001681,2025-02-11,WITHDRAWAL,1164000.0
T00017100,A0001714,2026-03-28,TRANSFER,1821000.0
T00017101,A0001357,2026-04-11,DEPOSIT,2894000.0
T00017102,A0000048,2025-08-13,DEPOSIT,2351000.0
T00017103,A0001676,2026-02-12,WITHDRAWAL,3177000.0
T00017104,A0001708,2025-07-17,DEPOSIT,2174000.0
T00017105,A0001307,2025-10-30,DEPOSIT,4918000.0
T00017106,A0000227,2025-07-26,DEPOSIT,4323000.0
T00017107,A0001247,2025-09-15,WITHDRAWAL,729000.0
T00017108,A0000713,2025-10-02,TRANSFER,88000.0
T00017109,A0000631,2026-07-31,DEPOSIT,4774000.0
T00017110,A0000382,2025-01-10,WITHDRAWAL,4600000.0
T00017111,A0000233,2026-06-06,TRANSFER,2122000.0
T00017112,A0000917,2026-02-03,DEPOSIT,3041000.0
T00017113,A0000526,2025-02-14,WITHDRAWAL,1742000.0
T00017114,A0001347,2025-09-13,TRANSFER,1904000.0
T00017115,A0001042,2026-04-24,TRANSFER,1314000.0
T00017116,A0000230,2025-03-04,DEPOSIT,3249000.0
T00017117,A0000329,2025-07-28,TRANSFER,3098000.0
T00017118,A0001610,2025-02-14,WITHDRAWAL,3030000.0
T00017119,A0000598,2025-12-24,DEPOSIT,3903000.0
T00017120,A0001499,2025-05-30,WITHDRAWAL,1478000.0
T00017121,A0001410,2025-06-26,TRANSFER,748000.0
T00017122,A0000762,2025-06-04,DEPOSIT,4919000.0
T00017123,A0000569,2025-02-14,TRANSFER,1188000.0
T00017124,A0000574,2026-01-19,DEPOSIT,4800000.0
T00017125,A0000627,2025-06-03,TRANSFER,1582000.0
T00017126,A0000748,2025-06-28,TRANSFER,1098000.0
T00017127,A0000190,2025-04-23,WITHDRAWAL,451000.0
T00017128,A0000390,2026-03-10,TRANSFER,4444000.0
T00017129,A0001210,2026-05-09,DEPOSIT,4574000.0
T00017130,A0000073,2025-04-08,TRANSFER,3198000.0
T00017131,A0001066,2026-04-28,DEPOSIT,1867000.0
T00017132,A0000374,2025-08-05,TRANSFER,539000.0
T00017133,A0000980,2026-02-16,TRANSFER,637000.0
T00017134,A0001487,2025-11-11,TRANSFER,2932000.0
T00017135,A0000795,2025-06-06,WITHDRAWAL,515000.0
T00017136,A0000159,2026-08-15,TRANSFER,3442000.0
T00017137,A0001258,2025-08-19,TRANSFER,4227000.0
T00017138,A0001238,2026-01-03,DEPOSIT,4765000.0
T00017139,A0001359,2025-01-31,DEPOSIT,218000.0
T00017140,A0000123,2025-12-31,WITHDRAWAL,2254000.0
T00017141,A0001242,2026-04-22,DEPOSIT,4541000.0
T00017142,A0000311,2026-01-09,DEPOSIT,3672000.0
T00017143,A0000871,2025-08-01,TRANSFER,1588000.0
T00017144,A0000636,2026-03-15,WITHDRAWAL,2308000.0
T00017145,A0000296,2025-01-29,WITHDRAWAL,4343000.0
T00017146,A0000365,2026-06-07,DEPOSIT,1673000.0
T00017147,A0000415,2025-11-09,WITHDRAWAL,275000.0
T00017148,A0001573,2025-01-09,TRANSFER,1842000.0
T00017149,A0000414,2025-08-07,WITHDRAWAL,2942000.0
T00017150,A0001723,2025-08-09,WITHDRAWAL,2046000.0
T00017151,A0001626,2025-03-27,TRANSFER,445000.0
T00017152,A0000073,2025-10-14,WITHDRAWAL,262000.0
T00017153,A0000330,2026-02-28,DEPOSIT,4517000.0
T00017154,A0000303,2026-05-27,WITHDRAWAL,4622000.0
T00017155,A0000934,2025-09-19,DEPOSIT,3249000.0
T00017156,A0000470,2025-10-01,WITHDRAWAL,3402000.0
T00017157,A0000504,2025-10-14,WITHDRAWAL,4634000.0
T00017158,A0000017,2025-08-05,DEPOSIT,4714000.0
T00017159,A0000306,2026-08-18,DEPOSIT,313000.0
T00017160,A0001563,2026-07-28,WITHDRAWAL,715000.0
T00017161,A0001012,2025-05-14,DEPOSIT,3661000.0
T00017162,A0000807,2025-12-02,TRANSFER,2818000.0
T00017163,A0001009,2026-01-14,WITHDRAWAL,422000.0
T00017164,A0000256,2026-01-10,WITHDRAWAL,3314000.0
T00017165,A0001570,2025-11-22,DEPOSIT,4874000.0
T00017166,A0000218,2026-08-05,TRANSFER,4632000.0
T00017167,A0001155,2026-01-04,WITHDRAWAL,4125000.0
T00017168,A0000354,2025-12-01,WITHDRAWAL,910000.0
T00017169,A0000987,2025-06-11,DEPOSIT,2019000.0
T00017170,A0000660,2026-02-05,TRANSFER,3440000.0
T00017171,A0000295,2026-04-26,DEPOSIT,1574000.0
T00017172,A0000425,2026-06-29,DEPOSIT,2189000.0
T00017173,A0000138,2025-12-17,TRANSFER,2805000.0
T00017174,A0000047,2025-11-13,DEPOSIT,540000.0
T00017175,A0001510,2025-01-27,DEPOSIT,3094000.0
T00017176,A0001071,2025-06-21,DEPOSIT,861000.0
T00017177,A0001168,2026-05-10,DEPOSIT,4632000.0
T00017178,A0001058,2025-11-07,TRANSFER,70000.0
T00017179,A0000555,2025-02-01,DEPOSIT,3761000.0
T00017180,A0000008,2025-10-19,DEPOSIT,3700000.0
T00017181,A0000441,2026-01-20,TRANSFER,2175000.0
T00017182,A0001085,2025-09-07,WITHDRAWAL,4088000.0
T00017183,A0001197,2025-11-17,WITHDRAWAL,1431000.0
T00017184,A0000150,2025-07-19,WITHDRAWAL,2381000.0
T00017185,A0000471,2025-12-12,TRANSFER,2680000.0
T00017186,A0000732,2026-06-03,DEPOSIT,3395000.0
T00017187,A0000967,2025-03-24,TRANSFER,2594000.0
T00017188,A0000159,2025-02-14,DEPOSIT,2628000.0
T00017189,A0000151,2025-08-27,WITHDRAWAL,3231000.0
T00017190,A0001181,2025-11-08,TRANSFER,2131000.0
T00017191,A0001339,2025-07-05,WITHDRAWAL,4432000.0
T00017192,A0000709,2025-06-23,WITHDRAWAL,3910000.0
T00017193,A0000770,2026-02-01,WITHDRAWAL,1872000.0
T00017194,A0000296,2025-10-28,TRANSFER,4748000.0
T00017195,A0000271,2025-08-15,DEPOSIT,344000.0
T00017196,A0001309,2025-07-31,TRANSFER,341000.0
T00017197,A0000317,2025-12-28,TRANSFER,2027000.0
T00017198,A0001684,2025-10-28,TRANSFER,3095000.0
T00017199,A0000741,2026-07-21,TRANSFER,4671000.0
T00017200,A0001669,2025-12-13,TRANSFER,3574000.0
T00017201,A0001710,2025-10-29,TRANSFER,2189000.0
T00017202,A0000266,2025-09-09,TRANSFER,2277000.0
T00017203,A0000165,2025-09-28,DEPOSIT,3001000.0
T00017204,A0001429,2025-09-27,DEPOSIT,790000.0
T00017205,A0000908,2026-08-22,DEPOSIT,383000.0
T00017206,A0000486,2026-06-16,DEPOSIT,140000.0
T00017207,A0000173,2026-02-01,TRANSFER,991000.0
T00017208,A0000245,2026-08-20,DEPOSIT,4509000.0
T00017209,A0001466,2025-06-03,WITHDRAWAL,2379000.0
T00017210,A0001474,2025-08-14,WITHDRAWAL,2257000.0
T00017211,A0001453,2025-09-26,WITHDRAWAL,2426000.0
T00017212,A0001733,2025-02-19,DEPOSIT,4439000.0
T00017213,A0000012,2025-03-26,WITHDRAWAL,1165000.0
T00017214,A0000887,2025-01-21,WITHDRAWAL,683000.0
T00017215,A0001479,2026-08-19,TRANSFER,3837000.0
T00017216,A0001541,2025-09-20,TRANSFER,2310000.0
T00017217,A0000485,2025-08-29,DEPOSIT,1357000.0
T00017218,A0000980,2025-07-09,TRANSFER,3216000.0
T00017219,A0001781,2026-07-24,WITHDRAWAL,847000.0
T00017220,A0000921,2025-07-01,DEPOSIT,315000.0
T00017221,A0000522,2026-08-09,WITHDRAWAL,202000.0
T00017222,A0000390,2025-12-18,DEPOSIT,49000.0
T00017223,A0000097,2025-06-29,WITHDRAWAL,4589000.0
T00017224,A0000672,2026-01-17,DEPOSIT,3795000.0
T00017225,A0000429,2026-02-21,TRANSFER,362000.0
T00017226,A0000069,2026-05-21,DEPOSIT,806000.0
T00017227,A0000837,2025-08-04,DEPOSIT,2455000.0
T00017228,A0001465,2026-04-19,DEPOSIT,295000.0
T00017229,A0001063,2025-05-11,WITHDRAWAL,1487000.0
T00017230,A0000280,2025-12-26,WITHDRAWAL,2859000.0
T00017231,A0000545,2025-08-26,DEPOSIT,3120000.0
T00017232,A0001620,2025-12-13,TRANSFER,3484000.0
T00017233,A0001553,2026-05-17,WITHDRAWAL,4685000.0
T00017234,A0001500,2025-02-19,TRANSFER,3160000.0
T00017235,A0000021,2026-02-24,WITHDRAWAL,3281000.0
T00017236,A0001388,2025-11-03,TRANSFER,4812000.0
T00017237,A0001407,2025-05-11,DEPOSIT,3069000.0
T00017238,A0000701,2025-07-27,TRANSFER,3062000.0
T00017239,A0000088,2025-09-25,WITHDRAWAL,1134000.0
T00017240,A0000247,2026-01-11,WITHDRAWAL,1864000.0
T00017241,A0001008,2025-08-15,TRANSFER,490000.0
T00017242,A0000339,2026-03-11,TRANSFER,3602000.0
T00017243,A0001136,2026-01-06,WITHDRAWAL,27000.0
T00017244,A0000357,2025-10-16,DEPOSIT,1458000.0
T00017245,A0000832,2026-03-18,DEPOSIT,560000.0
T00017246,A0001305,2025-06-27,DEPOSIT,1432000.0
T00017247,A0001486,2025-08-03,DEPOSIT,1953000.0
T00017248,A0001393,2026-06-06,DEPOSIT,4050000.0
T00017249,A0000852,2026-07-04,TRANSFER,4485000.0
T00017250,A0001159,2025-10-07,DEPOSIT,2420000.0
T00017251,A0000066,2025-10-09,TRANSFER,2527000.0
T00017252,A0000297,2026-02-03,DEPOSIT,2759000.0
T00017253,A0000289,2025-11-28,TRANSFER,572000.0
T00017254,A0001349,2026-08-11,WITHDRAWAL,2461000.0
T00017255,A0001365,2026-03-22,DEPOSIT,2136000.0
T00017256,A0000176,2025-08-29,DEPOSIT,771000.0
T00017257,A0001342,2025-02-09,WITHDRAWAL,4563000.0
T00017258,A0000822,2025-08-30,TRANSFER,1774000.0
T00017259,A0001713,2025-06-19,DEPOSIT,2550000.0
T00017260,A0000981,2025-02-03,WITHDRAWAL,4335000.0
T00017261,A0001196,2026-07-31,WITHDRAWAL,1566000.0
T00017262,A0000758,2025-12-05,TRANSFER,3194000.0
T00017263,A0000303,2026-02-10,WITHDRAWAL,3542000.0
T00017264,A0000197,2025-08-30,DEPOSIT,2809000.0
T00017265,A0000844,2026-03-24,DEPOSIT,1137000.0
T00017266,A0000454,2026-07-08,TRANSFER,3872000.0
T00017267,A0001206,2025-12-17,WITHDRAWAL,2283000.0
T00017268,A0001259,2026-03-01,DEPOSIT,654000.0
T00017269,A0001733,2026-04-03,WITHDRAWAL,3048000.0
T00017270,A0000062,2025-05-06,TRANSFER,4543000.0
T00017271,A0001066,2026-08-13,TRANSFER,2805000.0
T00017272,A0001264,2025-02-02,TRANSFER,1398000.0
T00017273,A0000058,2026-04-26,TRANSFER,2195000.0
T00017274,A0000668,2025-01-26,WITHDRAWAL,3397000.0
T00017275,A0001328,2025-04-25,DEPOSIT,1556000.0
T00017276,A0000571,2025-06-26,DEPOSIT,897000.0
T00017277,A0000883,2026-03-13,TRANSFER,4971000.0
T00017278,A0001513,2025-05-30,DEPOSIT,4257000.0
T00017279,A0001252,2026-03-24,WITHDRAWAL,3754000.0
T00017280,A0001775,2026-06-20,TRANSFER,2971000.0
T00017281,A0000025,2026-06-10,WITHDRAWAL,1982000.0
T00017282,A0001362,2025-06-27,DEPOSIT,4546000.0
T00017283,A0001118,2025-07-16,DEPOSIT,3787000.0
T00017284,A0000037,2026-08-10,WITHDRAWAL,3806000.0
T00017285,A0000919,2026-04-20,WITHDRAWAL,2844000.0
T00017286,A0001283,2025-12-14,WITHDRAWAL,2236000.0
T00017287,A0000659,2026-08-28,DEPOSIT,1733000.0
T00017288,A0001681,2025-10-10,DEPOSIT,2155000.0
T00017289,A0001478,2025-12-26,WITHDRAWAL,4599000.0
T00017290,A0000075,2025-01-28,TRANSFER,4321000.0
T00017291,A0001332,2025-07-28,WITHDRAWAL,2526000.0
T00017292,A0000874,2025-05-21,TRANSFER,4194000.0
T00017293,A0001519,2025-10-16,WITHDRAWAL,2247000.0
T00017294,A0000194,2025-04-07,WITHDRAWAL,3741000.0
T00017295,A0001052,2025-11-08,TRANSFER,4783000.0
T00017296,A0001610,2026-01-25,DEPOSIT,1686000.0
T00017297,A0001320,2025-02-15,TRANSFER,611000.0
T00017298,A0000434,2025-08-01,DEPOSIT,582000.0
T00017299,A0001413,2025-06-09,TRANSFER,3969000.0
T00017300,A0001429,2025-11-25,WITHDRAWAL,4720000.0
T00017301,A0000812,2025-01-10,DEPOSIT,870000.0
T00017302,A0001333,2026-03-16,DEPOSIT,526000.0
T00017303,A0000913,2025-11-06,TRANSFER,2351000.0
T00017304,A0001578,2026-05-08,WITHDRAWAL,4066000.0
T00017305,A0000369,2025-04-22,WITHDRAWAL,2346000.0
T00017306,A0000084,2025-04-24,DEPOSIT,1574000.0
T00017307,A0001260,2026-05-06,WITHDRAWAL,2512000.0
T00017308,A0000373,2025-10-24,DEPOSIT,2004000.0
T00017309,A0000312,2025-01-14,TRANSFER,2126000.0
T00017310,A0001139,2026-06-29,DEPOSIT,3541000.0
T00017311,A0001052,2025-11-28,WITHDRAWAL,3926000.0
T00017312,A0000709,2026-01-07,WITHDRAWAL,2351000.0
T00017313,A0001473,2026-02-02,DEPOSIT,4941000.0
T00017314,A0001169,2025-02-28,WITHDRAWAL,127000.0
T00017315,A0000258,2026-05-07,DEPOSIT,97000.0
T00017316,A0001713,2026-05-05,WITHDRAWAL,1908000.0
T00017317,A0000672,2025-06-01,WITHDRAWAL,1159000.0
T00017318,A0000193,2025-01-30,WITHDRAWAL,3974000.0
T00017319,A0000064,2026-07-12,WITHDRAWAL,330000.0
T00017320,A0000912,2026-07-18,DEPOSIT,3434000.0
T00017321,A0000692,2026-08-16,TRANSFER,1908000.0
T00017322,A0001125,2026-03-23,WITHDRAWAL,764000.0
T00017323,A0000348,2025-03-09,WITHDRAWAL,2908000.0
T00017324,A0000519,2025-08-07,DEPOSIT,1538000.0
T00017325,A0000029,2025-03-25,WITHDRAWAL,224000.0
T00017326,A0001550,2025-09-18,TRANSFER,4023000.0
T00017327,A0001033,2025-10-31,DEPOSIT,4540000.0
T00017328,A0000722,2025-09-01,WITHDRAWAL,4540000.0
T00017329,A0001205,2026-02-06,DEPOSIT,4745000.0
T00017330,A0001180,2025-03-15,DEPOSIT,1691000.0
T00017331,A0001447,2026-03-16,DEPOSIT,3192000.0
T00017332,A0001069,2026-01-24,WITHDRAWAL,1292000.0
T00017333,A0000262,2026-07-05,TRANSFER,3565000.0
T00017334,A0001546,2026-08-15,WITHDRAWAL,1917000.0
T00017335,A0000407,2025-05-18,DEPOSIT,1071000.0
T00017336,A0000397,2025-12-29,TRANSFER,3190000.0
T00017337,A0001766,2025-04-26,DEPOSIT,2862000.0
T00017338,A0001086,2025-07-24,WITHDRAWAL,4442000.0
T00017339,A0000412,2025-09-08,WITHDRAWAL,167000.0
T00017340,A0000305,2026-04-09,WITHDRAWAL,1485000.0
T00017341,A0000059,2025-07-04,TRANSFER,135000.0
T00017342,A0000673,2025-10-29,WITHDRAWAL,223000.0
T00017343,A0000944,2025-05-04,WITHDRAWAL,3316000.0
T00017344,A0001307,2026-05-03,TRANSFER,536000.0
T00017345,A0001012,2026-03-30,WITHDRAWAL,731000.0
T00017346,A0001114,2025-09-22,WITHDRAWAL,4515000.0
T00017347,A0000614,2026-08-05,WITHDRAWAL,1151000.0
T00017348,A0001671,2026-03-17,WITHDRAWAL,2277000.0
T00017349,A0000422,2026-06-26,WITHDRAWAL,4099000.0
T00017350,A0001356,2025-02-07,DEPOSIT,2159000.0
T00017351,A0000447,2025-12-26,TRANSFER,94000.0
T00017352,A0001034,2026-07-20,DEPOSIT,1493000.0
T00017353,A0000829,2025-10-01,WITHDRAWAL,3461000.0
T00017354,A0001232,2026-01-14,TRANSFER,75000.0
T00017355,A0001030,2025-02-14,TRANSFER,2219000.0
T00017356,A0000759,2025-04-09,DEPOSIT,1571000.0
T00017357,A0001432,2026-06-24,WITHDRAWAL,3465000.0
T00017358,A0000266,2025-06-28,WITHDRAWAL,2560000.0
T00017359,A0000012,2025-03-29,WITHDRAWAL,815000.0
T00017360,A0000995,2025-11-07,DEPOSIT,2324000.0
T00017361,A0000557,2025-10-26,TRANSFER,2444000.0
T00017362,A0001659,2026-04-29,DEPOSIT,741000.0
T00017363,A0000659,2025-03-27,TRANSFER,371000.0
T00017364,A0000748,2026-08-21,DEPOSIT,3298000.0
T00017365,A0000640,2026-07-12,TRANSFER,976000.0
T00017366,A0000739,2026-04-02,TRANSFER,1299000.0
T00017367,A0000768,2025-06-20,WITHDRAWAL,2879000.0
T00017368,A0001468,2025-01-21,DEPOSIT,4562000.0
T00017369,A0000119,2025-02-23,TRANSFER,551000.0
T00017370,A0001255,2025-12-17,DEPOSIT,3177000.0
T00017371,A0001404,2025-02-10,WITHDRAWAL,1253000.0
T00017372,A0000452,2025-01-22,TRANSFER,4610000.0
T00017373,A0001159,2025-06-08,WITHDRAWAL,4170000.0
T00017374,A0001250,2026-08-13,TRANSFER,1416000.0
T00017375,A0001342,2026-07-09,WITHDRAWAL,2240000.0
T00017376,A0000254,2026-02-26,DEPOSIT,2170000.0
T00017377,A0000443,2025-12-19,TRANSFER,852000.0
T00017378,A0001343,2025-01-15,WITHDRAWAL,3419000.0
T00017379,A0001675,2025-12-08,TRANSFER,99000.0
T00017380,A0000122,2026-06-24,TRANSFER,3073000.0
T00017381,A0001747,2026-03-07,DEPOSIT,4193000.0
T00017382,A0001651,2025-10-02,WITHDRAWAL,3988000.0
T00017383,A0001405,2025-02-16,TRANSFER,1762000.0
T00017384,A0001099,2026-08-09,WITHDRAWAL,2896000.0
T00017385,A0000306,2025-02-18,DEPOSIT,2605000.0
T00017386,A0000718,2026-08-22,DEPOSIT,4345000.0
T00017387,A0001774,2025-06-26,WITHDRAWAL,3296000.0
T00017388,A0000655,2025-08-13,WITHDRAWAL,2388000.0
T00017389,A0001795,2026-04-05,WITHDRAWAL,4643000.0
T00017390,A0000003,2025-05-05,TRANSFER,4989000.0
T00017391,A0001042,2026-04-26,DEPOSIT,898000.0
T00017392,A0001725,2026-05-10,WITHDRAWAL,3242000.0
T00017393,A0000457,2025-04-20,WITHDRAWAL,2885000.0
T00017394,A0000662,2026-01-06,WITHDRAWAL,293000.0
T00017395,A0000392,2025-06-14,WITHDRAWAL,392000.0
T00017396,A0000535,2025-03-31,DEPOSIT,707000.0
T00017397,A0000259,2025-03-13,DEPOSIT,3047000.0
T00017398,A0001154,2025-10-25,WITHDRAWAL,2389000.0
T00017399,A0000359,2025-07-01,TRANSFER,2592000.0
T00017400,A0000233,2025-05-27,TRANSFER,4031000.0
T00017401,A0000912,2025-11-18,DEPOSIT,2910000.0
T00017402,A0001289,2025-09-10,WITHDRAWAL,1569000.0
T00017403,A0000268,2025-05-29,DEPOSIT,4438000.0
T00017404,A0001670,2025-07-12,WITHDRAWAL,1615000.0
T00017405,A0000730,2025-04-25,TRANSFER,2759000.0
T00017406,A0001230,2025-02-25,WITHDRAWAL,2411000.0
T00017407,A0001192,2025-12-16,WITHDRAWAL,3990000.0
T00017408,A0001175,2026-06-16,WITHDRAWAL,2855000.0
T00017409,A0001477,2025-03-01,TRANSFER,14000.0
T00017410,A0000022,2025-11-15,DEPOSIT,3426000.0
T00017411,A0000838,2026-05-21,TRANSFER,4841000.0
T00017412,A0001150,2026-05-04,DEPOSIT,168000.0
T00017413,A0001045,2026-06-19,WITHDRAWAL,4391000.0
T00017414,A0001137,2026-02-03,WITHDRAWAL,2857000.0
T00017415,A0000007,2025-11-30,WITHDRAWAL,1545000.0
T00017416,A0001316,2025-10-25,WITHDRAWAL,409000.0
T00017417,A0000774,2026-08-03,WITHDRAWAL,1515000.0
T00017418,A0000781,2025-03-21,WITHDRAWAL,1110000.0
T00017419,A0000792,2025-05-03,WITHDRAWAL,3555000.0
T00017420,A0000502,2025-12-30,DEPOSIT,1518000.0
T00017421,A0000213,2025-04-17,WITHDRAWAL,108000.0
T00017422,A0000229,2026-03-11,DEPOSIT,4280000.0
T00017423,A0000824,2025-02-02,TRANSFER,1721000.0
T00017424,A0001186,2026-03-04,TRANSFER,3149000.0
T00017425,A0001492,2026-07-18,DEPOSIT,2913000.0
T00017426,A0000915,2025-05-13,WITHDRAWAL,844000.0
T00017427,A0001175,2025-08-24,WITHDRAWAL,32000.0
T00017428,A0000555,2025-06-07,WITHDRAWAL,3165000.0
T00017429,A0000924,2026-02-15,TRANSFER,1911000.0
T00017430,A0000340,2026-02-01,TRANSFER,3981000.0
T00017431,A0000378,2026-06-09,TRANSFER,4417000.0
T00017432,A0001743,2025-01-30,WITHDRAWAL,4010000.0
T00017433,A0001306,2025-10-06,TRANSFER,1756000.0
T00017434,A0000898,2025-08-04,TRANSFER,3760000.0
T00017435,A0000758,2026-05-10,TRANSFER,3148000.0
T00017436,A0000133,2025-12-05,TRANSFER,3809000.0
T00017437,A0000381,2026-02-11,WITHDRAWAL,3778000.0
T00017438,A0001518,2025-06-30,TRANSFER,4393000.0
T00017439,A0001237,2026-03-09,DEPOSIT,1165000.0
T00017440,A0001093,2025-02-09,WITHDRAWAL,4886000.0
T00017441,A0000407,2025-04-22,TRANSFER,710000.0
T00017442,A0000918,2025-07-01,WITHDRAWAL,4554000.0
T00017443,A0001330,2026-08-03,TRANSFER,3519000.0
T00017444,A0001594,2026-04-07,WITHDRAWAL,4815000.0
T00017445,A0000817,2026-03-16,TRANSFER,2897000.0
T00017446,A0001790,2026-03-27,WITHDRAWAL,325000.0
T00017447,A0001496,2026-01-18,DEPOSIT,1767000.0
T00017448,A0000636,2025-03-11,DEPOSIT,723000.0
T00017449,A0001459,2026-08-12,WITHDRAWAL,1105000.0
T00017450,A0000080,2025-04-15,TRANSFER,967000.0
T00017451,A0000206,2025-12-01,WITHDRAWAL,4533000.0
T00017452,A0001180,2025-04-19,TRANSFER,615000.0
T00017453,A0000390,2025-10-06,DEPOSIT,1312000.0
T00017454,A0000880,2025-09-16,DEPOSIT,1402000.0
T00017455,A0001697,2025-01-29,DEPOSIT,722000.0
T00017456,A0001131,2026-03-16,DEPOSIT,1102000.0
T00017457,A0000058,2025-09-15,TRANSFER,1442000.0
T00017458,A0001377,2025-08-26,DEPOSIT,3126000.0
T00017459,A0000867,2025-11-13,TRANSFER,2270000.0
T00017460,A0001359,2026-04-09,WITHDRAWAL,1223000.0
T00017461,A0000855,2025-06-12,WITHDRAWAL,1911000.0
T00017462,A0000917,2025-07-07,WITHDRAWAL,4920000.0
T00017463,A0001545,2026-02-15,TRANSFER,1617000.0
T00017464,A0000870,2025-07-04,DEPOSIT,3080000.0
T00017465,A0001093,2026-06-25,WITHDRAWAL,3324000.0
T00017466,A0001599,2026-02-01,TRANSFER,2358000.0
T00017467,A0000480,2026-06-07,WITHDRAWAL,1330000.0
T00017468,A0000374,2026-05-08,WITHDRAWAL,2637000.0
T00017469,A0001445,2025-10-11,TRANSFER,1896000.0
T00017470,A0001175,2025-02-21,TRANSFER,4864000.0
T00017471,A0001400,2026-08-08,TRANSFER,794000.0
T00017472,A0001439,2026-08-27,WITHDRAWAL,2022000.0
T00017473,A0000790,2025-06-06,TRANSFER,1384000.0
T00017474,A0000441,2026-02-18,WITHDRAWAL,2369000.0
T00017475,A0001120,2026-02-07,TRANSFER,4307000.0
T00017476,A0001185,2026-04-17,TRANSFER,4712000.0
T00017477,A0001796,2025-02-12,WITHDRAWAL,818000.0
T00017478,A0000699,2026-07-20,DEPOSIT,1654000.0
T00017479,A0001673,2025-04-23,DEPOSIT,931000.0
T00017480,A0001081,2025-01-14,WITHDRAWAL,754000.0
T00017481,A0000978,2025-02-19,TRANSFER,3978000.0
T00017482,A0001685,2025-01-27,WITHDRAWAL,3203000.0
T00017483,A0001423,2025-03-06,DEPOSIT,3547000.0
T00017484,A0001758,2025-03-05,TRANSFER,2375000.0
T00017485,A0001745,2025-03-13,WITHDRAWAL,725000.0
T00017486,A0001103,2025-06-14,DEPOSIT,4541000.0
T00017487,A0000306,2025-10-31,WITHDRAWAL,4657000.0
T00017488,A0000872,2026-05-25,DEPOSIT,4452000.0
T00017489,A0001480,2025-06-12,DEPOSIT,1072000.0
T00017490,A0001324,2026-08-04,TRANSFER,1401000.0
T00017491,A0000092,2025-07-10,DEPOSIT,2987000.0
T00017492,A0001298,2025-04-26,DEPOSIT,2995000.0
T00017493,A0000909,2026-07-08,DEPOSIT,3981000.0
T00017494,A0001148,2026-06-02,WITHDRAWAL,3086000.0
T00017495,A0001537,2026-04-02,WITHDRAWAL,2153000.0
T00017496,A0000436,2026-01-04,TRANSFER,4781000.0
T00017497,A0001548,2025-09-24,TRANSFER,2671000.0
T00017498,A0001396,2026-04-20,TRANSFER,2434000.0
T00017499,A0000115,2025-12-09,DEPOSIT,2934000.0
T00017500,A0000396,2026-01-19,WITHDRAWAL,3365000.0
T00017501,A0001501,2026-07-15,DEPOSIT,1057000.0
T00017502,A0000591,2025-04-09,WITHDRAWAL,1426000.0
T00017503,A0000533,2025-06-12,TRANSFER,1352000.0
T00017504,A0001230,2025-07-21,DEPOSIT,3375000.0
T00017505,A0000604,2025-10-28,WITHDRAWAL,400000.0
T00017506,A0001425,2025-12-30,WITHDRAWAL,3642000.0
T00017507,A0001443,2025-03-21,DEPOSIT,3684000.0
T00017508,A0000746,2026-02-25,WITHDRAWAL,2637000.0
T00017509,A0000508,2025-07-24,TRANSFER,4218000.0
T00017510,A0000845,2025-06-21,WITHDRAWAL,2569000.0
T00017511,A0000143,2026-04-09,DEPOSIT,557000.0
T00017512,A0000401,2025-02-27,WITHDRAWAL,2612000.0
T00017513,A0000710,2026-08-13,WITHDRAWAL,3204000.0
T00017514,A0000227,2025-05-29,TRANSFER,2347000.0
T00017515,A0000956,2026-04-25,WITHDRAWAL,4184000.0
T00017516,A0000596,2025-08-07,TRANSFER,119000.0
T00017517,A0001299,2026-05-06,TRANSFER,1547000.0
T00017518,A0001746,2026-07-31,TRANSFER,1989000.0
T00017519,A0001443,2025-11-07,DEPOSIT,4207000.0
T00017520,A0000635,2026-08-28,WITHDRAWAL,4527000.0
T00017521,A0001451,2026-02-21,WITHDRAWAL,3524000.0
T00017522,A0000187,2025-02-25,WITHDRAWAL,2632000.0
T00017523,A0000700,2025-09-05,TRANSFER,1977000.0
T00017524,A0000879,2025-05-08,TRANSFER,1313000.0
T00017525,A0000393,2025-01-18,TRANSFER,1846000.0
T00017526,A0000891,2025-01-13,WITHDRAWAL,978000.0
T00017527,A0001625,2025-02-17,TRANSFER,1064000.0
T00017528,A0001561,2026-01-18,DEPOSIT,2039000.0
T00017529,A0001752,2026-04-02,TRANSFER,2266000.0
T00017530,A0000498,2025-07-10,WITHDRAWAL,4597000.0
T00017531,A0000243,2026-03-24,DEPOSIT,4659000.0
T00017532,A0001482,2025-09-20,TRANSFER,3638000.0
T00017533,A0000018,2026-06-01,TRANSFER,399000.0
T00017534,A0000094,2025-01-27,DEPOSIT,3636000.0
T00017535,A0000143,2025-07-11,TRANSFER,2991000.0
T00017536,A0000276,2025-10-17,TRANSFER,4854000.0
T00017537,A0000262,2025-01-15,WITHDRAWAL,4798000.0
T00017538,A0000682,2025-01-03,DEPOSIT,3669000.0
T00017539,A0000888,2026-03-06,WITHDRAWAL,4460000.0
T00017540,A0000128,2025-09-29,WITHDRAWAL,4804000.0
T00017541,A0000268,2026-03-18,DEPOSIT,2589000.0
T00017542,A0001137,2026-05-20,WITHDRAWAL,1684000.0
T00017543,A0001432,2025-07-01,WITHDRAWAL,3817000.0
T00017544,A0000943,2025-03-06,DEPOSIT,865000.0
T00017545,A0001217,2026-02-02,WITHDRAWAL,3963000.0
T00017546,A0001585,2025-05-02,TRANSFER,629000.0
T00017547,A0001266,2026-03-29,WITHDRAWAL,1233000.0
T00017548,A0000762,2025-07-19,DEPOSIT,1449000.0
T00017549,A0000215,2025-03-26,WITHDRAWAL,3584000.0
T00017550,A0000731,2026-08-21,WITHDRAWAL,4599000.0
T00017551,A0000955,2026-03-29,TRANSFER,4329000.0
T00017552,A0001569,2025-07-08,DEPOSIT,13000.0
T00017553,A0001086,2025-10-12,TRANSFER,2905000.0
T00017554,A0001774,2026-08-26,DEPOSIT,761000.0
T00017555,A0000607,2025-02-19,DEPOSIT,735000.0
T00017556,A0000337,2025-05-25,TRANSFER,4506000.0
T00017557,A0000775,2025-03-23,WITHDRAWAL,1720000.0
T00017558,A0000074,2026-02-27,DEPOSIT,4935000.0
T00017559,A0000966,2025-09-26,WITHDRAWAL,4559000.0
T00017560,A0000464,2025-06-26,DEPOSIT,4094000.0
T00017561,A0000273,2026-08-26,DEPOSIT,1677000.0
T00017562,A0000765,2026-01-05,DEPOSIT,57000.0
T00017563,A0000250,2025-09-10,DEPOSIT,3950000.0
T00017564,A0000987,2025-08-19,WITHDRAWAL,1200000.0
T00017565,A0001209,2025-03-12,DEPOSIT,4285000.0
T00017566,A0001119,2025-07-31,TRANSFER,4660000.0
T00017567,A0000909,2026-03-31,TRANSFER,2501000.0
T00017568,A0000346,2025-06-11,TRANSFER,2373000.0
T00017569,A0001106,2026-08-08,DEPOSIT,3929000.0
T00017570,A0000925,2026-08-29,TRANSFER,760000.0
T00017571,A0000886,2026-08-11,TRANSFER,2824000.0
T00017572,A0000370,2026-05-07,TRANSFER,489000.0
T00017573,A0000271,2026-07-27,TRANSFER,2464000.0
T00017574,A0001353,2025-02-06,DEPOSIT,3424000.0
T00017575,A0000547,2025-07-23,TRANSFER,4386000.0
T00017576,A0000136,2026-05-05,DEPOSIT,4355000.0
T00017577,A0001322,2025-10-05,DEPOSIT,2089000.0
T00017578,A0001706,2026-04-27,TRANSFER,3255000.0
T00017579,A0001642,2025-03-05,DEPOSIT,912000.0
T00017580,A0001581,2026-05-12,TRANSFER,697000.0
T00017581,A0001775,2025-12-14,TRANSFER,118000.0
T00017582,A0000315,2025-02-09,WITHDRAWAL,1289000.0
T00017583,A0001741,2025-04-23,DEPOSIT,2366000.0
T00017584,A0000458,2025-02-03,WITHDRAWAL,1691000.0
T00017585,A0001226,2026-08-06,WITHDRAWAL,56000.0
T00017586,A0001544,2025-12-24,DEPOSIT,4817000.0
T00017587,A0000713,2025-05-09,TRANSFER,3839000.0
T00017588,A0000269,2025-01-24,TRANSFER,3261000.0
T00017589,A0000007,2026-05-25,DEPOSIT,4537000.0
T00017590,A0001590,2025-11-11,WITHDRAWAL,1329000.0
T00017591,A0000033,2025-08-03,DEPOSIT,1464000.0
T00017592,A0000401,2026-06-06,DEPOSIT,3314000.0
T00017593,A0001754,2025-08-15,WITHDRAWAL,33000.0
T00017594,A0001456,2026-08-11,DEPOSIT,1347000.0
T00017595,A0000378,2025-03-29,WITHDRAWAL,4653000.0
T00017596,A0000860,2026-01-27,TRANSFER,4111000.0
T00017597,A0001398,2025-03-14,WITHDRAWAL,3280000.0
T00017598,A0001752,2025-12-12,TRANSFER,774000.0
T00017599,A0001059,2025-11-17,TRANSFER,3338000.0
T00017600,A0000284,2026-03-03,TRANSFER,2370000.0
T00017601,A0001662,2026-08-01,WITHDRAWAL,2149000.0
T00017602,A0000752,2025-10-09,DEPOSIT,3824000.0
T00017603,A0001752,2026-04-19,DEPOSIT,1021000.0
T00017604,A0000681,2026-08-25,TRANSFER,48000.0
T00017605,A0001410,2025-10-17,TRANSFER,1564000.0
T00017606,A0000871,2026-05-02,WITHDRAWAL,3838000.0
T00017607,A0001213,2025-10-23,DEPOSIT,4049000.0
T00017608,A0000068,2026-05-02,WITHDRAWAL,3643000.0
T00017609,A0001290,2025-04-28,DEPOSIT,4268000.0
T00017610,A0000777,2025-10-16,DEPOSIT,3912000.0
T00017611,A0001181,2026-07-09,WITHDRAWAL,217000.0
T00017612,A0001558,2025-03-03,TRANSFER,3846000.0
T00017613,A0000045,2026-01-17,TRANSFER,4237000.0
T00017614,A0001409,2026-03-27,WITHDRAWAL,2278000.0
T00017615,A0000089,2026-03-20,DEPOSIT,4050000.0
T00017616,A0001190,2026-02-10,WITHDRAWAL,2020000.0
T00017617,A0001588,2025-02-21,WITHDRAWAL,3127000.0
T00017618,A0000567,2026-05-28,TRANSFER,1543000.0
T00017619,A0000305,2025-12-27,TRANSFER,2727000.0
T00017620,A0000293,2025-06-20,TRANSFER,3161000.0
T00017621,A0001573,2026-05-28,TRANSFER,4669000.0
T00017622,A0000349,2025-06-04,DEPOSIT,3748000.0
T00017623,A0001616,2025-08-07,TRANSFER,1029000.0
T00017624,A0001484,2026-04-09,WITHDRAWAL,4519000.0
T00017625,A0001601,2026-07-31,WITHDRAWAL,2469000.0
T00017626,A0000937,2025-02-01,WITHDRAWAL,4459000.0
T00017627,A0000724,2026-04-22,DEPOSIT,3261000.0
T00017628,A0000071,2025-10-07,DEPOSIT,632000.0
T00017629,A0000298,2026-08-02,TRANSFER,4816000.0
T00017630,A0000019,2025-11-11,WITHDRAWAL,3555000.0
T00017631,A0000224,2025-07-09,DEPOSIT,4965000.0
T00017632,A0001343,2026-05-23,TRANSFER,3305000.0
T00017633,A0000774,2025-04-28,TRANSFER,2166000.0
T00017634,A0001618,2025-04-20,DEPOSIT,1113000.0
T00017635,A0000113,2026-03-13,DEPOSIT,2789000.0
T00017636,A0001394,2026-06-09,DEPOSIT,1134000.0
T00017637,A0001449,2026-03-14,TRANSFER,936000.0
T00017638,A0000631,2026-02-02,TRANSFER,4766000.0
T00017639,A0001692,2025-06-23,DEPOSIT,1295000.0
T00017640,A0001753,2025-10-20,TRANSFER,588000.0
T00017641,A0001704,2025-12-04,TRANSFER,397000.0
T00017642,A0001254,2025-11-08,WITHDRAWAL,1093000.0
T00017643,A0000555,2025-12-06,WITHDRAWAL,610000.0
T00017644,A0000818,2025-05-21,WITHDRAWAL,3249000.0
T00017645,A0000325,2025-12-07,TRANSFER,106000.0
T00017646,A0001193,2026-05-30,WITHDRAWAL,4425000.0
T00017647,A0001782,2025-11-20,DEPOSIT,2392000.0
T00017648,A0001020,2025-07-06,DEPOSIT,193000.0
T00017649,A0001484,2025-11-09,DEPOSIT,3444000.0
T00017650,A0000882,2025-08-13,DEPOSIT,35000.0
T00017651,A0000803,2026-05-16,WITHDRAWAL,2258000.0
T00017652,A0000540,2026-03-08,WITHDRAWAL,3939000.0
T00017653,A0000771,2026-06-23,WITHDRAWAL,2904000.0
T00017654,A0000577,2026-07-27,TRANSFER,2183000.0
T00017655,A0001411,2025-05-05,DEPOSIT,2889000.0
T00017656,A0000830,2025-11-07,WITHDRAWAL,2495000.0
T00017657,A0001748,2025-11-20,TRANSFER,4641000.0
T00017658,A0000456,2025-07-27,WITHDRAWAL,4937000.0
T00017659,A0000403,2026-08-17,DEPOSIT,3770000.0
T00017660,A0001564,2025-06-22,WITHDRAWAL,2319000.0
T00017661,A0001131,2025-09-12,WITHDRAWAL,486000.0
T00017662,A0000849,2026-08-27,WITHDRAWAL,1321000.0
T00017663,A0001705,2025-11-03,TRANSFER,2670000.0
T00017664,A0001672,2026-06-22,TRANSFER,2449000.0
T00017665,A0001468,2025-12-17,TRANSFER,591000.0
T00017666,A0000046,2026-03-11,TRANSFER,2324000.0
T00017667,A0001213,2026-04-02,TRANSFER,1863000.0
T00017668,A0001770,2025-04-29,DEPOSIT,3331000.0
T00017669,A0000022,2026-07-23,TRANSFER,3646000.0
T00017670,A0000789,2025-09-06,DEPOSIT,2781000.0
T00017671,A0001362,2026-02-16,TRANSFER,439000.0
T00017672,A0001180,2025-01-11,DEPOSIT,1786000.0
T00017673,A0000740,2025-03-12,TRANSFER,301000.0
T00017674,A0001087,2025-02-21,TRANSFER,2813000.0
T00017675,A0000885,2025-12-09,DEPOSIT,1608000.0
T00017676,A0001302,2025-02-03,WITHDRAWAL,3507000.0
T00017677,A0000893,2026-02-09,DEPOSIT,2027000.0
T00017678,A0000559,2025-08-09,TRANSFER,2360000.0
T00017679,A0000021,2025-06-25,TRANSFER,901000.0
T00017680,A0000379,2026-01-16,DEPOSIT,4777000.0
T00017681,A0001390,2026-04-26,TRANSFER,3780000.0
T00017682,A0000405,2025-01-12,DEPOSIT,3593000.0
T00017683,A0000716,2025-07-19,DEPOSIT,3493000.0
T00017684,A0000062,2025-04-02,TRANSFER,2545000.0
T00017685,A0001621,2025-09-09,DEPOSIT,3330000.0
T00017686,A0001083,2025-12-22,WITHDRAWAL,3257000.0
T00017687,A0000087,2025-05-03,TRANSFER,2274000.0
T00017688,A0000812,2025-07-26,TRANSFER,4767000.0
T00017689,A0001687,2025-02-25,TRANSFER,1164000.0
T00017690,A0000846,2025-11-18,DEPOSIT,1286000.0
T00017691,A0000752,2025-01-14,WITHDRAWAL,709000.0
T00017692,A0000852,2026-02-26,WITHDRAWAL,1092000.0
T00017693,A0001526,2026-01-19,TRANSFER,1415000.0
T00017694,A0000927,2026-05-18,WITHDRAWAL,4334000.0
T00017695,A0001036,2025-10-30,DEPOSIT,3200000.0
T00017696,A0000528,2026-08-20,DEPOSIT,1122000.0
T00017697,A0000934,2025-02-02,TRANSFER,1059000.0
T00017698,A0000158,2025-11-06,WITHDRAWAL,3535000.0
T00017699,A0001449,2025-01-25,DEPOSIT,519000.0
T00017700,A0000484,2026-03-10,TRANSFER,1310000.0
T00017701,A0001012,2026-03-23,WITHDRAWAL,4866000.0
T00017702,A0001192,2025-12-28,TRANSFER,2692000.0
T00017703,A0001415,2025-04-11,TRANSFER,1533000.0
T00017704,A0001122,2025-09-01,TRANSFER,2427000.0
T00017705,A0000657,2025-11-11,WITHDRAWAL,1861000.0
T00017706,A0000359,2025-03-14,WITHDRAWAL,756000.0
T00017707,A0001023,2025-09-02,DEPOSIT,2294000.0
T00017708,A0001258,2025-12-22,TRANSFER,3058000.0
T00017709,A0001291,2025-03-26,WITHDRAWAL,1412000.0
T00017710,A0001432,2026-05-30,WITHDRAWAL,905000.0
T00017711,A0001405,2026-06-07,TRANSFER,1082000.0
T00017712,A0001570,2025-02-11,WITHDRAWAL,3413000.0
T00017713,A0000836,2025-11-04,DEPOSIT,189000.0
T00017714,A0001436,2025-09-05,DEPOSIT,1878000.0
T00017715,A0001141,2025-08-29,DEPOSIT,4289000.0
T00017716,A0000923,2025-02-06,WITHDRAWAL,4753000.0
T00017717,A0001003,2025-04-07,TRANSFER,4587000.0
T00017718,A0000964,2025-07-17,TRANSFER,3920000.0
T00017719,A0000799,2025-03-26,TRANSFER,275000.0
T00017720,A0001124,2025-01-31,TRANSFER,2903000.0
T00017721,A0000018,2026-05-21,DEPOSIT,3705000.0
T00017722,A0000754,2025-11-22,WITHDRAWAL,4825000.0
T00017723,A0001024,2025-08-21,TRANSFER,1146000.0
T00017724,A0000058,2025-02-03,WITHDRAWAL,3330000.0
T00017725,A0000465,2025-09-19,DEPOSIT,4789000.0
T00017726,A0000256,2025-12-20,WITHDRAWAL,633000.0
T00017727,A0000356,2026-03-26,TRANSFER,681000.0
T00017728,A0000879,2026-08-05,DEPOSIT,535000.0
T00017729,A0001525,2026-03-07,TRANSFER,2816000.0
T00017730,A0000086,2025-08-14,TRANSFER,2159000.0
T00017731,A0000561,2025-09-08,TRANSFER,4210000.0
T00017732,A0001778,2026-02-11,TRANSFER,2153000.0
T00017733,A0000294,2025-12-01,DEPOSIT,3266000.0
T00017734,A0000034,2025-11-07,WITHDRAWAL,3183000.0
T00017735,A0000980,2025-07-11,WITHDRAWAL,4029000.0
T00017736,A0001774,2025-01-29,TRANSFER,3504000.0
T00017737,A0000536,2026-08-13,DEPOSIT,95000.0
T00017738,A0001242,2025-06-26,TRANSFER,2233000.0
T00017739,A0001295,2025-11-25,WITHDRAWAL,348000.0
T00017740,A0000824,2025-03-12,WITHDRAWAL,1595000.0
T00017741,A0001335,2025-06-26,TRANSFER,696000.0
T00017742,A0000385,2025-07-14,DEPOSIT,1907000.0
T00017743,A0001601,2025-01-12,WITHDRAWAL,2742000.0
T00017744,A0001195,2025-05-08,TRANSFER,2933000.0
T00017745,A0001240,2026-08-17,DEPOSIT,1483000.0
T00017746,A0000778,2025-12-13,TRANSFER,4143000.0
T00017747,A0000296,2026-01-24,WITHDRAWAL,231000.0
T00017748,A0001598,2025-06-11,TRANSFER,793000.0
T00017749,A0001004,2026-07-07,DEPOSIT,1098000.0
T00017750,A0000595,2025-02-19,TRANSFER,460000.0
T00017751,A0000938,2025-02-22,TRANSFER,1297000.0
T00017752,A0001045,2026-07-24,WITHDRAWAL,1923000.0
T00017753,A0000798,2026-01-20,TRANSFER,3333000.0
T00017754,A0000224,2025-05-05,TRANSFER,3807000.0
T00017755,A0000973,2025-03-15,TRANSFER,721000.0
T00017756,A0000179,2025-08-17,WITHDRAWAL,3512000.0
T00017757,A0000287,2026-06-18,WITHDRAWAL,1233000.0
T00017758,A0000186,2026-01-20,DEPOSIT,2358000.0
T00017759,A0000528,2025-12-02,TRANSFER,172000.0
T00017760,A0000668,2025-03-05,TRANSFER,1716000.0
T00017761,A0001264,2025-10-22,WITHDRAWAL,3407000.0
T00017762,A0000688,2025-02-23,WITHDRAWAL,2229000.0
T00017763,A0000301,2026-03-25,WITHDRAWAL,4299000.0
T00017764,A0001435,2026-04-01,DEPOSIT,1959000.0
T00017765,A0001461,2026-08-23,WITHDRAWAL,4330000.0
T00017766,A0000096,2025-06-08,TRANSFER,3861000.0
T00017767,A0001709,2026-05-09,TRANSFER,3298000.0
T00017768,A0001163,2026-01-12,WITHDRAWAL,3302000.0
T00017769,A0001089,2026-04-13,WITHDRAWAL,2341000.0
T00017770,A0000951,2025-10-11,WITHDRAWAL,955000.0
T00017771,A0001037,2026-05-15,WITHDRAWAL,3114000.0
T00017772,A0001742,2025-05-28,DEPOSIT,2431000.0
T00017773,A0001318,2025-10-08,DEPOSIT,1727000.0
T00017774,A0000832,2025-10-14,DEPOSIT,90000.0
T00017775,A0000303,2026-06-02,TRANSFER,1470000.0
T00017776,A0000229,2025-05-19,TRANSFER,2563000.0
T00017777,A0001466,2026-06-21,TRANSFER,2985000.0
T00017778,A0001518,2026-02-10,WITHDRAWAL,2034000.0
T00017779,A0000680,2025-12-02,TRANSFER,4427000.0
T00017780,A0000415,2025-10-10,DEPOSIT,4499000.0
T00017781,A0001255,2026-04-30,TRANSFER,2015000.0
T00017782,A0000155,2026-04-24,DEPOSIT,3512000.0
T00017783,A0000129,2026-05-18,WITHDRAWAL,2137000.0
T00017784,A0000870,2026-01-11,TRANSFER,96000.0
T00017785,A0001557,2025-11-16,TRANSFER,194000.0
T00017786,A0001492,2025-09-07,TRANSFER,1583000.0
T00017787,A0001114,2026-01-24,DEPOSIT,2013000.0
T00017788,A0001715,2026-05-12,WITHDRAWAL,1387000.0
T00017789,A0001259,2026-01-07,DEPOSIT,4510000.0
T00017790,A0000191,2026-06-08,DEPOSIT,295000.0
T00017791,A0000885,2025-06-11,TRANSFER,515000.0
T00017792,A0001425,2026-03-12,WITHDRAWAL,2317000.0
T00017793,A0000112,2026-07-09,WITHDRAWAL,1519000.0
T00017794,A0000442,2025-05-03,WITHDRAWAL,2216000.0
T00017795,A0000761,2025-09-05,TRANSFER,357000.0
T00017796,A0000618,2026-08-01,TRANSFER,3530000.0
T00017797,A0001213,2026-04-05,WITHDRAWAL,1229000.0
T00017798,A0000623,2025-01-22,WITHDRAWAL,4405000.0
T00017799,A0001123,2025-07-11,WITHDRAWAL,3493000.0
T00017800,A0001456,2025-06-08,WITHDRAWAL,2098000.0
T00017801,A0001707,2025-11-17,DEPOSIT,4919000.0
T00017802,A0001167,2026-01-10,WITHDRAWAL,2264000.0
T00017803,A0000195,2026-07-26,DEPOSIT,2085000.0
T00017804,A0001506,2026-06-26,WITHDRAWAL,4089000.0
T00017805,A0001747,2025-04-14,WITHDRAWAL,3966000.0
T00017806,A0000757,2025-11-16,WITHDRAWAL,3278000.0
T00017807,A0000898,2025-01-05,DEPOSIT,2046000.0
T00017808,A0000804,2025-03-07,WITHDRAWAL,750000.0
T00017809,A0000249,2025-05-08,WITHDRAWAL,1210000.0
T00017810,A0001781,2026-03-04,DEPOSIT,3635000.0
T00017811,A0001361,2025-12-14,TRANSFER,4599000.0
T00017812,A0000953,2025-07-14,TRANSFER,4670000.0
T00017813,A0000951,2025-04-02,TRANSFER,3804000.0
T00017814,A0000612,2025-05-13,DEPOSIT,3087000.0
T00017815,A0000769,2026-05-27,WITHDRAWAL,4675000.0
T00017816,A0000888,2025-04-05,WITHDRAWAL,4431000.0
T00017817,A0000898,2025-08-11,DEPOSIT,2532000.0
T00017818,A0001205,2025-05-26,DEPOSIT,661000.0
T00017819,A0000185,2025-06-29,TRANSFER,3288000.0
T00017820,A0000590,2026-04-21,TRANSFER,4310000.0
T00017821,A0001493,2026-02-04,WITHDRAWAL,2523000.0
T00017822,A0001011,2026-02-04,DEPOSIT,1755000.0
T00017823,A0000079,2025-02-16,DEPOSIT,2528000.0
T00017824,A0000309,2025-02-28,TRANSFER,1527000.0
T00017825,A0000889,2026-02-11,WITHDRAWAL,512000.0
T00017826,A0000075,2025-04-28,DEPOSIT,3432000.0
T00017827,A0001150,2026-06-14,TRANSFER,1740000.0
T00017828,A0001331,2026-08-03,DEPOSIT,1356000.0
T00017829,A0000333,2025-03-05,WITHDRAWAL,4420000.0
T00017830,A0000994,2026-01-31,TRANSFER,3172000.0
T00017831,A0000184,2025-01-03,WITHDRAWAL,1085000.0
T00017832,A0001290,2025-01-23,TRANSFER,509000.0
T00017833,A0001553,2025-04-08,DEPOSIT,3898000.0
T00017834,A0000411,2025-01-09,DEPOSIT,4756000.0
T00017835,A0000134,2025-10-01,DEPOSIT,2281000.0
T00017836,A0000103,2026-03-13,WITHDRAWAL,2676000.0
T00017837,A0000941,2025-02-01,DEPOSIT,1046000.0
T00017838,A0000339,2025-12-16,WITHDRAWAL,2920000.0
T00017839,A0000655,2026-01-19,DEPOSIT,2901000.0
T00017840,A0001794,2025-05-05,TRANSFER,4470000.0
T00017841,A0000104,2026-05-22,WITHDRAWAL,519000.0
T00017842,A0001087,2026-07-17,DEPOSIT,2733000.0
T00017843,A0000147,2025-08-21,WITHDRAWAL,2131000.0
T00017844,A0000226,2025-12-21,DEPOSIT,1183000.0
T00017845,A0000467,2026-06-03,TRANSFER,3699000.0
T00017846,A0001637,2025-11-23,WITHDRAWAL,3133000.0
T00017847,A0000535,2026-02-11,WITHDRAWAL,3486000.0
T00017848,A0000019,2025-10-03,WITHDRAWAL,3894000.0
T00017849,A0000305,2026-07-30,WITHDRAWAL,4545000.0
T00017850,A0000812,2025-08-09,DEPOSIT,4644000.0
T00017851,A0000925,2025-01-25,DEPOSIT,3327000.0
T00017852,A0001196,2026-07-07,WITHDRAWAL,4003000.0
T00017853,A0000672,2025-03-18,WITHDRAWAL,1757000.0
T00017854,A0001116,2025-01-31,WITHDRAWAL,3376000.0
T00017855,A0000876,2026-05-08,WITHDRAWAL,1160000.0
T00017856,A0001693,2026-04-22,DEPOSIT,2322000.0
T00017857,A0000896,2025-06-12,DEPOSIT,2505000.0
T00017858,A0000204,2025-09-18,TRANSFER,1194000.0
T00017859,A0000148,2025-07-24,WITHDRAWAL,246000.0
T00017860,A0000206,2025-03-06,WITHDRAWAL,4502000.0
T00017861,A0000490,2025-01-01,DEPOSIT,4341000.0
T00017862,A0000667,2025-06-29,WITHDRAWAL,541000.0
T00017863,A0000398,2025-12-02,TRANSFER,2518000.0
T00017864,A0000530,2026-02-14,TRANSFER,4427000.0
T00017865,A0001689,2026-05-25,TRANSFER,4542000.0
T00017866,A0000746,2026-05-06,TRANSFER,1694000.0
T00017867,A0001164,2026-07-08,TRANSFER,2267000.0
T00017868,A0001244,2026-06-24,TRANSFER,714000.0
T00017869,A0000129,2025-05-18,DEPOSIT,4127000.0
T00017870,A0000352,2025-01-03,WITHDRAWAL,1027000.0
T00017871,A0001298,2025-06-19,DEPOSIT,3501000.0
T00017872,A0000893,2025-04-15,TRANSFER,946000.0
T00017873,A0000040,2025-03-26,TRANSFER,4512000.0
T00017874,A0000507,2025-04-15,WITHDRAWAL,2471000.0
T00017875,A0001236,2025-05-22,WITHDRAWAL,1166000.0
T00017876,A0001677,2025-10-14,WITHDRAWAL,4072000.0
T00017877,A0001594,2025-05-31,DEPOSIT,4988000.0
T00017878,A0000493,2025-03-04,TRANSFER,787000.0
T00017879,A0001616,2026-04-17,WITHDRAWAL,1431000.0
T00017880,A0001320,2026-01-01,DEPOSIT,1368000.0
T00017881,A0000923,2025-01-30,DEPOSIT,3103000.0
T00017882,A0001690,2026-01-31,WITHDRAWAL,917000.0
T00017883,A0001054,2026-03-15,TRANSFER,3563000.0
T00017884,A0000268,2026-06-07,TRANSFER,186000.0
T00017885,A0000815,2025-05-02,DEPOSIT,1465000.0
T00017886,A0000446,2026-02-26,WITHDRAWAL,2119000.0
T00017887,A0000067,2026-04-08,DEPOSIT,4327000.0
T00017888,A0000198,2025-10-13,TRANSFER,3643000.0
T00017889,A0000539,2025-04-27,DEPOSIT,1620000.0
T00017890,A0001691,2025-10-31,TRANSFER,2260000.0
T00017891,A0001066,2026-04-05,TRANSFER,499000.0
T00017892,A0000759,2026-02-28,DEPOSIT,641000.0
T00017893,A0001199,2026-03-07,DEPOSIT,4015000.0
T00017894,A0001374,2025-08-11,WITHDRAWAL,252000.0
T00017895,A0000298,2025-03-26,TRANSFER,4925000.0
T00017896,A0000114,2025-01-02,WITHDRAWAL,4715000.0
T00017897,A0000692,2026-05-29,TRANSFER,302000.0
T00017898,A0001692,2025-08-16,TRANSFER,4521000.0
T00017899,A0001366,2026-01-16,TRANSFER,832000.0
T00017900,A0001511,2025-12-27,TRANSFER,4137000.0
T00017901,A0001492,2025-03-15,DEPOSIT,4627000.0
T00017902,A0001286,2025-10-01,WITHDRAWAL,2662000.0
T00017903,A0001530,2025-05-03,TRANSFER,3952000.0
T00017904,A0001074,2025-09-22,DEPOSIT,3541000.0
T00017905,A0001615,2025-02-13,DEPOSIT,2385000.0
T00017906,A0000456,2025-09-20,WITHDRAWAL,3619000.0
T00017907,A0001428,2026-07-25,TRANSFER,724000.0
T00017908,A0001568,2025-12-16,TRANSFER,730000.0
T00017909,A0000923,2026-07-12,DEPOSIT,209000.0
T00017910,A0000507,2026-06-02,TRANSFER,947000.0
T00017911,A0000567,2025-10-29,DEPOSIT,966000.0
T00017912,A0001542,2025-04-16,DEPOSIT,2049000.0
T00017913,A0000046,2025-02-01,DEPOSIT,4317000.0
T00017914,A0001622,2025-10-20,TRANSFER,4958000.0
T00017915,A0001014,2025-02-05,WITHDRAWAL,4734000.0
T00017916,A0000134,2026-08-10,DEPOSIT,3068000.0
T00017917,A0000341,2025-03-20,TRANSFER,3165000.0
T00017918,A0000047,2025-07-12,DEPOSIT,1802000.0
T00017919,A0001057,2025-09-19,TRANSFER,1979000.0
T00017920,A0000932,2025-07-23,WITHDRAWAL,3678000.0
T00017921,A0001070,2025-09-22,DEPOSIT,1369000.0
T00017922,A0000366,2026-02-15,DEPOSIT,2276000.0
T00017923,A0000996,2026-04-24,WITHDRAWAL,939000.0
T00017924,A0000341,2025-06-03,TRANSFER,4916000.0
T00017925,A0000330,2025-07-08,TRANSFER,861000.0
T00017926,A0000309,2026-06-11,TRANSFER,4337000.0
T00017927,A0000179,2026-03-17,TRANSFER,4488000.0
T00017928,A0001060,2026-06-27,TRANSFER,3543000.0
T00017929,A0000663,2025-06-12,WITHDRAWAL,3013000.0
T00017930,A0000221,2025-09-19,TRANSFER,1584000.0
T00017931,A0001562,2026-08-06,TRANSFER,4591000.0
T00017932,A0001334,2025-07-10,WITHDRAWAL,4143000.0
T00017933,A0000236,2026-04-17,TRANSFER,1054000.0
T00017934,A0001103,2026-05-03,DEPOSIT,905000.0
T00017935,A0001298,2026-03-08,WITHDRAWAL,75000.0
T00017936,A0001662,2025-11-15,DEPOSIT,527000.0
T00017937,A0000588,2025-04-01,TRANSFER,104000.0
T00017938,A0000268,2025-04-24,DEPOSIT,109000.0
T00017939,A0000796,2026-04-06,TRANSFER,1365000.0
T00017940,A0001111,2026-02-17,WITHDRAWAL,2086000.0
T00017941,A0000308,2026-07-05,TRANSFER,79000.0
T00017942,A0001115,2025-04-12,WITHDRAWAL,2675000.0
T00017943,A0000346,2026-04-24,TRANSFER,4187000.0
T00017944,A0000109,2026-06-09,TRANSFER,195000.0
T00017945,A0000194,2025-02-12,TRANSFER,1206000.0
T00017946,A0001085,2026-06-16,DEPOSIT,4054000.0
T00017947,A0001436,2025-06-02,DEPOSIT,1333000.0
T00017948,A0001029,2025-04-03,DEPOSIT,4598000.0
T00017949,A0001099,2025-04-18,DEPOSIT,4865000.0
T00017950,A0000452,2025-09-04,DEPOSIT,4739000.0
T00017951,A0001032,2026-04-24,WITHDRAWAL,4029000.0
T00017952,A0001607,2026-06-21,WITHDRAWAL,2970000.0
T00017953,A0001583,2026-08-17,DEPOSIT,792000.0
T00017954,A0000897,2026-07-22,DEPOSIT,2673000.0
T00017955,A0000772,2026-02-08,DEPOSIT,3947000.0
T00017956,A0001088,2025-08-20,WITHDRAWAL,4225000.0
T00017957,A0000388,2025-08-11,TRANSFER,2005000.0
T00017958,A0000787,2025-04-14,DEPOSIT,3279000.0
T00017959,A0000286,2025-11-21,TRANSFER,1084000.0
T00017960,A0000500,2025-12-23,DEPOSIT,288000.0
T00017961,A0001430,2026-06-28,WITHDRAWAL,4382000.0
T00017962,A0000910,2025-04-04,DEPOSIT,4522000.0
T00017963,A0000256,2025-03-18,DEPOSIT,2841000.0
T00017964,A0000261,2026-04-29,WITHDRAWAL,3199000.0
T00017965,A0001771,2026-08-11,DEPOSIT,4804000.0
T00017966,A0000629,2025-03-27,TRANSFER,4311000.0
T00017967,A0001731,2025-06-17,DEPOSIT,4152000.0
T00017968,A0001300,2026-05-19,DEPOSIT,943000.0
T00017969,A0000383,2025-11-27,DEPOSIT,1925000.0
T00017970,A0001509,2026-02-21,DEPOSIT,4490000.0
T00017971,A0000755,2026-08-28,TRANSFER,2972000.0
T00017972,A0000747,2026-02-20,TRANSFER,3534000.0
T00017973,A0000285,2026-04-11,DEPOSIT,4710000.0
T00017974,A0000664,2025-05-21,WITHDRAWAL,852000.0
T00017975,A0000920,2025-11-11,WITHDRAWAL,2896000.0
T00017976,A0000985,2025-03-27,TRANSFER,1024000.0
T00017977,A0001291,2026-06-11,DEPOSIT,3499000.0
T00017978,A0000671,2025-02-28,TRANSFER,4901000.0
T00017979,A0001459,2025-10-19,TRANSFER,3737000.0
T00017980,A0000605,2026-03-08,TRANSFER,2981000.0
T00017981,A0001360,2025-09-10,TRANSFER,3076000.0
T00017982,A0000872,2026-02-17,DEPOSIT,4825000.0
T00017983,A0001039,2026-03-26,TRANSFER,2065000.0
T00017984,A0001560,2026-07-11,DEPOSIT,102000.0
T00017985,A0001191,2025-04-05,DEPOSIT,2635000.0
T00017986,A0001355,2025-11-05,TRANSFER,4872000.0
T00017987,A0001489,2025-01-23,DEPOSIT,3127000.0
T00017988,A0001323,2026-02-09,WITHDRAWAL,2550000.0
T00017989,A0000730,2026-03-21,TRANSFER,36000.0
T00017990,A0001510,2026-04-22,TRANSFER,64000.0
T00017991,A0001381,2025-08-02,TRANSFER,3791000.0
T00017992,A0000391,2025-03-31,DEPOSIT,1702000.0
T00017993,A0000382,2025-05-19,DEPOSIT,1975000.0
T00017994,A0001445,2025-08-31,TRANSFER,3225000.0
T00017995,A0000868,2025-07-14,WITHDRAWAL,583000.0
T00017996,A0000748,2025-04-09,TRANSFER,4262000.0
T00017997,A0001268,2025-06-18,WITHDRAWAL,1266000.0
T00017998,A0000912,2026-02-02,WITHDRAWAL,508000.0
T00017999,A0000335,2025-03-24,DEPOSIT,3397000.0
T00018000,A0001667,2025-05-16,TRANSFER,3091000.0
T00018001,A0000517,2025-04-17,TRANSFER,3176000.0
T00018002,A0000284,2026-05-30,DEPOSIT,3563000.0
T00018003,A0001626,2025-09-18,TRANSFER,1971000.0
T00018004,A0000360,2025-07-12,WITHDRAWAL,1744000.0
T00018005,A0001502,2025-12-31,WITHDRAWAL,674000.0
T00018006,A0000850,2025-01-05,TRANSFER,1389000.0
T00018007,A0001022,2025-11-01,DEPOSIT,3689000.0
T00018008,A0000384,2026-08-24,WITHDRAWAL,2477000.0
T00018009,A0000401,2025-06-24,DEPOSIT,3633000.0
T00018010,A0000645,2025-08-25,WITHDRAWAL,4309000.0
T00018011,A0000503,2025-07-20,WITHDRAWAL,4250000.0
T00018012,A0001746,2025-06-06,WITHDRAWAL,2049000.0
T00018013,A0000102,2026-01-02,WITHDRAWAL,4986000.0
T00018014,A0000003,2025-12-21,DEPOSIT,4367000.0
T00018015,A0001355,2025-12-30,WITHDRAWAL,1143000.0
T00018016,A0001081,2025-11-15,TRANSFER,970000.0
T00018017,A0000458,2026-02-27,TRANSFER,290000.0
T00018018,A0000350,2025-05-15,DEPOSIT,3791000.0
T00018019,A0001624,2025-01-24,TRANSFER,866000.0
T00018020,A0001609,2025-04-05,TRANSFER,3621000.0
T00018021,A0000753,2025-04-19,WITHDRAWAL,3743000.0
T00018022,A0000109,2025-10-26,DEPOSIT,4990000.0
T00018023,A0000061,2026-03-12,WITHDRAWAL,776000.0
T00018024,A0000847,2026-05-26,TRANSFER,1451000.0
T00018025,A0001201,2026-02-13,DEPOSIT,3791000.0
T00018026,A0000755,2025-08-19,DEPOSIT,4879000.0
T00018027,A0000015,2025-08-01,DEPOSIT,3688000.0
T00018028,A0001632,2026-07-28,DEPOSIT,2605000.0
T00018029,A0000279,2025-12-26,TRANSFER,1361000.0
T00018030,A0001279,2025-08-04,DEPOSIT,2524000.0
T00018031,A0001530,2026-03-31,DEPOSIT,135000.0
T00018032,A0001535,2025-08-27,DEPOSIT,559000.0
T00018033,A0000621,2026-01-11,TRANSFER,4967000.0
T00018034,A0000632,2026-02-17,TRANSFER,2246000.0
T00018035,A0000236,2026-05-25,WITHDRAWAL,4494000.0
T00018036,A0000060,2025-03-02,WITHDRAWAL,2416000.0
T00018037,A0001047,2025-09-06,DEPOSIT,1588000.0
T00018038,A0000156,2025-06-25,DEPOSIT,81000.0
T00018039,A0000424,2025-10-07,TRANSFER,4842000.0
T00018040,A0001781,2025-06-01,WITHDRAWAL,4393000.0
T00018041,A0000241,2025-04-04,DEPOSIT,3155000.0
T00018042,A0000141,2025-02-24,TRANSFER,1795000.0
T00018043,A0001198,2026-08-17,DEPOSIT,4857000.0
T00018044,A0000059,2025-05-01,WITHDRAWAL,1632000.0
T00018045,A0000612,2025-11-06,WITHDRAWAL,3737000.0
T00018046,A0001395,2025-12-06,DEPOSIT,3584000.0
T00018047,A0000255,2025-08-14,WITHDRAWAL,3174000.0
T00018048,A0000987,2026-07-19,DEPOSIT,2275000.0
T00018049,A0001091,2025-11-23,DEPOSIT,3751000.0
T00018050,A0000151,2025-05-18,WITHDRAWAL,3317000.0
T00018051,A0001347,2025-08-17,WITHDRAWAL,3301000.0
T00018052,A0001369,2026-01-30,TRANSFER,300000.0
T00018053,A0001675,2025-11-18,DEPOSIT,682000.0
T00018054,A0000038,2025-10-19,DEPOSIT,2883000.0
T00018055,A0001701,2026-06-13,TRANSFER,1211000.0
T00018056,A0001780,2025-04-18,DEPOSIT,3036000.0
T00018057,A0000712,2025-08-29,WITHDRAWAL,4414000.0
T00018058,A0000124,2025-06-09,WITHDRAWAL,4059000.0
T00018059,A0000376,2026-04-27,TRANSFER,16000.0
T00018060,A0000623,2025-09-21,WITHDRAWAL,882000.0
T00018061,A0000926,2026-05-04,WITHDRAWAL,1035000.0
T00018062,A0000948,2025-03-09,DEPOSIT,331000.0
T00018063,A0000280,2025-01-29,DEPOSIT,2541000.0
T00018064,A0000255,2025-07-01,TRANSFER,4399000.0
T00018065,A0000031,2025-05-23,WITHDRAWAL,4658000.0
T00018066,A0001256,2025-12-18,WITHDRAWAL,3839000.0
T00018067,A0000845,2026-02-19,DEPOSIT,3351000.0
T00018068,A0000447,2026-03-09,TRANSFER,1088000.0
T00018069,A0001285,2025-05-09,TRANSFER,4718000.0
T00018070,A0000468,2026-03-31,TRANSFER,779000.0
T00018071,A0000896,2025-05-16,DEPOSIT,1561000.0
T00018072,A0001021,2025-05-25,DEPOSIT,3460000.0
T00018073,A0000736,2025-10-11,WITHDRAWAL,2023000.0
T00018074,A0000874,2025-08-19,TRANSFER,2254000.0
T00018075,A0000443,2025-01-18,DEPOSIT,2289000.0
T00018076,A0000122,2025-03-14,WITHDRAWAL,186000.0
T00018077,A0000947,2025-07-28,DEPOSIT,3478000.0
T00018078,A0001274,2026-08-20,TRANSFER,3365000.0
T00018079,A0000719,2025-12-21,TRANSFER,3387000.0
T00018080,A0000740,2026-05-25,TRANSFER,373000.0
T00018081,A0001678,2026-01-31,DEPOSIT,3777000.0
T00018082,A0001078,2025-03-31,DEPOSIT,387000.0
T00018083,A0000306,2025-10-23,WITHDRAWAL,4991000.0
T00018084,A0000365,2025-08-16,DEPOSIT,2888000.0
T00018085,A0001777,2026-02-15,TRANSFER,3616000.0
T00018086,A0000658,2025-03-24,TRANSFER,4166000.0
T00018087,A0001352,2025-03-24,DEPOSIT,4410000.0
T00018088,A0001649,2025-01-20,DEPOSIT,1840000.0
T00018089,A0000494,2025-05-06,TRANSFER,1952000.0
T00018090,A0000628,2025-08-10,DEPOSIT,4753000.0
T00018091,A0001475,2026-06-25,WITHDRAWAL,549000.0
T00018092,A0000215,2025-08-24,WITHDRAWAL,1520000.0
T00018093,A0001286,2026-04-27,TRANSFER,268000.0
T00018094,A0000465,2025-11-30,WITHDRAWAL,901000.0
T00018095,A0000877,2026-01-04,TRANSFER,2333000.0
T00018096,A0001339,2025-10-26,TRANSFER,3875000.0
T00018097,A0000227,2025-01-17,WITHDRAWAL,2429000.0
T00018098,A0000192,2026-02-09,TRANSFER,3983000.0
T00018099,A0000032,2025-02-06,WITHDRAWAL,3089000.0
T00018100,A0000360,2026-04-20,TRANSFER,4455000.0
T00018101,A0001680,2026-01-26,TRANSFER,2110000.0
T00018102,A0001313,2026-02-17,WITHDRAWAL,1438000.0
T00018103,A0001530,2025-07-31,DEPOSIT,1199000.0
T00018104,A0001164,2025-12-05,DEPOSIT,1677000.0
T00018105,A0001152,2025-02-21,DEPOSIT,2090000.0
T00018106,A0001654,2025-01-04,WITHDRAWAL,3600000.0
T00018107,A0000043,2025-05-09,WITHDRAWAL,2831000.0
T00018108,A0001733,2026-01-06,WITHDRAWAL,2589000.0
T00018109,A0000531,2025-05-16,TRANSFER,3869000.0
T00018110,A0000465,2025-10-27,WITHDRAWAL,4712000.0
T00018111,A0000107,2025-08-24,TRANSFER,3610000.0
T00018112,A0000689,2025-08-29,WITHDRAWAL,1681000.0
T00018113,A0000966,2026-06-02,DEPOSIT,1591000.0
T00018114,A0000725,2025-05-25,DEPOSIT,3502000.0
T00018115,A0001342,2026-04-12,TRANSFER,1849000.0
T00018116,A0001491,2025-10-25,TRANSFER,4597000.0
T00018117,A0000557,2025-04-23,TRANSFER,3454000.0
T00018118,A0000444,2025-05-20,DEPOSIT,4700000.0
T00018119,A0000231,2025-04-26,WITHDRAWAL,3152000.0
T00018120,A0000956,2025-10-11,DEPOSIT,873000.0
T00018121,A0000864,2026-01-01,WITHDRAWAL,4167000.0
T00018122,A0000124,2025-09-17,TRANSFER,4322000.0
T00018123,A0000740,2025-05-23,TRANSFER,997000.0
T00018124,A0001775,2025-09-19,DEPOSIT,484000.0
T00018125,A0001135,2025-08-01,TRANSFER,3010000.0
T00018126,A0001294,2025-02-25,TRANSFER,347000.0
T00018127,A0000123,2025-06-03,TRANSFER,793000.0
T00018128,A0001038,2026-06-27,TRANSFER,4266000.0
T00018129,A0001025,2026-05-26,WITHDRAWAL,3019000.0
T00018130,A0001237,2025-12-20,WITHDRAWAL,2286000.0
T00018131,A0001581,2026-03-05,DEPOSIT,2173000.0
T00018132,A0001742,2026-02-20,DEPOSIT,3900000.0
T00018133,A0000348,2026-01-11,TRANSFER,2853000.0
T00018134,A0001512,2025-04-18,TRANSFER,3054000.0
T00018135,A0001399,2026-01-07,WITHDRAWAL,744000.0
T00018136,A0001754,2025-05-11,DEPOSIT,3510000.0
T00018137,A0001525,2026-06-07,DEPOSIT,1449000.0
T00018138,A0000186,2026-02-18,DEPOSIT,1969000.0
T00018139,A0000812,2026-01-26,DEPOSIT,939000.0
T00018140,A0000098,2026-08-07,DEPOSIT,4213000.0
T00018141,A0000680,2026-01-11,TRANSFER,1665000.0
T00018142,A0001582,2025-12-27,DEPOSIT,1993000.0
T00018143,A0001516,2025-07-04,DEPOSIT,4136000.0
T00018144,A0001593,2025-01-22,WITHDRAWAL,2647000.0
T00018145,A0001772,2025-03-01,DEPOSIT,1806000.0
T00018146,A0000316,2025-04-05,DEPOSIT,3164000.0
T00018147,A0000270,2025-09-11,WITHDRAWAL,1246000.0
T00018148,A0000361,2026-05-16,WITHDRAWAL,2816000.0
T00018149,A0000559,2025-11-22,WITHDRAWAL,1984000.0
T00018150,A0000290,2026-03-04,WITHDRAWAL,2434000.0
T00018151,A0000691,2026-06-15,TRANSFER,1734000.0
T00018152,A0000601,2026-04-26,WITHDRAWAL,2456000.0
T00018153,A0000949,2026-08-27,WITHDRAWAL,1128000.0
T00018154,A0001500,2025-02-07,TRANSFER,1514000.0
T00018155,A0000161,2025-11-04,TRANSFER,1054000.0
T00018156,A0000866,2025-04-06,TRANSFER,791000.0
T00018157,A0001441,2025-06-19,WITHDRAWAL,4861000.0
T00018158,A0001538,2025-09-10,WITHDRAWAL,4324000.0
T00018159,A0000461,2026-07-26,WITHDRAWAL,1568000.0
T00018160,A0000396,2026-05-31,TRANSFER,322000.0
T00018161,A0001433,2025-03-16,WITHDRAWAL,4887000.0
T00018162,A0000820,2025-10-28,WITHDRAWAL,3010000.0
T00018163,A0000813,2026-02-15,DEPOSIT,1533000.0
T00018164,A0001435,2026-04-10,TRANSFER,2807000.0
T00018165,A0001661,2026-05-02,WITHDRAWAL,738000.0
T00018166,A0001654,2025-10-05,DEPOSIT,351000.0
T00018167,A0000967,2025-12-19,TRANSFER,1574000.0
T00018168,A0001707,2025-08-01,WITHDRAWAL,3600000.0
T00018169,A0001081,2026-07-03,TRANSFER,4388000.0
T00018170,A0001614,2026-01-29,TRANSFER,4118000.0
T00018171,A0001463,2025-02-04,TRANSFER,422000.0
T00018172,A0001106,2025-03-22,DEPOSIT,988000.0
T00018173,A0001644,2025-09-10,WITHDRAWAL,4925000.0
T00018174,A0000835,2025-02-22,WITHDRAWAL,4805000.0
T00018175,A0000389,2026-05-26,WITHDRAWAL,4491000.0
T00018176,A0000285,2025-09-26,DEPOSIT,3263000.0
T00018177,A0001105,2026-01-05,TRANSFER,2323000.0
T00018178,A0001506,2025-08-26,TRANSFER,4886000.0
T00018179,A0001745,2026-05-03,WITHDRAWAL,4169000.0
T00018180,A0001243,2025-01-02,TRANSFER,4709000.0
T00018181,A0001374,2026-03-13,TRANSFER,1941000.0
T00018182,A0000663,2026-07-07,TRANSFER,4249000.0
T00018183,A0001531,2026-03-01,DEPOSIT,4796000.0
T00018184,A0001216,2025-12-21,WITHDRAWAL,1948000.0
T00018185,A0000041,2025-08-04,TRANSFER,652000.0
T00018186,A0001311,2026-01-15,DEPOSIT,4839000.0
T00018187,A0000719,2026-07-07,TRANSFER,3619000.0
T00018188,A0000565,2025-07-13,TRANSFER,4830000.0
T00018189,A0000361,2026-07-18,WITHDRAWAL,1453000.0
T00018190,A0000461,2025-10-17,TRANSFER,2823000.0
T00018191,A0001106,2025-04-30,WITHDRAWAL,3359000.0
T00018192,A0001150,2025-05-29,TRANSFER,2921000.0
T00018193,A0000244,2025-10-10,DEPOSIT,2026000.0
T00018194,A0000811,2026-08-06,WITHDRAWAL,3628000.0
T00018195,A0000634,2025-07-23,TRANSFER,376000.0
T00018196,A0000463,2026-06-08,DEPOSIT,2876000.0
T00018197,A0001105,2026-05-29,DEPOSIT,672000.0
T00018198,A0001033,2026-05-17,WITHDRAWAL,1731000.0
T00018199,A0000533,2025-11-01,TRANSFER,3482000.0
T00018200,A0000513,2026-02-24,DEPOSIT,2521000.0
T00018201,A0001475,2026-07-09,WITHDRAWAL,2146000.0
T00018202,A0000619,2026-01-16,TRANSFER,2675000.0
T00018203,A0000165,2025-12-15,WITHDRAWAL,2651000.0
T00018204,A0001382,2025-12-07,TRANSFER,4693000.0
T00018205,A0000063,2025-09-22,WITHDRAWAL,4458000.0
T00018206,A0000542,2026-07-17,TRANSFER,737000.0
T00018207,A0000814,2025-06-05,TRANSFER,975000.0
T00018208,A0001754,2026-07-29,DEPOSIT,3366000.0
T00018209,A0001031,2026-05-22,DEPOSIT,4501000.0
T00018210,A0001763,2025-06-21,DEPOSIT,348000.0
T00018211,A0000854,2025-07-05,WITHDRAWAL,4457000.0
T00018212,A0001766,2025-01-14,DEPOSIT,2096000.0
T00018213,A0000990,2026-08-15,TRANSFER,638000.0
T00018214,A0001185,2026-01-08,DEPOSIT,1207000.0
T00018215,A0001666,2025-01-16,DEPOSIT,3878000.0
T00018216,A0000929,2025-04-07,DEPOSIT,3999000.0
T00018217,A0000603,2026-05-23,WITHDRAWAL,3008000.0
T00018218,A0001529,2026-07-04,TRANSFER,4387000.0
T00018219,A0000716,2025-10-25,TRANSFER,4926000.0
T00018220,A0001448,2026-02-07,TRANSFER,4888000.0
T00018221,A0001795,2026-06-27,DEPOSIT,1094000.0
T00018222,A0000149,2025-11-02,DEPOSIT,974000.0
T00018223,A0001440,2026-04-04,TRANSFER,4914000.0
T00018224,A0001535,2025-12-27,TRANSFER,525000.0
T00018225,A0000591,2025-04-22,DEPOSIT,3250000.0
T00018226,A0000173,2025-09-10,TRANSFER,4004000.0
T00018227,A0000684,2025-11-04,DEPOSIT,1927000.0
T00018228,A0001093,2026-04-21,TRANSFER,4270000.0
T00018229,A0000997,2025-07-30,TRANSFER,3682000.0
T00018230,A0000433,2026-06-11,TRANSFER,722000.0
T00018231,A0000543,2025-01-12,DEPOSIT,1971000.0
T00018232,A0000714,2026-04-07,TRANSFER,1078000.0
T00018233,A0001671,2026-04-06,WITHDRAWAL,1468000.0
T00018234,A0000758,2026-01-15,DEPOSIT,4352000.0
T00018235,A0000945,2025-07-06,DEPOSIT,3145000.0
T00018236,A0000180,2025-12-15,TRANSFER,4082000.0
T00018237,A0000537,2025-01-24,WITHDRAWAL,3566000.0
T00018238,A0000843,2026-04-27,DEPOSIT,2067000.0
T00018239,A0001417,2025-01-15,DEPOSIT,319000.0
T00018240,A0001539,2025-06-09,TRANSFER,4216000.0
T00018241,A0000002,2026-05-07,TRANSFER,1110000.0
T00018242,A0000140,2026-07-30,DEPOSIT,4085000.0
T00018243,A0001341,2025-02-17,TRANSFER,2684000.0
T00018244,A0000896,2025-01-04,WITHDRAWAL,1645000.0
T00018245,A0000722,2025-11-07,DEPOSIT,1018000.0
T00018246,A0000456,2026-02-24,TRANSFER,1374000.0
T00018247,A0001385,2025-09-03,DEPOSIT,2652000.0
T00018248,A0001451,2026-02-12,WITHDRAWAL,1864000.0
T00018249,A0000118,2026-01-27,WITHDRAWAL,3947000.0
T00018250,A0001385,2025-06-01,DEPOSIT,3341000.0
T00018251,A0000140,2025-01-04,DEPOSIT,3220000.0
T00018252,A0001572,2025-09-13,DEPOSIT,2621000.0
T00018253,A0001252,2026-08-22,TRANSFER,4195000.0
T00018254,A0001333,2025-07-31,WITHDRAWAL,2635000.0
T00018255,A0001357,2026-01-18,TRANSFER,534000.0
T00018256,A0000116,2025-02-04,WITHDRAWAL,3326000.0
T00018257,A0000653,2025-07-20,TRANSFER,2141000.0
T00018258,A0001561,2025-04-09,TRANSFER,4464000.0
T00018259,A0001665,2025-05-01,TRANSFER,1262000.0
T00018260,A0001656,2025-08-20,TRANSFER,1723000.0
T00018261,A0000506,2026-03-16,TRANSFER,3863000.0
T00018262,A0000920,2025-03-07,TRANSFER,2719000.0
T00018263,A0000459,2026-05-09,WITHDRAWAL,3862000.0
T00018264,A0000964,2025-12-03,DEPOSIT,4718000.0
T00018265,A0001643,2025-11-28,DEPOSIT,3953000.0
T00018266,A0000559,2026-02-03,DEPOSIT,3117000.0
T00018267,A0001214,2026-05-15,WITHDRAWAL,1646000.0
T00018268,A0000225,2025-01-06,WITHDRAWAL,4903000.0
T00018269,A0000255,2026-01-24,TRANSFER,4020000.0
T00018270,A0000309,2026-02-24,TRANSFER,370000.0
T00018271,A0001699,2026-08-08,TRANSFER,799000.0
T00018272,A0001775,2026-05-07,DEPOSIT,4781000.0
T00018273,A0001231,2026-03-31,DEPOSIT,3589000.0
T00018274,A0001585,2025-01-25,WITHDRAWAL,3345000.0
T00018275,A0000679,2025-09-24,WITHDRAWAL,4927000.0
T00018276,A0000306,2025-05-28,WITHDRAWAL,2421000.0
T00018277,A0000689,2025-12-14,WITHDRAWAL,3830000.0
T00018278,A0000570,2025-12-25,TRANSFER,2797000.0
T00018279,A0000641,2025-05-23,WITHDRAWAL,2654000.0
T00018280,A0001342,2025-11-05,DEPOSIT,2647000.0
T00018281,A0001047,2025-02-28,DEPOSIT,3346000.0
T00018282,A0001457,2025-10-28,TRANSFER,3542000.0
T00018283,A0000591,2026-03-20,TRANSFER,4771000.0
T00018284,A0001068,2026-07-26,WITHDRAWAL,2042000.0
T00018285,A0001537,2026-04-28,DEPOSIT,1487000.0
T00018286,A0001645,2025-06-04,DEPOSIT,1541000.0
T00018287,A0000678,2025-09-25,TRANSFER,889000.0
T00018288,A0001382,2025-03-20,DEPOSIT,1640000.0
T00018289,A0000435,2025-11-27,WITHDRAWAL,4546000.0
T00018290,A0000019,2026-01-26,WITHDRAWAL,1033000.0
T00018291,A0001746,2025-11-25,DEPOSIT,2288000.0
T00018292,A0000381,2025-08-11,WITHDRAWAL,569000.0
T00018293,A0000301,2025-11-01,WITHDRAWAL,4330000.0
T00018294,A0001344,2026-02-26,DEPOSIT,4813000.0
T00018295,A0000149,2026-01-19,DEPOSIT,1535000.0
T00018296,A0001219,2026-04-05,TRANSFER,2580000.0
T00018297,A0000880,2025-07-20,WITHDRAWAL,4843000.0
T00018298,A0000447,2026-07-22,TRANSFER,4969000.0
T00018299,A0000291,2025-11-04,DEPOSIT,4285000.0
T00018300,A0001019,2025-02-23,TRANSFER,1065000.0
T00018301,A0000518,2026-04-02,DEPOSIT,26000.0
T00018302,A0000760,2026-03-14,WITHDRAWAL,1353000.0
T00018303,A0000592,2025-07-05,TRANSFER,2373000.0
T00018304,A0000275,2025-06-08,TRANSFER,3772000.0
T00018305,A0000217,2026-06-01,WITHDRAWAL,860000.0
T00018306,A0000482,2025-06-26,WITHDRAWAL,1213000.0
T00018307,A0000572,2026-02-22,DEPOSIT,3562000.0
T00018308,A0001127,2026-03-23,TRANSFER,1562000.0
T00018309,A0000205,2025-01-19,WITHDRAWAL,3866000.0
T00018310,A0001462,2025-07-27,WITHDRAWAL,1350000.0
T00018311,A0000038,2025-01-25,DEPOSIT,2225000.0
T00018312,A0000790,2025-11-17,DEPOSIT,3885000.0
T00018313,A0000633,2026-04-26,TRANSFER,1797000.0
T00018314,A0000557,2026-07-02,TRANSFER,523000.0
T00018315,A0001303,2026-08-31,TRANSFER,151000.0
T00018316,A0000751,2026-01-02,DEPOSIT,1154000.0
T00018317,A0000415,2025-10-17,DEPOSIT,672000.0
T00018318,A0000664,2025-03-28,WITHDRAWAL,2002000.0
T00018319,A0000397,2025-06-03,DEPOSIT,3272000.0
T00018320,A0001230,2026-08-10,WITHDRAWAL,1387000.0
T00018321,A0000918,2025-08-14,TRANSFER,3146000.0
T00018322,A0001699,2026-07-14,WITHDRAWAL,1698000.0
T00018323,A0001582,2025-05-07,DEPOSIT,4272000.0
T00018324,A0000765,2025-10-02,TRANSFER,4353000.0
T00018325,A0001069,2026-05-20,TRANSFER,4599000.0
T00018326,A0000687,2025-06-12,DEPOSIT,1785000.0
T00018327,A0001137,2025-02-01,WITHDRAWAL,4258000.0
T00018328,A0000159,2026-08-03,DEPOSIT,1508000.0
T00018329,A0000719,2026-08-28,DEPOSIT,1588000.0
T00018330,A0000217,2025-11-17,WITHDRAWAL,4347000.0
T00018331,A0000599,2026-03-08,WITHDRAWAL,2755000.0
T00018332,A0000806,2025-10-07,TRANSFER,4688000.0
T00018333,A0001027,2026-01-04,WITHDRAWAL,1290000.0
T00018334,A0000762,2026-04-26,DEPOSIT,4371000.0
T00018335,A0000172,2025-12-14,WITHDRAWAL,914000.0
T00018336,A0000730,2026-05-26,DEPOSIT,1242000.0
T00018337,A0000905,2026-08-05,DEPOSIT,4937000.0
T00018338,A0001236,2026-06-09,DEPOSIT,1838000.0
T00018339,A0001160,2025-02-03,TRANSFER,3815000.0
T00018340,A0000170,2025-04-06,WITHDRAWAL,3296000.0
T00018341,A0000442,2025-10-09,TRANSFER,1261000.0
T00018342,A0001194,2026-08-01,DEPOSIT,3776000.0
T00018343,A0001510,2025-04-12,TRANSFER,2959000.0
T00018344,A0000168,2025-12-21,TRANSFER,4466000.0
T00018345,A0001460,2025-10-18,DEPOSIT,2987000.0
T00018346,A0000500,2025-07-09,TRANSFER,1655000.0
T00018347,A0000134,2025-10-13,WITHDRAWAL,2100000.0
T00018348,A0000286,2025-04-18,DEPOSIT,4947000.0
T00018349,A0001044,2025-12-21,WITHDRAWAL,1178000.0
T00018350,A0000581,2026-06-06,DEPOSIT,3463000.0
T00018351,A0000044,2025-06-12,DEPOSIT,1806000.0
T00018352,A0000368,2025-03-15,DEPOSIT,4995000.0
T00018353,A0000965,2025-06-03,DEPOSIT,3488000.0
T00018354,A0000537,2025-02-18,DEPOSIT,2788000.0
T00018355,A0000563,2026-05-23,TRANSFER,4106000.0
T00018356,A0000972,2025-04-23,WITHDRAWAL,3507000.0
T00018357,A0001444,2026-05-27,DEPOSIT,3883000.0
T00018358,A0001550,2025-07-23,WITHDRAWAL,2635000.0
T00018359,A0001179,2025-11-28,WITHDRAWAL,77000.0
T00018360,A0000178,2026-02-28,TRANSFER,2256000.0
T00018361,A0000889,2025-09-11,WITHDRAWAL,4805000.0
T00018362,A0000434,2025-12-12,WITHDRAWAL,3088000.0
T00018363,A0000450,2026-03-20,WITHDRAWAL,4589000.0
T00018364,A0001368,2025-02-06,TRANSFER,3944000.0
T00018365,A0000246,2025-10-09,WITHDRAWAL,2309000.0
T00018366,A0001040,2025-11-01,WITHDRAWAL,1629000.0
T00018367,A0001108,2026-03-03,DEPOSIT,2049000.0
T00018368,A0001797,2026-05-29,TRANSFER,2000.0
T00018369,A0000956,2025-04-05,DEPOSIT,3607000.0
T00018370,A0000716,2026-01-05,TRANSFER,144000.0
T00018371,A0000740,2025-11-29,TRANSFER,819000.0
T00018372,A0001015,2026-01-07,WITHDRAWAL,2982000.0
T00018373,A0001396,2026-08-22,TRANSFER,4675000.0
T00018374,A0000992,2025-06-03,WITHDRAWAL,533000.0
T00018375,A0000914,2025-04-17,DEPOSIT,4432000.0
T00018376,A0000845,2026-04-19,WITHDRAWAL,1591000.0
T00018377,A0000386,2025-04-08,DEPOSIT,2539000.0
T00018378,A0000495,2025-12-31,WITHDRAWAL,382000.0
T00018379,A0001512,2025-10-28,DEPOSIT,376000.0
T00018380,A0001640,2026-05-14,WITHDRAWAL,4470000.0
T00018381,A0000741,2025-09-27,TRANSFER,4738000.0
T00018382,A0001596,2026-06-17,DEPOSIT,1105000.0
T00018383,A0000805,2025-09-29,DEPOSIT,3340000.0
T00018384,A0001135,2026-04-26,DEPOSIT,671000.0
T00018385,A0001655,2025-06-19,TRANSFER,960000.0
T00018386,A0001727,2025-03-31,DEPOSIT,2341000.0
T00018387,A0000952,2025-05-01,WITHDRAWAL,3153000.0
T00018388,A0000898,2025-01-19,DEPOSIT,3973000.0
T00018389,A0000976,2026-06-21,DEPOSIT,4772000.0
T00018390,A0001666,2026-04-24,WITHDRAWAL,2004000.0
T00018391,A0000346,2026-02-09,DEPOSIT,3722000.0
T00018392,A0001411,2025-12-03,WITHDRAWAL,2561000.0
T00018393,A0000674,2026-02-12,TRANSFER,1903000.0
T00018394,A0000914,2026-05-26,WITHDRAWAL,1208000.0
T00018395,A0001498,2026-08-01,WITHDRAWAL,162000.0
T00018396,A0000162,2025-08-02,DEPOSIT,3871000.0
T00018397,A0000144,2026-05-18,DEPOSIT,2989000.0
T00018398,A0000828,2025-11-29,TRANSFER,4166000.0
T00018399,A0001743,2026-01-12,TRANSFER,1847000.0
T00018400,A0000750,2025-05-18,TRANSFER,1886000.0
T00018401,A0000333,2026-01-07,TRANSFER,2120000.0
T00018402,A0000526,2026-05-12,WITHDRAWAL,1567000.0
T00018403,A0000322,2025-06-18,TRANSFER,198000.0
T00018404,A0000908,2026-02-04,WITHDRAWAL,3883000.0
T00018405,A0001582,2026-06-27,TRANSFER,3651000.0
T00018406,A0001470,2025-03-20,TRANSFER,1879000.0
T00018407,A0001451,2025-09-08,WITHDRAWAL,1813000.0
T00018408,A0001775,2025-04-14,DEPOSIT,4750000.0
T00018409,A0001737,2026-04-24,TRANSFER,2876000.0
T00018410,A0001264,2025-06-04,DEPOSIT,1061000.0
T00018411,A0001152,2025-07-08,WITHDRAWAL,4689000.0
T00018412,A0001614,2025-11-30,TRANSFER,4757000.0
T00018413,A0000118,2025-01-19,TRANSFER,1374000.0
T00018414,A0000331,2026-07-09,TRANSFER,3829000.0
T00018415,A0001511,2025-06-28,WITHDRAWAL,2018000.0
T00018416,A0001117,2025-11-03,TRANSFER,779000.0
T00018417,A0000483,2026-02-06,TRANSFER,1953000.0
T00018418,A0001504,2025-05-30,TRANSFER,494000.0
T00018419,A0001138,2026-02-05,TRANSFER,1998000.0
T00018420,A0000342,2025-06-03,TRANSFER,258000.0
T00018421,A0000923,2025-10-28,DEPOSIT,1892000.0
T00018422,A0000266,2026-01-13,TRANSFER,191000.0
T00018423,A0000657,2026-03-16,WITHDRAWAL,3564000.0
T00018424,A0001001,2026-01-10,WITHDRAWAL,1126000.0
T00018425,A0000756,2025-06-05,DEPOSIT,2511000.0
T00018426,A0001348,2025-10-02,TRANSFER,4430000.0
T00018427,A0000035,2025-01-26,WITHDRAWAL,2464000.0
T00018428,A0001789,2025-05-24,DEPOSIT,826000.0
T00018429,A0001789,2025-12-15,TRANSFER,2888000.0
T00018430,A0000629,2026-02-22,TRANSFER,979000.0
T00018431,A0001008,2025-02-25,TRANSFER,1345000.0
T00018432,A0001271,2025-07-22,WITHDRAWAL,4741000.0
T00018433,A0001581,2026-06-10,WITHDRAWAL,4597000.0
T00018434,A0001140,2026-01-06,DEPOSIT,1450000.0
T00018435,A0000980,2025-02-27,TRANSFER,1823000.0
T00018436,A0000710,2025-12-04,DEPOSIT,193000.0
T00018437,A0001259,2026-08-10,WITHDRAWAL,3938000.0
T00018438,A0001363,2026-01-09,TRANSFER,4618000.0
T00018439,A0000900,2026-04-07,TRANSFER,3928000.0
T00018440,A0000221,2025-11-24,DEPOSIT,1782000.0
T00018441,A0000864,2026-02-19,WITHDRAWAL,1287000.0
T00018442,A0001274,2025-07-30,WITHDRAWAL,1790000.0
T00018443,A0000121,2025-04-21,TRANSFER,3728000.0
T00018444,A0000824,2025-09-22,WITHDRAWAL,489000.0
T00018445,A0000878,2025-09-16,WITHDRAWAL,255000.0
T00018446,A0000180,2025-01-02,WITHDRAWAL,911000.0
T00018447,A0001774,2025-06-05,WITHDRAWAL,4888000.0
T00018448,A0000868,2025-07-19,TRANSFER,3020000.0
T00018449,A0001334,2025-04-10,WITHDRAWAL,663000.0
T00018450,A0000214,2026-03-13,DEPOSIT,3592000.0
T00018451,A0001362,2026-02-04,WITHDRAWAL,2670000.0
T00018452,A0000743,2025-12-29,TRANSFER,3125000.0
T00018453,A0000260,2026-04-06,TRANSFER,2000000.0
T00018454,A0000548,2025-07-29,TRANSFER,2564000.0
T00018455,A0000345,2025-04-09,WITHDRAWAL,4384000.0
T00018456,A0000854,2026-05-06,WITHDRAWAL,3322000.0
T00018457,A0000931,2026-03-24,TRANSFER,2496000.0
T00018458,A0000210,2026-01-11,TRANSFER,2008000.0
T00018459,A0000916,2025-02-04,TRANSFER,4964000.0
T00018460,A0000039,2025-01-31,TRANSFER,2135000.0
T00018461,A0001643,2026-03-01,WITHDRAWAL,4673000.0
T00018462,A0000572,2025-12-16,DEPOSIT,1898000.0
T00018463,A0001191,2025-02-26,TRANSFER,2517000.0
T00018464,A0000578,2025-09-28,WITHDRAWAL,2218000.0
T00018465,A0000729,2025-09-22,TRANSFER,4562000.0
T00018466,A0001451,2026-05-14,DEPOSIT,1962000.0
T00018467,A0000849,2026-08-15,WITHDRAWAL,4248000.0
T00018468,A0001741,2025-06-17,TRANSFER,4952000.0
T00018469,A0000290,2025-05-04,DEPOSIT,4388000.0
T00018470,A0000618,2025-11-24,WITHDRAWAL,2559000.0
T00018471,A0000282,2025-05-11,WITHDRAWAL,472000.0
T00018472,A0001133,2026-07-11,TRANSFER,2252000.0
T00018473,A0000486,2026-02-20,DEPOSIT,470000.0
T00018474,A0000954,2025-05-16,WITHDRAWAL,1848000.0
T00018475,A0001503,2025-12-20,WITHDRAWAL,3594000.0
T00018476,A0000739,2025-08-25,DEPOSIT,1078000.0
T00018477,A0001177,2025-03-11,WITHDRAWAL,1544000.0
T00018478,A0000993,2025-05-14,WITHDRAWAL,1656000.0
T00018479,A0000709,2026-02-23,DEPOSIT,216000.0
T00018480,A0001570,2026-07-16,TRANSFER,539000.0
T00018481,A0000736,2025-02-24,WITHDRAWAL,1170000.0
T00018482,A0001734,2026-01-07,TRANSFER,237000.0
T00018483,A0000822,2026-03-24,DEPOSIT,351000.0
T00018484,A0000070,2025-02-10,DEPOSIT,2030000.0
T00018485,A0000665,2026-04-18,TRANSFER,4869000.0
T00018486,A0000144,2025-07-18,WITHDRAWAL,133000.0
T00018487,A0000156,2025-03-01,DEPOSIT,1496000.0
T00018488,A0000300,2025-10-04,DEPOSIT,1519000.0
T00018489,A0001004,2026-06-20,TRANSFER,351000.0
T00018490,A0000620,2026-03-13,DEPOSIT,2581000.0
T00018491,A0000915,2025-05-11,WITHDRAWAL,1467000.0
T00018492,A0001144,2026-08-02,WITHDRAWAL,3553000.0
T00018493,A0000329,2025-12-23,DEPOSIT,4084000.0
T00018494,A0000705,2026-02-23,DEPOSIT,286000.0
T00018495,A0000603,2025-12-30,DEPOSIT,3143000.0
T00018496,A0001467,2026-01-14,DEPOSIT,202000.0
T00018497,A0000008,2026-01-27,TRANSFER,1879000.0
T00018498,A0000451,2026-08-12,DEPOSIT,2666000.0
T00018499,A0000134,2025-08-06,TRANSFER,1727000.0
T00018500,A0001482,2026-05-19,TRANSFER,2866000.0
T00018501,A0001093,2025-04-27,WITHDRAWAL,847000.0
T00018502,A0000765,2025-04-12,DEPOSIT,1207000.0
T00018503,A0000336,2025-09-10,WITHDRAWAL,3583000.0
T00018504,A0001112,2025-11-09,DEPOSIT,2364000.0
T00018505,A0000057,2026-07-30,DEPOSIT,1872000.0
T00018506,A0000388,2025-03-11,WITHDRAWAL,399000.0
T00018507,A0001217,2026-07-29,WITHDRAWAL,2470000.0
T00018508,A0000950,2026-02-22,DEPOSIT,4115000.0
T00018509,A0000615,2025-12-01,WITHDRAWAL,3703000.0
T00018510,A0000594,2025-02-17,DEPOSIT,1778000.0
T00018511,A0000330,2025-07-26,WITHDRAWAL,3996000.0
T00018512,A0001259,2026-06-16,DEPOSIT,438000.0
T00018513,A0001689,2025-10-17,DEPOSIT,4035000.0
T00018514,A0000372,2025-09-05,WITHDRAWAL,3217000.0
T00018515,A0001438,2026-04-08,WITHDRAWAL,2865000.0
T00018516,A0000953,2026-01-24,TRANSFER,4478000.0
T00018517,A0001341,2026-04-09,TRANSFER,3110000.0
T00018518,A0000392,2026-06-08,TRANSFER,2581000.0
T00018519,A0000523,2026-01-24,DEPOSIT,1310000.0
T00018520,A0001029,2025-05-06,WITHDRAWAL,244000.0
T00018521,A0000602,2025-04-23,TRANSFER,2696000.0
T00018522,A0000436,2025-10-10,DEPOSIT,1085000.0
T00018523,A0001460,2026-03-03,TRANSFER,1201000.0
T00018524,A0000088,2025-12-04,DEPOSIT,2242000.0
T00018525,A0001335,2025-12-05,TRANSFER,2126000.0
T00018526,A0000469,2025-09-10,DEPOSIT,632000.0
T00018527,A0000556,2025-10-15,DEPOSIT,3262000.0
T00018528,A0001398,2026-01-22,TRANSFER,3628000.0
T00018529,A0001286,2025-11-21,WITHDRAWAL,4600000.0
T00018530,A0000312,2026-07-18,WITHDRAWAL,596000.0
T00018531,A0001488,2025-02-06,WITHDRAWAL,450000.0
T00018532,A0001142,2026-08-31,WITHDRAWAL,1007000.0
T00018533,A0001324,2026-03-16,DEPOSIT,4303000.0
T00018534,A0000365,2025-10-02,DEPOSIT,4806000.0
T00018535,A0000157,2026-08-24,WITHDRAWAL,3553000.0
T00018536,A0001503,2025-01-24,DEPOSIT,4017000.0
T00018537,A0001070,2025-05-16,WITHDRAWAL,4965000.0
T00018538,A0000365,2025-12-12,WITHDRAWAL,1749000.0
T00018539,A0001441,2025-03-11,TRANSFER,2352000.0
T00018540,A0001320,2026-02-26,TRANSFER,819000.0
T00018541,A0001253,2025-10-12,TRANSFER,1242000.0
T00018542,A0000638,2026-03-30,WITHDRAWAL,330000.0
T00018543,A0001191,2026-01-03,WITHDRAWAL,3576000.0
T00018544,A0001584,2025-04-23,WITHDRAWAL,3434000.0
T00018545,A0000014,2025-07-17,TRANSFER,3552000.0
T00018546,A0000024,2025-03-14,WITHDRAWAL,2375000.0
T00018547,A0001747,2025-11-20,DEPOSIT,1426000.0
T00018548,A0000098,2026-08-12,DEPOSIT,4367000.0
T00018549,A0001110,2025-09-01,DEPOSIT,2726000.0
T00018550,A0001771,2025-02-09,TRANSFER,4092000.0
T00018551,A0001358,2026-07-07,WITHDRAWAL,337000.0
T00018552,A0001176,2025-04-02,WITHDRAWAL,3131000.0
T00018553,A0001158,2026-01-13,DEPOSIT,484000.0
T00018554,A0000250,2025-02-11,DEPOSIT,2691000.0
T00018555,A0000214,2026-08-30,TRANSFER,1177000.0
T00018556,A0000923,2025-03-09,DEPOSIT,2728000.0
T00018557,A0001611,2026-06-01,WITHDRAWAL,2047000.0
T00018558,A0000990,2025-09-21,WITHDRAWAL,2382000.0
T00018559,A0001673,2025-10-03,DEPOSIT,4256000.0
T00018560,A0001340,2025-09-03,DEPOSIT,167000.0
T00018561,A0000981,2025-08-03,TRANSFER,2709000.0
T00018562,A0001795,2026-02-21,WITHDRAWAL,1951000.0
T00018563,A0000360,2025-03-03,DEPOSIT,2030000.0
T00018564,A0000557,2025-07-13,DEPOSIT,4107000.0
T00018565,A0001339,2026-02-26,WITHDRAWAL,1636000.0
T00018566,A0000572,2025-10-01,TRANSFER,4375000.0
T00018567,A0000694,2026-02-06,DEPOSIT,3939000.0
T00018568,A0000960,2025-08-08,TRANSFER,3830000.0
T00018569,A0001406,2025-12-31,DEPOSIT,2797000.0
T00018570,A0000404,2026-05-31,TRANSFER,2017000.0
T00018571,A0001427,2025-04-20,TRANSFER,432000.0
T00018572,A0000142,2025-08-28,DEPOSIT,3776000.0
T00018573,A0000110,2025-01-22,TRANSFER,3134000.0
T00018574,A0000019,2026-02-14,WITHDRAWAL,1868000.0
T00018575,A0001360,2026-06-01,TRANSFER,4334000.0
T00018576,A0001339,2025-03-28,TRANSFER,3716000.0
T00018577,A0001506,2025-05-10,DEPOSIT,3543000.0
T00018578,A0000663,2025-07-19,DEPOSIT,1092000.0
T00018579,A0001169,2025-04-26,WITHDRAWAL,2894000.0
T00018580,A0000574,2025-05-07,DEPOSIT,3393000.0
T00018581,A0000160,2025-03-15,DEPOSIT,3578000.0
T00018582,A0001585,2025-03-14,TRANSFER,346000.0
T00018583,A0001630,2025-05-04,DEPOSIT,3177000.0
T00018584,A0001111,2025-02-02,WITHDRAWAL,267000.0
T00018585,A0000031,2026-02-27,DEPOSIT,3971000.0
T00018586,A0000494,2025-06-26,TRANSFER,124000.0
T00018587,A0001018,2026-06-20,DEPOSIT,1975000.0
T00018588,A0001183,2025-02-25,DEPOSIT,3703000.0
T00018589,A0001056,2026-01-27,DEPOSIT,4963000.0
T00018590,A0001656,2026-06-18,WITHDRAWAL,1209000.0
T00018591,A0000179,2025-03-29,TRANSFER,2875000.0
T00018592,A0000432,2025-06-03,WITHDRAWAL,4937000.0
T00018593,A0000482,2026-01-09,WITHDRAWAL,3221000.0
T00018594,A0001348,2025-11-18,WITHDRAWAL,670000.0
T00018595,A0001295,2026-05-21,TRANSFER,2419000.0
T00018596,A0001419,2026-07-13,DEPOSIT,3523000.0
T00018597,A0001091,2026-01-22,DEPOSIT,1896000.0
T00018598,A0001796,2025-10-02,DEPOSIT,3376000.0
T00018599,A0001040,2025-06-24,TRANSFER,970000.0
T00018600,A0000740,2025-03-30,TRANSFER,3016000.0
T00018601,A0000066,2025-05-07,WITHDRAWAL,120000.0
T00018602,A0000918,2025-03-25,WITHDRAWAL,3224000.0
T00018603,A0001295,2026-08-18,TRANSFER,4098000.0
T00018604,A0001683,2025-06-25,DEPOSIT,362000.0
T00018605,A0000431,2026-06-27,DEPOSIT,4114000.0
T00018606,A0000844,2026-01-16,WITHDRAWAL,2529000.0
T00018607,A0001576,2025-07-29,WITHDRAWAL,3495000.0
T00018608,A0000295,2026-06-17,TRANSFER,3460000.0
T00018609,A0000041,2026-05-28,WITHDRAWAL,3522000.0
T00018610,A0001740,2026-03-04,DEPOSIT,4707000.0
T00018611,A0000683,2026-06-29,DEPOSIT,4634000.0
T00018612,A0000632,2026-08-06,WITHDRAWAL,3858000.0
T00018613,A0001626,2025-12-31,TRANSFER,3757000.0
T00018614,A0001318,2025-11-29,DEPOSIT,1926000.0
T00018615,A0001761,2026-04-21,TRANSFER,3364000.0
T00018616,A0001272,2025-08-02,WITHDRAWAL,2369000.0
T00018617,A0001787,2026-06-03,WITHDRAWAL,3715000.0
T00018618,A0001202,2026-04-21,TRANSFER,2538000.0
T00018619,A0001744,2026-04-27,TRANSFER,1465000.0
T00018620,A0001052,2026-07-14,DEPOSIT,1663000.0
T00018621,A0000008,2026-04-17,TRANSFER,2532000.0
T00018622,A0001160,2025-12-27,DEPOSIT,3731000.0
T00018623,A0000438,2025-01-21,WITHDRAWAL,2620000.0
T00018624,A0000406,2026-06-01,TRANSFER,351000.0
T00018625,A0000627,2025-07-16,WITHDRAWAL,3977000.0
T00018626,A0000379,2025-01-07,WITHDRAWAL,739000.0
T00018627,A0001107,2025-11-24,WITHDRAWAL,4104000.0
T00018628,A0000700,2025-09-06,TRANSFER,4758000.0
T00018629,A0000268,2025-02-23,WITHDRAWAL,2363000.0
T00018630,A0001777,2026-02-09,TRANSFER,2562000.0
T00018631,A0000393,2025-05-18,TRANSFER,4018000.0
T00018632,A0000811,2025-01-11,TRANSFER,382000.0
T00018633,A0000546,2025-07-04,WITHDRAWAL,196000.0
T00018634,A0000320,2026-04-24,TRANSFER,3505000.0
T00018635,A0001253,2026-07-20,WITHDRAWAL,1842000.0
T00018636,A0001407,2025-07-09,WITHDRAWAL,2292000.0
T00018637,A0000328,2025-05-05,WITHDRAWAL,1942000.0
T00018638,A0001225,2025-02-06,TRANSFER,4932000.0
T00018639,A0000573,2025-07-24,WITHDRAWAL,1934000.0
T00018640,A0000001,2025-11-01,DEPOSIT,4458000.0
T00018641,A0001403,2025-11-26,DEPOSIT,4379000.0
T00018642,A0000592,2026-08-06,TRANSFER,2558000.0
T00018643,A0001550,2026-03-24,DEPOSIT,2053000.0
T00018644,A0000947,2026-06-01,WITHDRAWAL,1726000.0
T00018645,A0000875,2025-02-21,DEPOSIT,3263000.0
T00018646,A0001795,2025-07-13,TRANSFER,3456000.0
T00018647,A0000338,2026-01-29,DEPOSIT,1633000.0
T00018648,A0000152,2026-04-27,TRANSFER,3996000.0
T00018649,A0001397,2025-01-18,WITHDRAWAL,2492000.0
T00018650,A0000848,2025-09-02,WITHDRAWAL,3875000.0
T00018651,A0001043,2026-01-30,WITHDRAWAL,2362000.0
T00018652,A0001286,2026-05-08,DEPOSIT,4914000.0
T00018653,A0000944,2025-08-12,TRANSFER,4697000.0
T00018654,A0001704,2025-11-07,DEPOSIT,2469000.0
T00018655,A0000271,2026-05-23,WITHDRAWAL,3381000.0
T00018656,A0001087,2025-12-25,DEPOSIT,4986000.0
T00018657,A0000808,2025-09-17,WITHDRAWAL,3050000.0
T00018658,A0000309,2026-07-29,DEPOSIT,1667000.0
T00018659,A0000502,2026-08-10,TRANSFER,4184000.0
T00018660,A0000031,2025-01-31,WITHDRAWAL,1471000.0
T00018661,A0000653,2025-03-17,WITHDRAWAL,1840000.0
T00018662,A0001382,2025-09-24,DEPOSIT,2744000.0
T00018663,A0000115,2025-03-29,DEPOSIT,2888000.0
T00018664,A0000631,2025-11-05,WITHDRAWAL,1835000.0
T00018665,A0001043,2025-03-14,DEPOSIT,4266000.0
T00018666,A0000273,2026-05-18,TRANSFER,4348000.0
T00018667,A0000875,2026-01-06,DEPOSIT,981000.0
T00018668,A0000516,2025-10-08,DEPOSIT,3563000.0
T00018669,A0001377,2026-06-24,TRANSFER,3935000.0
T00018670,A0001197,2025-09-21,DEPOSIT,4446000.0
T00018671,A0000995,2025-10-21,DEPOSIT,2250000.0
T00018672,A0000929,2026-05-27,WITHDRAWAL,2000000.0
T00018673,A0000223,2026-04-23,DEPOSIT,1659000.0
T00018674,A0000989,2025-02-04,TRANSFER,4266000.0
T00018675,A0000826,2026-04-19,TRANSFER,1730000.0
T00018676,A0001131,2025-09-27,TRANSFER,3082000.0
T00018677,A0001527,2025-06-05,DEPOSIT,1301000.0
T00018678,A0000216,2026-04-22,TRANSFER,2227000.0
T00018679,A0001109,2026-01-26,DEPOSIT,654000.0
T00018680,A0001735,2025-04-12,TRANSFER,2667000.0
T00018681,A0001736,2026-03-11,DEPOSIT,1834000.0
T00018682,A0000655,2026-08-08,TRANSFER,501000.0
T00018683,A0000114,2026-05-16,DEPOSIT,679000.0
T00018684,A0000869,2025-10-03,DEPOSIT,3034000.0
T00018685,A0000433,2025-12-04,TRANSFER,989000.0
T00018686,A0001570,2025-12-02,DEPOSIT,2244000.0
T00018687,A0001459,2025-12-08,TRANSFER,1790000.0
T00018688,A0001057,2025-12-13,WITHDRAWAL,27000.0
T00018689,A0000824,2025-01-08,TRANSFER,873000.0
T00018690,A0000214,2025-12-11,WITHDRAWAL,3418000.0
T00018691,A0000419,2025-01-26,DEPOSIT,3543000.0
T00018692,A0001254,2025-03-09,WITHDRAWAL,1113000.0
T00018693,A0000436,2025-07-28,WITHDRAWAL,3960000.0
T00018694,A0001775,2026-01-09,WITHDRAWAL,1685000.0
T00018695,A0000519,2026-03-12,TRANSFER,2224000.0
T00018696,A0001035,2025-01-18,DEPOSIT,2238000.0
T00018697,A0001552,2025-05-01,DEPOSIT,922000.0
T00018698,A0001405,2026-01-17,DEPOSIT,2403000.0
T00018699,A0001615,2025-07-23,WITHDRAWAL,646000.0
T00018700,A0000155,2026-05-31,TRANSFER,2150000.0
T00018701,A0001421,2026-02-24,WITHDRAWAL,2061000.0
T00018702,A0000523,2026-01-13,TRANSFER,1296000.0
T00018703,A0001539,2025-12-24,WITHDRAWAL,4821000.0
T00018704,A0001676,2025-11-25,DEPOSIT,3226000.0
T00018705,A0001638,2025-03-31,DEPOSIT,4069000.0
T00018706,A0000797,2025-05-09,WITHDRAWAL,4608000.0
T00018707,A0000150,2025-10-02,TRANSFER,2152000.0
T00018708,A0001671,2026-02-06,WITHDRAWAL,1219000.0
T00018709,A0001276,2025-12-18,DEPOSIT,3676000.0
T00018710,A0000407,2025-02-28,TRANSFER,3222000.0
T00018711,A0000263,2025-08-14,WITHDRAWAL,1801000.0
T00018712,A0000486,2025-11-12,TRANSFER,2686000.0
T00018713,A0001107,2025-05-24,TRANSFER,2244000.0
T00018714,A0000781,2025-03-10,DEPOSIT,4403000.0
T00018715,A0001273,2025-03-17,DEPOSIT,1804000.0
T00018716,A0000322,2025-02-15,DEPOSIT,2988000.0
T00018717,A0000397,2025-07-05,WITHDRAWAL,823000.0
T00018718,A0000136,2025-04-29,DEPOSIT,2673000.0
T00018719,A0001561,2025-10-31,DEPOSIT,4290000.0
T00018720,A0001405,2025-06-25,WITHDRAWAL,2718000.0
T00018721,A0000441,2025-07-14,TRANSFER,117000.0
T00018722,A0000539,2025-08-28,DEPOSIT,4142000.0
T00018723,A0001596,2025-08-05,WITHDRAWAL,148000.0
T00018724,A0000551,2026-08-06,TRANSFER,4460000.0
T00018725,A0001675,2026-06-01,TRANSFER,153000.0
T00018726,A0000395,2026-06-29,TRANSFER,593000.0
T00018727,A0000334,2025-11-03,DEPOSIT,19000.0
T00018728,A0000697,2026-08-07,WITHDRAWAL,4395000.0
T00018729,A0000699,2026-08-10,WITHDRAWAL,4042000.0
T00018730,A0000178,2026-04-11,TRANSFER,503000.0
T00018731,A0001162,2025-10-22,TRANSFER,1481000.0
T00018732,A0000487,2026-08-17,DEPOSIT,264000.0
T00018733,A0000453,2025-06-17,DEPOSIT,1122000.0
T00018734,A0001507,2026-04-15,WITHDRAWAL,4600000.0
T00018735,A0000017,2026-03-26,DEPOSIT,1470000.0
T00018736,A0000347,2025-08-06,WITHDRAWAL,1341000.0
T00018737,A0001684,2025-03-29,DEPOSIT,3178000.0
T00018738,A0000026,2025-12-31,WITHDRAWAL,60000.0
T00018739,A0001606,2025-04-23,TRANSFER,1443000.0
T00018740,A0000437,2026-01-14,DEPOSIT,4536000.0
T00018741,A0001765,2025-11-12,TRANSFER,4749000.0
T00018742,A0001384,2026-01-16,TRANSFER,919000.0
T00018743,A0000070,2025-10-21,DEPOSIT,4624000.0
T00018744,A0000160,2026-04-10,DEPOSIT,886000.0
T00018745,A0001549,2026-04-25,DEPOSIT,1393000.0
T00018746,A0000287,2026-07-18,DEPOSIT,3814000.0
T00018747,A0000203,2026-03-05,TRANSFER,1370000.0
T00018748,A0000745,2026-04-05,DEPOSIT,3122000.0
T00018749,A0001647,2025-06-17,WITHDRAWAL,2206000.0
T00018750,A0000142,2026-08-06,TRANSFER,2913000.0
T00018751,A0001279,2026-05-19,WITHDRAWAL,3908000.0
T00018752,A0001419,2026-04-07,TRANSFER,1974000.0
T00018753,A0001706,2026-03-13,DEPOSIT,2499000.0
T00018754,A0000260,2026-08-20,TRANSFER,2443000.0
T00018755,A0001514,2025-07-06,DEPOSIT,4184000.0
T00018756,A0001317,2025-11-13,TRANSFER,4080000.0
T00018757,A0000094,2025-08-14,TRANSFER,3759000.0
T00018758,A0000513,2026-05-30,DEPOSIT,4718000.0
T00018759,A0001295,2026-08-11,TRANSFER,1970000.0
T00018760,A0000426,2025-05-24,DEPOSIT,4892000.0
T00018761,A0000645,2025-06-08,TRANSFER,1902000.0
T00018762,A0000517,2025-01-02,WITHDRAWAL,1013000.0
T00018763,A0000511,2025-03-16,WITHDRAWAL,1170000.0
T00018764,A0001194,2026-01-20,TRANSFER,2176000.0
T00018765,A0000461,2026-08-08,DEPOSIT,3034000.0
T00018766,A0001452,2026-05-16,DEPOSIT,4110000.0
T00018767,A0000197,2025-12-23,WITHDRAWAL,4967000.0
T00018768,A0001653,2025-10-13,TRANSFER,1780000.0
T00018769,A0001591,2025-07-24,WITHDRAWAL,3401000.0
T00018770,A0001003,2026-03-06,TRANSFER,3369000.0
T00018771,A0000795,2025-03-23,WITHDRAWAL,953000.0
T00018772,A0000171,2026-05-10,TRANSFER,1593000.0
T00018773,A0000453,2025-03-23,TRANSFER,905000.0
T00018774,A0000401,2026-05-01,WITHDRAWAL,1210000.0
T00018775,A0000992,2026-03-09,DEPOSIT,933000.0
T00018776,A0001263,2026-03-09,DEPOSIT,3033000.0
T00018777,A0000879,2026-01-22,WITHDRAWAL,3428000.0
T00018778,A0001415,2026-08-15,DEPOSIT,80000.0
T00018779,A0001186,2025-04-05,DEPOSIT,438000.0
T00018780,A0001765,2026-08-14,TRANSFER,3809000.0
T00018781,A0001007,2025-02-17,TRANSFER,4559000.0
T00018782,A0001686,2025-07-18,WITHDRAWAL,4577000.0
T00018783,A0001141,2026-04-29,WITHDRAWAL,3432000.0
T00018784,A0000984,2026-05-10,TRANSFER,3001000.0
T00018785,A0000664,2025-09-24,WITHDRAWAL,1085000.0
T00018786,A0000665,2025-04-16,TRANSFER,882000.0
T00018787,A0000746,2025-05-30,TRANSFER,434000.0
T00018788,A0001594,2025-01-01,TRANSFER,3011000.0
T00018789,A0000745,2025-09-23,TRANSFER,4739000.0
T00018790,A0000378,2026-01-21,WITHDRAWAL,1579000.0
T00018791,A0000491,2025-11-29,TRANSFER,1978000.0
T00018792,A0001428,2025-11-06,TRANSFER,4996000.0
T00018793,A0000591,2025-11-02,DEPOSIT,4778000.0
T00018794,A0000025,2026-05-14,WITHDRAWAL,1156000.0
T00018795,A0000622,2025-11-10,TRANSFER,4042000.0
T00018796,A0000711,2026-04-26,TRANSFER,3136000.0
T00018797,A0000061,2025-06-24,DEPOSIT,449000.0
T00018798,A0000150,2025-07-01,DEPOSIT,4320000.0
T00018799,A0000197,2026-06-09,TRANSFER,132000.0
T00018800,A0001088,2026-08-03,WITHDRAWAL,1163000.0
T00018801,A0000223,2026-01-21,WITHDRAWAL,2784000.0
T00018802,A0000831,2025-07-18,WITHDRAWAL,870000.0
T00018803,A0000867,2025-09-29,WITHDRAWAL,3921000.0
T00018804,A0001497,2025-10-07,DEPOSIT,4116000.0
T00018805,A0000866,2025-04-07,TRANSFER,2011000.0
T00018806,A0000636,2026-05-26,DEPOSIT,2338000.0
T00018807,A0001512,2025-07-07,WITHDRAWAL,4057000.0
T00018808,A0001084,2025-08-01,WITHDRAWAL,902000.0
T00018809,A0000087,2025-01-08,WITHDRAWAL,3084000.0
T00018810,A0000119,2025-05-15,TRANSFER,4901000.0
T00018811,A0001219,2025-02-18,WITHDRAWAL,4137000.0
T00018812,A0000541,2025-06-11,TRANSFER,1862000.0
T00018813,A0000997,2025-09-20,TRANSFER,1463000.0
T00018814,A0000736,2025-07-03,TRANSFER,3542000.0
T00018815,A0000466,2026-08-04,WITHDRAWAL,1753000.0
T00018816,A0000449,2025-09-26,WITHDRAWAL,3125000.0
T00018817,A0001431,2026-06-09,DEPOSIT,2064000.0
T00018818,A0000765,2025-03-01,TRANSFER,3299000.0
T00018819,A0000713,2025-08-14,WITHDRAWAL,4146000.0
T00018820,A0000234,2025-08-14,DEPOSIT,4419000.0
T00018821,A0000787,2026-08-09,TRANSFER,1961000.0
T00018822,A0000364,2025-06-06,TRANSFER,2085000.0
T00018823,A0001055,2025-10-08,WITHDRAWAL,1735000.0
T00018824,A0001734,2026-03-09,WITHDRAWAL,3865000.0
T00018825,A0000188,2025-07-29,DEPOSIT,4399000.0
T00018826,A0001191,2026-04-23,DEPOSIT,2432000.0
T00018827,A0001346,2025-02-06,WITHDRAWAL,3383000.0
T00018828,A0000634,2026-07-12,DEPOSIT,268000.0
T00018829,A0000048,2025-05-01,TRANSFER,366000.0
T00018830,A0000446,2025-10-28,TRANSFER,1375000.0
T00018831,A0001507,2025-10-31,TRANSFER,791000.0
T00018832,A0000714,2025-04-19,DEPOSIT,1679000.0
T00018833,A0000428,2025-08-09,DEPOSIT,291000.0
T00018834,A0000960,2026-05-06,WITHDRAWAL,690000.0
T00018835,A0000532,2025-04-26,WITHDRAWAL,4863000.0
T00018836,A0001582,2026-04-22,DEPOSIT,2003000.0
T00018837,A0001686,2025-07-31,TRANSFER,2076000.0
T00018838,A0001133,2026-05-12,WITHDRAWAL,1177000.0
T00018839,A0000248,2026-07-13,DEPOSIT,1351000.0
T00018840,A0000938,2026-07-29,DEPOSIT,434000.0
T00018841,A0000677,2025-04-21,TRANSFER,370000.0
T00018842,A0000163,2025-12-02,DEPOSIT,547000.0
T00018843,A0001635,2025-11-18,WITHDRAWAL,3011000.0
T00018844,A0000622,2026-07-09,TRANSFER,341000.0
T00018845,A0001656,2026-02-16,TRANSFER,1871000.0
T00018846,A0000361,2026-07-15,TRANSFER,4699000.0
T00018847,A0001679,2025-02-04,DEPOSIT,1355000.0
T00018848,A0001514,2025-04-13,TRANSFER,1320000.0
T00018849,A0000250,2025-01-26,DEPOSIT,2154000.0
T00018850,A0000841,2025-07-18,DEPOSIT,4145000.0
T00018851,A0000841,2026-01-29,WITHDRAWAL,2736000.0
T00018852,A0001320,2025-12-27,TRANSFER,4328000.0
T00018853,A0001451,2025-09-26,DEPOSIT,3740000.0
T00018854,A0001547,2025-04-08,WITHDRAWAL,1092000.0
T00018855,A0000378,2026-07-13,DEPOSIT,594000.0
T00018856,A0001601,2025-08-19,WITHDRAWAL,2603000.0
T00018857,A0000252,2025-03-06,WITHDRAWAL,2431000.0
T00018858,A0000468,2026-05-28,WITHDRAWAL,3830000.0
T00018859,A0000936,2026-08-20,TRANSFER,4565000.0
T00018860,A0000020,2025-12-26,DEPOSIT,2382000.0
T00018861,A0001182,2025-08-02,DEPOSIT,1668000.0
T00018862,A0001018,2025-04-18,TRANSFER,792000.0
T00018863,A0001701,2026-07-20,DEPOSIT,2396000.0
T00018864,A0001625,2025-08-14,TRANSFER,2098000.0
T00018865,A0000494,2025-04-11,TRANSFER,2251000.0
T00018866,A0001189,2026-02-10,TRANSFER,3443000.0
T00018867,A0001689,2025-06-04,TRANSFER,1964000.0
T00018868,A0000499,2025-09-30,TRANSFER,3278000.0
T00018869,A0001361,2025-03-06,TRANSFER,2554000.0
T00018870,A0000686,2026-04-26,TRANSFER,4479000.0
T00018871,A0000848,2026-01-09,DEPOSIT,3651000.0
T00018872,A0001569,2025-04-04,DEPOSIT,3391000.0
T00018873,A0001614,2026-07-13,DEPOSIT,3891000.0
T00018874,A0000170,2025-09-10,TRANSFER,2999000.0
T00018875,A0001155,2025-08-30,WITHDRAWAL,4816000.0
T00018876,A0000644,2025-06-07,TRANSFER,3042000.0
T00018877,A0000350,2026-05-17,TRANSFER,1473000.0
T00018878,A0001395,2025-12-15,WITHDRAWAL,885000.0
T00018879,A0001129,2025-10-11,DEPOSIT,2901000.0
T00018880,A0000531,2025-05-28,WITHDRAWAL,3940000.0
T00018881,A0001233,2025-03-31,WITHDRAWAL,4087000.0
T00018882,A0001504,2025-05-20,WITHDRAWAL,192000.0
T00018883,A0001630,2025-03-29,DEPOSIT,2809000.0
T00018884,A0000738,2025-01-15,DEPOSIT,331000.0
T00018885,A0001502,2025-07-15,TRANSFER,4201000.0
T00018886,A0001225,2026-05-17,TRANSFER,3424000.0
T00018887,A0001652,2026-07-28,TRANSFER,1898000.0
T00018888,A0001031,2026-04-06,TRANSFER,4568000.0
T00018889,A0001214,2026-02-14,TRANSFER,3278000.0
T00018890,A0001709,2025-06-07,WITHDRAWAL,3102000.0
T00018891,A0000530,2025-07-29,TRANSFER,643000.0
T00018892,A0000586,2025-03-07,WITHDRAWAL,2037000.0
T00018893,A0000197,2025-05-25,TRANSFER,3053000.0
T00018894,A0001612,2026-04-28,WITHDRAWAL,2632000.0
T00018895,A0001600,2026-01-20,DEPOSIT,4673000.0
T00018896,A0001155,2026-06-04,DEPOSIT,2803000.0
T00018897,A0001316,2025-04-28,WITHDRAWAL,2640000.0
T00018898,A0000600,2026-01-30,DEPOSIT,3634000.0
T00018899,A0001224,2025-10-01,TRANSFER,809000.0
T00018900,A0001736,2025-10-24,WITHDRAWAL,2985000.0
T00018901,A0000804,2025-05-03,DEPOSIT,1067000.0
T00018902,A0001338,2025-11-06,TRANSFER,4553000.0
T00018903,A0001118,2026-03-17,DEPOSIT,579000.0
T00018904,A0001662,2026-04-10,TRANSFER,2516000.0
T00018905,A0000554,2026-05-03,TRANSFER,976000.0
T00018906,A0000830,2026-08-23,DEPOSIT,562000.0
T00018907,A0000657,2025-08-21,WITHDRAWAL,403000.0
T00018908,A0001269,2026-04-23,WITHDRAWAL,376000.0
T00018909,A0001525,2026-08-09,TRANSFER,1942000.0
T00018910,A0001353,2026-02-07,DEPOSIT,402000.0
T00018911,A0001753,2025-05-15,DEPOSIT,4513000.0
T00018912,A0000579,2026-01-08,WITHDRAWAL,2273000.0
T00018913,A0001288,2025-09-27,TRANSFER,2406000.0
T00018914,A0000684,2026-07-29,WITHDRAWAL,2892000.0
T00018915,A0000357,2025-04-26,TRANSFER,2490000.0
T00018916,A0000378,2025-09-17,DEPOSIT,3074000.0
T00018917,A0001171,2026-07-23,TRANSFER,1368000.0
T00018918,A0001747,2025-01-19,WITHDRAWAL,3364000.0
T00018919,A0000258,2025-10-03,WITHDRAWAL,4755000.0
T00018920,A0001495,2026-03-12,DEPOSIT,4843000.0
T00018921,A0001287,2025-05-19,TRANSFER,137000.0
T00018922,A0001107,2026-07-23,TRANSFER,1217000.0
T00018923,A0001636,2025-03-11,TRANSFER,4855000.0
T00018924,A0001092,2025-01-11,TRANSFER,3112000.0
T00018925,A0001394,2025-11-11,DEPOSIT,305000.0
T00018926,A0001664,2025-12-26,WITHDRAWAL,826000.0
T00018927,A0001698,2025-03-17,WITHDRAWAL,4952000.0
T00018928,A0001365,2026-01-27,WITHDRAWAL,1827000.0
T00018929,A0000349,2025-07-29,DEPOSIT,3382000.0
T00018930,A0000326,2025-12-02,WITHDRAWAL,677000.0
T00018931,A0000238,2026-04-25,WITHDRAWAL,725000.0
T00018932,A0000153,2025-04-14,TRANSFER,4527000.0
T00018933,A0000956,2026-07-10,WITHDRAWAL,3344000.0
T00018934,A0001073,2025-03-14,WITHDRAWAL,1618000.0
T00018935,A0001502,2025-12-25,TRANSFER,3957000.0
T00018936,A0001432,2025-04-30,TRANSFER,4613000.0
T00018937,A0000564,2026-03-16,DEPOSIT,1754000.0
T00018938,A0000306,2025-02-26,TRANSFER,4462000.0
T00018939,A0000156,2026-05-30,WITHDRAWAL,1701000.0
T00018940,A0000813,2025-03-04,WITHDRAWAL,4780000.0
T00018941,A0000263,2025-10-10,TRANSFER,3377000.0
T00018942,A0000159,2025-01-16,DEPOSIT,3735000.0
T00018943,A0000317,2026-06-20,DEPOSIT,1671000.0
T00018944,A0000273,2025-12-29,WITHDRAWAL,3853000.0
T00018945,A0000441,2026-04-02,WITHDRAWAL,4690000.0
T00018946,A0000863,2026-03-26,WITHDRAWAL,3507000.0
T00018947,A0000309,2025-08-14,WITHDRAWAL,253000.0
T00018948,A0000403,2026-01-06,DEPOSIT,3559000.0
T00018949,A0001599,2026-01-15,TRANSFER,1670000.0
T00018950,A0001092,2025-08-27,WITHDRAWAL,2556000.0
T00018951,A0001065,2026-03-09,WITHDRAWAL,2525000.0
T00018952,A0000684,2025-11-26,DEPOSIT,4815000.0
T00018953,A0000412,2026-03-28,WITHDRAWAL,4203000.0
T00018954,A0000896,2026-07-11,TRANSFER,207000.0
T00018955,A0000844,2025-07-05,DEPOSIT,4719000.0
T00018956,A0001427,2026-03-23,DEPOSIT,1300000.0
T00018957,A0001366,2026-03-31,TRANSFER,2614000.0
T00018958,A0001672,2025-09-01,DEPOSIT,4707000.0
T00018959,A0000248,2026-01-01,DEPOSIT,4418000.0
T00018960,A0000724,2026-06-29,WITHDRAWAL,3749000.0
T00018961,A0001270,2025-12-13,DEPOSIT,67000.0
T00018962,A0001003,2025-08-11,WITHDRAWAL,667000.0
T00018963,A0000063,2025-06-09,DEPOSIT,2094000.0
T00018964,A0000002,2025-03-07,DEPOSIT,374000.0
T00018965,A0001383,2025-02-03,DEPOSIT,23000.0
T00018966,A0000685,2025-02-02,WITHDRAWAL,3249000.0
T00018967,A0000256,2025-05-19,DEPOSIT,4994000.0
T00018968,A0001133,2025-01-01,TRANSFER,2799000.0
T00018969,A0000286,2026-02-27,WITHDRAWAL,1228000.0
T00018970,A0000021,2026-07-18,TRANSFER,3975000.0
T00018971,A0001629,2025-05-04,TRANSFER,2426000.0
T00018972,A0000404,2025-09-26,DEPOSIT,1481000.0
T00018973,A0000451,2025-04-19,WITHDRAWAL,2893000.0
T00018974,A0000352,2025-03-04,TRANSFER,2702000.0
T00018975,A0000709,2025-02-01,DEPOSIT,4861000.0
T00018976,A0000297,2026-06-12,TRANSFER,451000.0
T00018977,A0000142,2025-11-21,DEPOSIT,1904000.0
T00018978,A0001170,2026-02-03,WITHDRAWAL,4921000.0
T00018979,A0000506,2025-02-14,DEPOSIT,2522000.0
T00018980,A0000369,2025-03-10,TRANSFER,3031000.0
T00018981,A0001560,2026-03-14,WITHDRAWAL,1740000.0
T00018982,A0001160,2025-01-15,WITHDRAWAL,2335000.0
T00018983,A0001308,2025-09-24,WITHDRAWAL,3484000.0
T00018984,A0000394,2025-01-17,DEPOSIT,3110000.0
T00018985,A0001493,2026-05-28,WITHDRAWAL,2860000.0
T00018986,A0000791,2025-08-20,WITHDRAWAL,3100000.0
T00018987,A0000698,2025-05-20,WITHDRAWAL,1051000.0
T00018988,A0000697,2026-03-28,WITHDRAWAL,973000.0
T00018989,A0000637,2025-12-03,WITHDRAWAL,2683000.0
T00018990,A0001367,2025-02-20,WITHDRAWAL,3561000.0
T00018991,A0001680,2025-03-30,WITHDRAWAL,596000.0
T00018992,A0001127,2025-12-19,WITHDRAWAL,1836000.0
T00018993,A0001787,2026-08-21,WITHDRAWAL,3349000.0
T00018994,A0001106,2026-02-26,WITHDRAWAL,3300000.0
T00018995,A0001493,2026-02-09,WITHDRAWAL,982000.0
T00018996,A0000267,2025-03-24,TRANSFER,227000.0
T00018997,A0000038,2026-03-28,DEPOSIT,1522000.0
T00018998,A0001436,2025-04-24,TRANSFER,4817000.0
T00018999,A0000973,2026-04-17,DEPOSIT,1835000.0
T00019000,A0000533,2025-05-08,TRANSFER,3974000.0
T00019001,A0000447,2026-07-24,DEPOSIT,4822000.0
T00019002,A0001582,2025-09-26,DEPOSIT,2096000.0
T00019003,A0001071,2025-02-11,TRANSFER,4993000.0
T00019004,A0000945,2025-08-14,DEPOSIT,3322000.0
T00019005,A0001549,2025-03-31,DEPOSIT,934000.0
T00019006,A0001343,2026-05-12,WITHDRAWAL,4884000.0
T00019007,A0001464,2025-12-03,WITHDRAWAL,2810000.0
T00019008,A0001430,2025-11-05,DEPOSIT,4043000.0
T00019009,A0001180,2025-01-27,TRANSFER,2870000.0
T00019010,A0001793,2025-10-03,DEPOSIT,2918000.0
T00019011,A0000804,2025-01-28,TRANSFER,671000.0
T00019012,A0000680,2026-06-02,TRANSFER,893000.0
T00019013,A0001037,2026-07-30,TRANSFER,4945000.0
T00019014,A0000967,2026-08-11,TRANSFER,4007000.0
T00019015,A0000302,2026-07-14,TRANSFER,3919000.0
T00019016,A0000089,2025-10-29,DEPOSIT,2821000.0
T00019017,A0001673,2025-08-03,WITHDRAWAL,4930000.0
T00019018,A0000528,2025-05-30,WITHDRAWAL,1437000.0
T00019019,A0001231,2026-02-07,WITHDRAWAL,213000.0
T00019020,A0001369,2025-08-21,DEPOSIT,3022000.0
T00019021,A0000866,2026-06-23,WITHDRAWAL,57000.0
T00019022,A0001480,2026-08-05,DEPOSIT,4248000.0
T00019023,A0001177,2025-09-20,TRANSFER,593000.0
T00019024,A0000645,2025-02-06,DEPOSIT,1410000.0
T00019025,A0000497,2026-02-21,WITHDRAWAL,2139000.0
T00019026,A0000875,2026-08-31,TRANSFER,2157000.0
T00019027,A0001607,2025-10-25,DEPOSIT,2532000.0
T00019028,A0001088,2026-02-22,TRANSFER,3652000.0
T00019029,A0000796,2026-03-28,WITHDRAWAL,2665000.0
T00019030,A0001575,2025-08-13,DEPOSIT,828000.0
T00019031,A0001166,2025-10-06,TRANSFER,1443000.0
T00019032,A0000003,2025-04-17,DEPOSIT,3524000.0
T00019033,A0000949,2026-02-19,DEPOSIT,3235000.0
T00019034,A0001164,2026-08-16,TRANSFER,3767000.0
T00019035,A0001249,2025-03-26,TRANSFER,1522000.0
T00019036,A0000969,2025-01-05,TRANSFER,3544000.0
T00019037,A0000921,2026-04-19,TRANSFER,1162000.0
T00019038,A0001186,2026-01-08,TRANSFER,2394000.0
T00019039,A0000358,2026-05-09,WITHDRAWAL,2719000.0
T00019040,A0001637,2025-12-23,TRANSFER,1299000.0
T00019041,A0000152,2026-04-15,WITHDRAWAL,4864000.0
T00019042,A0000393,2025-12-10,TRANSFER,3764000.0
T00019043,A0000241,2026-05-02,TRANSFER,3383000.0
T00019044,A0001373,2026-02-19,DEPOSIT,152000.0
T00019045,A0001611,2025-09-22,TRANSFER,3059000.0
T00019046,A0001071,2025-05-07,DEPOSIT,4243000.0
T00019047,A0000612,2026-06-08,TRANSFER,1215000.0
T00019048,A0001525,2025-10-07,DEPOSIT,4248000.0
T00019049,A0001097,2026-05-23,WITHDRAWAL,3151000.0
T00019050,A0000230,2025-08-01,DEPOSIT,3077000.0
T00019051,A0001406,2025-09-20,DEPOSIT,1343000.0
T00019052,A0000377,2026-01-29,TRANSFER,3963000.0
T00019053,A0001229,2026-01-28,TRANSFER,1932000.0
T00019054,A0000148,2025-08-17,DEPOSIT,326000.0
T00019055,A0000253,2025-01-12,WITHDRAWAL,123000.0
T00019056,A0000960,2026-07-06,DEPOSIT,491000.0
T00019057,A0000577,2025-09-15,WITHDRAWAL,4301000.0
T00019058,A0000023,2025-02-21,WITHDRAWAL,4224000.0
T00019059,A0001299,2025-12-31,DEPOSIT,611000.0
T00019060,A0001406,2025-02-04,TRANSFER,3433000.0
T00019061,A0000007,2025-12-29,WITHDRAWAL,2539000.0
T00019062,A0000835,2025-11-29,TRANSFER,4379000.0
T00019063,A0001356,2025-12-15,WITHDRAWAL,2622000.0
T00019064,A0001588,2025-03-04,WITHDRAWAL,2246000.0
T00019065,A0001773,2026-01-24,DEPOSIT,83000.0
T00019066,A0000423,2025-01-19,TRANSFER,2212000.0
T00019067,A0000022,2025-08-14,TRANSFER,3823000.0
T00019068,A0001474,2025-07-25,TRANSFER,2207000.0
T00019069,A0000435,2026-02-10,WITHDRAWAL,501000.0
T00019070,A0001438,2025-05-31,TRANSFER,4122000.0
T00019071,A0000308,2025-06-20,TRANSFER,449000.0
T00019072,A0001150,2025-10-12,TRANSFER,4692000.0
T00019073,A0001210,2025-07-09,DEPOSIT,3370000.0
T00019074,A0000137,2025-05-25,DEPOSIT,2642000.0
T00019075,A0001378,2025-03-21,TRANSFER,2117000.0
T00019076,A0001057,2025-02-03,WITHDRAWAL,3153000.0
T00019077,A0001252,2025-03-16,TRANSFER,2207000.0
T00019078,A0000757,2026-08-01,TRANSFER,424000.0
T00019079,A0000989,2026-03-09,WITHDRAWAL,1994000.0
T00019080,A0001679,2026-07-08,TRANSFER,1668000.0
T00019081,A0001703,2026-08-26,DEPOSIT,3975000.0
T00019082,A0000642,2025-11-09,TRANSFER,1081000.0
T00019083,A0001314,2025-12-14,WITHDRAWAL,959000.0
T00019084,A0000444,2025-07-31,TRANSFER,2655000.0
T00019085,A0001456,2025-09-01,TRANSFER,2155000.0
T00019086,A0001232,2026-08-17,WITHDRAWAL,1512000.0
T00019087,A0000708,2026-06-25,TRANSFER,1002000.0
T00019088,A0001354,2026-02-05,DEPOSIT,4497000.0
T00019089,A0000543,2025-07-28,TRANSFER,1291000.0
T00019090,A0000926,2026-06-23,TRANSFER,3525000.0
T00019091,A0000545,2026-04-01,TRANSFER,195000.0
T00019092,A0000916,2025-12-29,WITHDRAWAL,2545000.0
T00019093,A0001755,2026-03-02,TRANSFER,4258000.0
T00019094,A0001295,2025-06-04,WITHDRAWAL,166000.0
T00019095,A0001370,2026-06-17,DEPOSIT,738000.0
T00019096,A0000953,2025-09-26,TRANSFER,4278000.0
T00019097,A0001441,2025-10-28,TRANSFER,340000.0
T00019098,A0001662,2025-08-11,WITHDRAWAL,2963000.0
T00019099,A0000092,2025-10-01,TRANSFER,554000.0
T00019100,A0000816,2026-05-08,WITHDRAWAL,1393000.0
T00019101,A0001779,2025-12-27,DEPOSIT,2623000.0
T00019102,A0000508,2025-05-29,WITHDRAWAL,1019000.0
T00019103,A0000533,2025-03-02,DEPOSIT,2883000.0
T00019104,A0001075,2025-10-07,WITHDRAWAL,1627000.0
T00019105,A0000376,2025-05-24,DEPOSIT,444000.0
T00019106,A0000336,2025-10-26,TRANSFER,351000.0
T00019107,A0001771,2025-08-05,WITHDRAWAL,1666000.0
T00019108,A0000174,2026-08-07,WITHDRAWAL,311000.0
T00019109,A0000554,2025-09-10,WITHDRAWAL,609000.0
T00019110,A0001762,2026-08-05,DEPOSIT,3180000.0
T00019111,A0000435,2026-03-01,DEPOSIT,868000.0
T00019112,A0001406,2026-05-16,DEPOSIT,875000.0
T00019113,A0000147,2025-12-02,TRANSFER,3687000.0
T00019114,A0000345,2025-11-26,TRANSFER,801000.0
T00019115,A0000042,2025-01-12,DEPOSIT,3939000.0
T00019116,A0001681,2025-03-09,WITHDRAWAL,2706000.0
T00019117,A0001375,2026-05-11,WITHDRAWAL,3878000.0
T00019118,A0000954,2025-05-05,TRANSFER,331000.0
T00019119,A0000827,2025-01-01,WITHDRAWAL,3641000.0
T00019120,A0000312,2025-07-17,WITHDRAWAL,2758000.0
T00019121,A0000833,2025-02-14,DEPOSIT,4290000.0
T00019122,A0000583,2025-03-09,TRANSFER,2296000.0
T00019123,A0000752,2026-05-21,DEPOSIT,530000.0
T00019124,A0001215,2026-08-09,TRANSFER,4976000.0
T00019125,A0001004,2026-02-06,TRANSFER,4945000.0
T00019126,A0000597,2026-08-14,WITHDRAWAL,1825000.0
T00019127,A0000309,2025-09-19,DEPOSIT,2632000.0
T00019128,A0001743,2025-11-29,DEPOSIT,909000.0
T00019129,A0001650,2025-01-16,TRANSFER,901000.0
T00019130,A0000037,2026-05-22,TRANSFER,2989000.0
T00019131,A0000348,2026-04-28,DEPOSIT,4389000.0
T00019132,A0001130,2026-06-28,DEPOSIT,647000.0
T00019133,A0001551,2026-08-31,DEPOSIT,3340000.0
T00019134,A0000798,2025-11-08,TRANSFER,2961000.0
T00019135,A0000783,2025-06-19,DEPOSIT,4298000.0
T00019136,A0001544,2026-03-04,DEPOSIT,4852000.0
T00019137,A0001750,2026-04-20,DEPOSIT,1726000.0
T00019138,A0000998,2026-07-06,DEPOSIT,2160000.0
T00019139,A0001063,2025-02-12,WITHDRAWAL,2560000.0
T00019140,A0001304,2025-03-11,DEPOSIT,964000.0
T00019141,A0000031,2025-03-22,DEPOSIT,4591000.0
T00019142,A0000402,2026-08-17,DEPOSIT,4746000.0
T00019143,A0001772,2025-12-30,TRANSFER,4144000.0
T00019144,A0000201,2026-03-09,WITHDRAWAL,220000.0
T00019145,A0001599,2026-08-16,DEPOSIT,4696000.0
T00019146,A0001118,2026-05-17,WITHDRAWAL,4315000.0
T00019147,A0000335,2025-03-04,DEPOSIT,3781000.0
T00019148,A0000502,2026-08-04,TRANSFER,4968000.0
T00019149,A0001262,2026-06-16,TRANSFER,844000.0
T00019150,A0001452,2025-11-29,TRANSFER,1465000.0
T00019151,A0001423,2026-01-31,WITHDRAWAL,3766000.0
T00019152,A0001390,2026-06-05,DEPOSIT,4332000.0
T00019153,A0000986,2026-03-03,DEPOSIT,3372000.0
T00019154,A0001611,2025-07-26,DEPOSIT,1076000.0
T00019155,A0000593,2025-07-11,TRANSFER,801000.0
T00019156,A0001760,2025-04-17,DEPOSIT,767000.0
T00019157,A0000181,2025-06-05,WITHDRAWAL,3171000.0
T00019158,A0000097,2025-03-07,TRANSFER,4745000.0
T00019159,A0000101,2026-02-21,DEPOSIT,2578000.0
T00019160,A0001373,2025-04-04,TRANSFER,2626000.0
T00019161,A0000728,2026-03-22,DEPOSIT,4968000.0
T00019162,A0001286,2025-12-22,WITHDRAWAL,2213000.0
T00019163,A0001501,2025-08-31,TRANSFER,1327000.0
T00019164,A0001614,2025-01-30,TRANSFER,3167000.0
T00019165,A0000616,2025-01-30,TRANSFER,1321000.0
T00019166,A0001164,2025-06-22,TRANSFER,1017000.0
T00019167,A0000632,2026-04-08,DEPOSIT,1432000.0
T00019168,A0001712,2026-01-03,WITHDRAWAL,4310000.0
T00019169,A0000716,2025-06-06,DEPOSIT,2388000.0
T00019170,A0000283,2026-06-26,TRANSFER,1948000.0
T00019171,A0000031,2025-02-13,DEPOSIT,541000.0
T00019172,A0000310,2025-06-25,DEPOSIT,224000.0
T00019173,A0000637,2025-09-16,WITHDRAWAL,4702000.0
T00019174,A0000611,2025-05-31,DEPOSIT,1804000.0
T00019175,A0000845,2025-03-02,WITHDRAWAL,4419000.0
T00019176,A0001411,2026-08-30,TRANSFER,180000.0
T00019177,A0001748,2026-03-08,WITHDRAWAL,557000.0
T00019178,A0000560,2026-05-30,TRANSFER,3564000.0
T00019179,A0001528,2026-08-11,TRANSFER,126000.0
T00019180,A0000934,2026-05-31,WITHDRAWAL,2362000.0
T00019181,A0001114,2025-06-08,DEPOSIT,2499000.0
T00019182,A0000477,2026-01-01,TRANSFER,1454000.0
T00019183,A0001229,2025-09-20,WITHDRAWAL,1766000.0
T00019184,A0000818,2025-10-04,TRANSFER,4164000.0
T00019185,A0000906,2026-04-15,TRANSFER,730000.0
T00019186,A0000168,2026-08-02,TRANSFER,1240000.0
T00019187,A0000033,2025-01-24,DEPOSIT,1887000.0
T00019188,A0001561,2025-11-01,TRANSFER,2931000.0
T00019189,A0000853,2025-05-13,DEPOSIT,3451000.0
T00019190,A0001181,2025-08-19,WITHDRAWAL,534000.0
T00019191,A0000525,2025-12-29,DEPOSIT,941000.0
T00019192,A0000558,2026-01-05,WITHDRAWAL,388000.0
T00019193,A0000559,2026-02-08,WITHDRAWAL,2487000.0
T00019194,A0000436,2025-08-08,WITHDRAWAL,896000.0
T00019195,A0000009,2025-08-17,TRANSFER,1135000.0
T00019196,A0001662,2025-12-27,WITHDRAWAL,386000.0
T00019197,A0001052,2025-12-22,DEPOSIT,4100000.0
T00019198,A0001334,2026-06-05,TRANSFER,270000.0
T00019199,A0000178,2025-04-09,TRANSFER,4890000.0
T00019200,A0001197,2025-02-09,WITHDRAWAL,2036000.0
T00019201,A0001688,2025-11-18,WITHDRAWAL,2193000.0
T00019202,A0001622,2025-12-07,WITHDRAWAL,788000.0
T00019203,A0000436,2025-08-26,DEPOSIT,2258000.0
T00019204,A0001499,2026-07-25,TRANSFER,4217000.0
T00019205,A0001563,2026-06-28,DEPOSIT,2302000.0
T00019206,A0001186,2025-10-07,TRANSFER,3319000.0
T00019207,A0000333,2025-05-07,WITHDRAWAL,2161000.0
T00019208,A0001507,2025-11-13,TRANSFER,2326000.0
T00019209,A0000515,2025-01-06,TRANSFER,2841000.0
T00019210,A0000516,2025-07-15,TRANSFER,1560000.0
T00019211,A0000609,2025-11-07,DEPOSIT,775000.0
T00019212,A0000340,2025-02-06,WITHDRAWAL,2088000.0
T00019213,A0000423,2025-09-25,WITHDRAWAL,3998000.0
T00019214,A0000447,2026-01-30,WITHDRAWAL,2396000.0
T00019215,A0001609,2025-12-31,WITHDRAWAL,1200000.0
T00019216,A0000803,2025-05-23,WITHDRAWAL,4225000.0
T00019217,A0000607,2026-01-06,DEPOSIT,2443000.0
T00019218,A0001440,2025-03-27,DEPOSIT,2295000.0
T00019219,A0001153,2025-04-08,DEPOSIT,3049000.0
T00019220,A0001368,2026-06-08,TRANSFER,4157000.0
T00019221,A0000207,2025-12-03,TRANSFER,3091000.0
T00019222,A0001792,2025-05-31,WITHDRAWAL,1749000.0
T00019223,A0000064,2025-05-03,TRANSFER,4180000.0
T00019224,A0001146,2025-11-12,TRANSFER,334000.0
T00019225,A0000580,2025-04-20,TRANSFER,3246000.0
T00019226,A0000822,2025-01-28,WITHDRAWAL,2910000.0
T00019227,A0001113,2025-10-20,WITHDRAWAL,217000.0
T00019228,A0000836,2025-07-28,DEPOSIT,946000.0
T00019229,A0000458,2025-04-12,DEPOSIT,1514000.0
T00019230,A0000218,2025-07-16,DEPOSIT,593000.0
T00019231,A0000071,2025-08-15,WITHDRAWAL,4967000.0
T00019232,A0000693,2026-02-07,WITHDRAWAL,610000.0
T00019233,A0001516,2025-11-08,TRANSFER,1734000.0
T00019234,A0000451,2026-05-16,WITHDRAWAL,972000.0
T00019235,A0001493,2025-12-22,WITHDRAWAL,381000.0
T00019236,A0001218,2026-03-28,WITHDRAWAL,2847000.0
T00019237,A0001781,2025-07-20,DEPOSIT,4434000.0
T00019238,A0000534,2026-02-03,WITHDRAWAL,1705000.0
T00019239,A0000128,2025-04-14,TRANSFER,2016000.0
T00019240,A0000041,2025-01-27,DEPOSIT,2610000.0
T00019241,A0001539,2026-08-30,DEPOSIT,72000.0
T00019242,A0000238,2026-03-31,DEPOSIT,1971000.0
T00019243,A0001582,2025-06-07,TRANSFER,276000.0
T00019244,A0001676,2025-04-08,WITHDRAWAL,620000.0
T00019245,A0000869,2026-02-23,WITHDRAWAL,3541000.0
T00019246,A0001704,2025-12-27,WITHDRAWAL,2815000.0
T00019247,A0000263,2026-05-20,TRANSFER,4442000.0
T00019248,A0000917,2026-08-28,DEPOSIT,4340000.0
T00019249,A0000721,2026-08-27,WITHDRAWAL,2797000.0
T00019250,A0001257,2025-03-16,TRANSFER,512000.0
T00019251,A0001494,2026-06-29,WITHDRAWAL,3174000.0
T00019252,A0000466,2025-02-05,WITHDRAWAL,4421000.0
T00019253,A0001312,2025-02-04,DEPOSIT,3920000.0
T00019254,A0000782,2025-03-11,WITHDRAWAL,2053000.0
T00019255,A0000246,2025-12-30,TRANSFER,4381000.0
T00019256,A0001686,2026-06-23,TRANSFER,2219000.0
T00019257,A0000839,2026-08-16,DEPOSIT,2219000.0
T00019258,A0001778,2025-12-14,WITHDRAWAL,952000.0
T00019259,A0001366,2025-03-26,WITHDRAWAL,3664000.0
T00019260,A0000051,2026-05-26,DEPOSIT,939000.0
T00019261,A0000590,2025-01-14,DEPOSIT,4329000.0
T00019262,A0001072,2026-01-26,DEPOSIT,4341000.0
T00019263,A0000012,2025-11-24,DEPOSIT,655000.0
T00019264,A0000138,2026-05-19,DEPOSIT,1077000.0
T00019265,A0001572,2025-07-18,WITHDRAWAL,3635000.0
T00019266,A0001724,2026-01-31,DEPOSIT,2638000.0
T00019267,A0000716,2026-01-15,WITHDRAWAL,605000.0
T00019268,A0000755,2026-07-16,TRANSFER,236000.0
T00019269,A0001727,2026-03-15,DEPOSIT,1651000.0
T00019270,A0000686,2026-05-10,TRANSFER,3150000.0
T00019271,A0001351,2025-03-07,WITHDRAWAL,1549000.0
T00019272,A0000294,2025-08-19,DEPOSIT,1102000.0
T00019273,A0001381,2025-12-31,TRANSFER,2549000.0
T00019274,A0001064,2025-04-14,DEPOSIT,3030000.0
T00019275,A0000155,2026-06-07,WITHDRAWAL,4923000.0
T00019276,A0000407,2025-11-17,DEPOSIT,2255000.0
T00019277,A0000169,2026-01-31,WITHDRAWAL,43000.0
T00019278,A0000142,2026-02-22,WITHDRAWAL,3146000.0
T00019279,A0001726,2025-02-27,TRANSFER,2274000.0
T00019280,A0001737,2025-01-26,TRANSFER,3949000.0
T00019281,A0000106,2025-04-15,WITHDRAWAL,1420000.0
T00019282,A0000894,2026-05-29,TRANSFER,3048000.0
T00019283,A0000509,2026-01-04,DEPOSIT,4826000.0
T00019284,A0001271,2026-02-06,WITHDRAWAL,2549000.0
T00019285,A0000759,2025-07-09,DEPOSIT,2839000.0
T00019286,A0001672,2025-03-06,WITHDRAWAL,4231000.0
T00019287,A0001553,2025-02-14,WITHDRAWAL,1216000.0
T00019288,A0000697,2025-08-10,DEPOSIT,844000.0
T00019289,A0000668,2025-05-18,DEPOSIT,4685000.0
T00019290,A0001106,2025-06-03,WITHDRAWAL,4214000.0
T00019291,A0000524,2026-01-09,WITHDRAWAL,372000.0
T00019292,A0000594,2025-07-18,TRANSFER,470000.0
T00019293,A0001107,2025-07-21,TRANSFER,4770000.0
T00019294,A0000840,2025-12-03,WITHDRAWAL,4417000.0
T00019295,A0000275,2026-06-19,WITHDRAWAL,4862000.0
T00019296,A0000324,2025-02-12,DEPOSIT,3364000.0
T00019297,A0001300,2026-08-07,DEPOSIT,1291000.0
T00019298,A0000398,2025-06-22,WITHDRAWAL,4976000.0
T00019299,A0000028,2025-10-24,TRANSFER,2250000.0
T00019300,A0000111,2025-05-20,TRANSFER,2236000.0
T00019301,A0000949,2025-10-08,TRANSFER,4033000.0
T00019302,A0001283,2026-02-22,TRANSFER,4701000.0
T00019303,A0000101,2026-03-27,TRANSFER,4343000.0
T00019304,A0000698,2025-05-29,TRANSFER,924000.0
T00019305,A0001133,2026-01-25,TRANSFER,537000.0
T00019306,A0001505,2026-04-27,WITHDRAWAL,734000.0
T00019307,A0001763,2026-07-25,DEPOSIT,2050000.0
T00019308,A0000146,2026-08-12,TRANSFER,1522000.0
T00019309,A0000724,2026-08-06,TRANSFER,4710000.0
T00019310,A0000976,2025-09-22,TRANSFER,4980000.0
T00019311,A0000245,2026-04-11,DEPOSIT,139000.0
T00019312,A0000190,2026-01-14,DEPOSIT,1281000.0
T00019313,A0000943,2025-07-18,WITHDRAWAL,476000.0
T00019314,A0001318,2026-02-15,WITHDRAWAL,3851000.0
T00019315,A0001534,2025-04-21,WITHDRAWAL,868000.0
T00019316,A0000239,2025-12-25,DEPOSIT,1942000.0
T00019317,A0000515,2026-04-26,DEPOSIT,2200000.0
T00019318,A0001199,2025-05-25,DEPOSIT,387000.0
T00019319,A0001243,2025-03-01,DEPOSIT,151000.0
T00019320,A0000222,2026-06-05,TRANSFER,2055000.0
T00019321,A0001447,2025-04-18,WITHDRAWAL,700000.0
T00019322,A0001331,2026-01-15,DEPOSIT,1748000.0
T00019323,A0001473,2026-07-16,TRANSFER,2240000.0
T00019324,A0000541,2025-01-29,DEPOSIT,4783000.0
T00019325,A0001193,2026-04-04,TRANSFER,2367000.0
T00019326,A0001700,2025-12-22,DEPOSIT,4335000.0
T00019327,A0000328,2026-01-10,WITHDRAWAL,2136000.0
T00019328,A0000436,2026-07-13,WITHDRAWAL,3798000.0
T00019329,A0000569,2025-02-10,TRANSFER,2807000.0
T00019330,A0001260,2025-11-18,DEPOSIT,662000.0
T00019331,A0000737,2025-07-25,TRANSFER,3406000.0
T00019332,A0000817,2026-06-23,DEPOSIT,3213000.0
T00019333,A0001530,2025-04-17,WITHDRAWAL,1975000.0
T00019334,A0000227,2026-03-19,WITHDRAWAL,1457000.0
T00019335,A0001089,2025-06-23,TRANSFER,2673000.0
T00019336,A0000413,2025-08-13,DEPOSIT,924000.0
T00019337,A0000008,2025-11-22,TRANSFER,622000.0
T00019338,A0000720,2025-01-17,TRANSFER,2866000.0
T00019339,A0001750,2025-09-03,TRANSFER,4873000.0
T00019340,A0001449,2026-07-10,DEPOSIT,768000.0
T00019341,A0000424,2026-02-21,TRANSFER,195000.0
T00019342,A0001247,2025-07-05,TRANSFER,1907000.0
T00019343,A0000186,2025-09-06,DEPOSIT,4485000.0
T00019344,A0000969,2025-07-05,DEPOSIT,3256000.0
T00019345,A0000988,2025-08-16,WITHDRAWAL,599000.0
T00019346,A0001683,2026-05-13,DEPOSIT,1052000.0
T00019347,A0001264,2025-12-28,DEPOSIT,1465000.0
T00019348,A0000187,2026-07-16,WITHDRAWAL,3367000.0
T00019349,A0000476,2025-03-04,TRANSFER,1904000.0
T00019350,A0001065,2026-06-28,WITHDRAWAL,1750000.0
T00019351,A0000873,2026-02-11,TRANSFER,2029000.0
T00019352,A0001236,2026-01-01,DEPOSIT,1191000.0
T00019353,A0001769,2026-07-23,DEPOSIT,646000.0
T00019354,A0000074,2025-02-01,WITHDRAWAL,4482000.0
T00019355,A0000489,2026-05-14,TRANSFER,1626000.0
T00019356,A0000461,2025-03-05,TRANSFER,4955000.0
T00019357,A0000109,2026-02-28,WITHDRAWAL,4673000.0
T00019358,A0001756,2025-09-18,WITHDRAWAL,2832000.0
T00019359,A0001271,2026-07-19,TRANSFER,2779000.0
T00019360,A0000782,2026-08-30,DEPOSIT,3179000.0
T00019361,A0000537,2025-07-29,DEPOSIT,3474000.0
T00019362,A0000355,2025-09-22,DEPOSIT,177000.0
T00019363,A0001468,2025-09-08,DEPOSIT,531000.0
T00019364,A0000714,2025-09-26,DEPOSIT,253000.0
T00019365,A0001646,2025-12-10,DEPOSIT,2867000.0
T00019366,A0000088,2026-01-07,DEPOSIT,2495000.0
T00019367,A0000957,2025-01-25,TRANSFER,1267000.0
T00019368,A0001602,2025-05-12,DEPOSIT,3187000.0
T00019369,A0001093,2025-11-03,TRANSFER,3985000.0
T00019370,A0000401,2025-10-18,WITHDRAWAL,4992000.0
T00019371,A0000276,2025-03-17,DEPOSIT,2957000.0
T00019372,A0000720,2026-06-13,TRANSFER,3310000.0
T00019373,A0001451,2025-05-22,TRANSFER,196000.0
T00019374,A0000210,2026-04-03,WITHDRAWAL,4109000.0
T00019375,A0001198,2026-06-02,DEPOSIT,160000.0
T00019376,A0001142,2026-01-27,WITHDRAWAL,614000.0
T00019377,A0000772,2025-01-01,DEPOSIT,2151000.0
T00019378,A0000572,2026-03-27,TRANSFER,1157000.0
T00019379,A0000824,2026-04-04,TRANSFER,3621000.0
T00019380,A0000787,2025-10-11,WITHDRAWAL,2778000.0
T00019381,A0001499,2026-01-29,DEPOSIT,3316000.0
T00019382,A0000931,2026-07-31,DEPOSIT,2502000.0
T00019383,A0001335,2026-08-29,DEPOSIT,3040000.0
T00019384,A0000622,2025-07-18,DEPOSIT,4758000.0
T00019385,A0001027,2025-08-17,TRANSFER,1057000.0
T00019386,A0000007,2025-04-04,TRANSFER,981000.0
T00019387,A0000332,2026-07-30,DEPOSIT,596000.0
T00019388,A0001578,2025-11-27,TRANSFER,3283000.0
T00019389,A0001041,2025-07-15,DEPOSIT,982000.0
T00019390,A0000398,2025-12-03,TRANSFER,3210000.0
T00019391,A0001548,2025-04-03,DEPOSIT,2473000.0
T00019392,A0001656,2026-06-15,TRANSFER,4026000.0
T00019393,A0001375,2026-08-17,WITHDRAWAL,2566000.0
T00019394,A0000426,2025-03-11,DEPOSIT,2176000.0
T00019395,A0000417,2025-01-16,WITHDRAWAL,726000.0
T00019396,A0000308,2025-02-27,DEPOSIT,3213000.0
T00019397,A0001471,2025-07-26,WITHDRAWAL,67000.0
T00019398,A0001706,2025-05-21,DEPOSIT,3191000.0
T00019399,A0000250,2026-03-15,DEPOSIT,2474000.0
T00019400,A0000333,2025-08-05,WITHDRAWAL,864000.0
T00019401,A0001201,2026-08-05,TRANSFER,1677000.0
T00019402,A0000395,2026-05-02,WITHDRAWAL,3679000.0
T00019403,A0000667,2026-05-27,WITHDRAWAL,1807000.0
T00019404,A0000456,2025-07-14,DEPOSIT,3311000.0
T00019405,A0000071,2025-04-09,TRANSFER,2925000.0
T00019406,A0001466,2025-05-05,DEPOSIT,3159000.0
T00019407,A0000770,2025-02-07,WITHDRAWAL,2303000.0
T00019408,A0001068,2025-06-21,DEPOSIT,1014000.0
T00019409,A0001257,2026-01-28,DEPOSIT,3537000.0
T00019410,A0001659,2026-01-06,TRANSFER,713000.0
T00019411,A0000809,2026-03-31,DEPOSIT,2546000.0
T00019412,A0000891,2025-07-02,DEPOSIT,2757000.0
T00019413,A0001749,2025-01-06,DEPOSIT,2377000.0
T00019414,A0000279,2026-04-17,WITHDRAWAL,1823000.0
T00019415,A0000638,2026-06-07,DEPOSIT,413000.0
T00019416,A0000955,2025-07-06,WITHDRAWAL,3622000.0
T00019417,A0001441,2025-09-13,WITHDRAWAL,3683000.0
T00019418,A0001256,2026-08-11,DEPOSIT,3197000.0
T00019419,A0000456,2026-05-02,DEPOSIT,2080000.0
T00019420,A0001316,2026-02-13,TRANSFER,2597000.0
T00019421,A0001661,2025-03-14,TRANSFER,3901000.0
T00019422,A0001557,2025-12-25,WITHDRAWAL,1912000.0
T00019423,A0001701,2025-04-23,TRANSFER,2558000.0
T00019424,A0001101,2026-07-01,DEPOSIT,1043000.0
T00019425,A0001132,2025-01-03,DEPOSIT,3160000.0
T00019426,A0001448,2025-03-27,DEPOSIT,4549000.0
T00019427,A0000366,2026-04-15,DEPOSIT,1210000.0
T00019428,A0000091,2025-09-07,DEPOSIT,3643000.0
T00019429,A0000849,2025-10-04,WITHDRAWAL,2092000.0
T00019430,A0001040,2026-06-24,WITHDRAWAL,3733000.0
T00019431,A0001541,2026-02-01,DEPOSIT,1038000.0
T00019432,A0001116,2025-04-05,DEPOSIT,3441000.0
T00019433,A0000147,2025-08-30,DEPOSIT,268000.0
T00019434,A0001771,2025-01-22,WITHDRAWAL,3717000.0
T00019435,A0001691,2025-09-30,TRANSFER,1085000.0
T00019436,A0000216,2026-03-27,DEPOSIT,3021000.0
T00019437,A0000283,2026-02-05,TRANSFER,2001000.0
T00019438,A0000047,2026-02-06,TRANSFER,4342000.0
T00019439,A0000158,2025-09-11,WITHDRAWAL,281000.0
T00019440,A0000625,2026-01-12,TRANSFER,3153000.0
T00019441,A0000001,2025-11-24,WITHDRAWAL,1219000.0
T00019442,A0001402,2026-07-10,TRANSFER,1589000.0
T00019443,A0001657,2025-10-23,TRANSFER,625000.0
T00019444,A0000430,2025-01-03,WITHDRAWAL,3608000.0
T00019445,A0001139,2026-03-03,TRANSFER,4128000.0
T00019446,A0000256,2025-03-17,DEPOSIT,2857000.0
T00019447,A0001342,2026-08-07,TRANSFER,1795000.0
T00019448,A0000217,2026-01-03,WITHDRAWAL,1674000.0
T00019449,A0000297,2025-06-08,WITHDRAWAL,190000.0
T00019450,A0000174,2025-05-08,WITHDRAWAL,1550000.0
T00019451,A0000128,2026-08-23,DEPOSIT,3526000.0
T00019452,A0000752,2025-01-12,TRANSFER,4773000.0
T00019453,A0000704,2026-04-03,DEPOSIT,939000.0
T00019454,A0001185,2025-03-11,DEPOSIT,430000.0
T00019455,A0001786,2026-04-28,TRANSFER,356000.0
T00019456,A0000372,2026-05-13,TRANSFER,125000.0
T00019457,A0001490,2025-03-31,WITHDRAWAL,4879000.0
T00019458,A0000235,2026-01-02,WITHDRAWAL,436000.0
T00019459,A0001010,2025-03-13,TRANSFER,2745000.0
T00019460,A0000722,2025-08-21,WITHDRAWAL,3671000.0
T00019461,A0001256,2025-01-09,DEPOSIT,2126000.0
T00019462,A0000052,2026-06-24,TRANSFER,4854000.0
T00019463,A0001136,2026-06-22,TRANSFER,1694000.0
T00019464,A0001094,2025-05-14,WITHDRAWAL,4197000.0
T00019465,A0000554,2026-03-18,WITHDRAWAL,1686000.0
T00019466,A0000232,2026-08-17,WITHDRAWAL,280000.0
T00019467,A0001707,2026-07-06,DEPOSIT,1736000.0
T00019468,A0000502,2025-09-05,WITHDRAWAL,688000.0
T00019469,A0001404,2026-01-13,WITHDRAWAL,3002000.0
T00019470,A0000357,2026-04-04,DEPOSIT,152000.0
T00019471,A0001697,2025-11-02,WITHDRAWAL,4520000.0
T00019472,A0000694,2026-01-12,DEPOSIT,1208000.0
T00019473,A0000836,2026-01-20,TRANSFER,2832000.0
T00019474,A0001145,2026-02-02,DEPOSIT,2999000.0
T00019475,A0001254,2026-07-17,TRANSFER,772000.0
T00019476,A0000556,2026-03-10,WITHDRAWAL,3991000.0
T00019477,A0001493,2025-12-25,DEPOSIT,951000.0
T00019478,A0001760,2026-07-22,DEPOSIT,3397000.0
T00019479,A0000138,2025-11-16,WITHDRAWAL,3804000.0
T00019480,A0000004,2025-07-23,WITHDRAWAL,3851000.0
T00019481,A0001672,2025-11-26,DEPOSIT,2582000.0
T00019482,A0000115,2025-04-09,DEPOSIT,1461000.0
T00019483,A0000864,2025-09-15,TRANSFER,1713000.0
T00019484,A0001451,2025-08-07,DEPOSIT,42000.0
T00019485,A0001778,2025-02-03,DEPOSIT,65000.0
T00019486,A0001523,2025-03-26,TRANSFER,3841000.0
T00019487,A0001015,2026-06-01,DEPOSIT,962000.0
T00019488,A0000413,2025-05-14,TRANSFER,2626000.0
T00019489,A0001609,2025-07-17,TRANSFER,3329000.0
T00019490,A0000290,2026-06-02,DEPOSIT,4270000.0
T00019491,A0000073,2026-06-20,DEPOSIT,1480000.0
T00019492,A0000270,2025-04-14,DEPOSIT,3571000.0
T00019493,A0000445,2025-08-03,WITHDRAWAL,3554000.0
T00019494,A0001236,2025-07-02,WITHDRAWAL,3621000.0
T00019495,A0000310,2025-03-15,WITHDRAWAL,897000.0
T00019496,A0000293,2025-03-21,TRANSFER,1520000.0
T00019497,A0001286,2025-01-28,TRANSFER,3224000.0
T00019498,A0000694,2025-06-14,WITHDRAWAL,2584000.0
T00019499,A0000828,2025-05-28,TRANSFER,4674000.0
T00019500,A0001114,2026-08-14,WITHDRAWAL,2574000.0
T00019501,A0000155,2025-04-28,DEPOSIT,4656000.0
T00019502,A0000573,2026-07-06,WITHDRAWAL,4100000.0
T00019503,A0000973,2026-06-21,WITHDRAWAL,2156000.0
T00019504,A0001236,2026-05-10,DEPOSIT,1221000.0
T00019505,A0000211,2025-02-22,WITHDRAWAL,4730000.0
T00019506,A0001165,2025-04-28,TRANSFER,2270000.0
T00019507,A0000100,2025-11-27,WITHDRAWAL,1710000.0
T00019508,A0001670,2025-11-28,WITHDRAWAL,3941000.0
T00019509,A0001632,2026-07-23,WITHDRAWAL,3378000.0
T00019510,A0001037,2026-06-07,TRANSFER,2587000.0
T00019511,A0001736,2026-02-24,TRANSFER,2204000.0
T00019512,A0000869,2025-01-30,WITHDRAWAL,3216000.0
T00019513,A0000303,2025-05-01,WITHDRAWAL,3476000.0
T00019514,A0000704,2025-07-18,DEPOSIT,3981000.0
T00019515,A0001034,2025-06-18,TRANSFER,3942000.0
T00019516,A0001408,2025-08-27,WITHDRAWAL,4229000.0
T00019517,A0001790,2025-10-03,WITHDRAWAL,1749000.0
T00019518,A0001448,2026-01-04,DEPOSIT,1017000.0
T00019519,A0000894,2026-08-19,TRANSFER,4257000.0
T00019520,A0000955,2025-08-01,DEPOSIT,1579000.0
T00019521,A0000469,2026-05-04,TRANSFER,3205000.0
T00019522,A0000911,2025-11-20,TRANSFER,2895000.0
T00019523,A0000414,2025-09-16,DEPOSIT,3065000.0
T00019524,A0001135,2026-06-17,DEPOSIT,322000.0
T00019525,A0001390,2026-06-04,TRANSFER,3473000.0
T00019526,A0001100,2025-12-30,WITHDRAWAL,4735000.0
T00019527,A0000131,2026-05-29,WITHDRAWAL,1385000.0
T00019528,A0000815,2026-02-11,WITHDRAWAL,1768000.0
T00019529,A0001389,2025-11-17,WITHDRAWAL,136000.0
T00019530,A0000554,2025-10-30,WITHDRAWAL,127000.0
T00019531,A0000983,2025-12-30,DEPOSIT,3873000.0
T00019532,A0001570,2025-09-06,WITHDRAWAL,110000.0
T00019533,A0000803,2025-12-30,WITHDRAWAL,4927000.0
T00019534,A0001128,2025-07-14,WITHDRAWAL,905000.0
T00019535,A0001581,2026-08-20,WITHDRAWAL,1408000.0
T00019536,A0000458,2025-05-05,TRANSFER,454000.0
T00019537,A0000540,2025-01-20,TRANSFER,2854000.0
T00019538,A0000359,2025-03-17,WITHDRAWAL,3928000.0
T00019539,A0000918,2025-11-09,DEPOSIT,3428000.0
T00019540,A0000372,2026-03-20,WITHDRAWAL,3751000.0
T00019541,A0001184,2026-06-06,WITHDRAWAL,480000.0
T00019542,A0001211,2025-08-22,TRANSFER,3126000.0
T00019543,A0001193,2025-09-25,DEPOSIT,4890000.0
T00019544,A0000766,2025-01-23,TRANSFER,4956000.0
T00019545,A0000537,2025-08-25,DEPOSIT,4046000.0
T00019546,A0000697,2025-08-17,WITHDRAWAL,4752000.0
T00019547,A0000784,2026-06-30,WITHDRAWAL,3913000.0
T00019548,A0001015,2026-06-24,TRANSFER,3836000.0
T00019549,A0000202,2025-04-21,DEPOSIT,1696000.0
T00019550,A0000830,2026-02-16,DEPOSIT,842000.0
T00019551,A0000584,2025-04-27,WITHDRAWAL,3299000.0
T00019552,A0000039,2025-03-12,WITHDRAWAL,1928000.0
T00019553,A0000512,2025-12-26,DEPOSIT,3377000.0
T00019554,A0001698,2026-02-05,WITHDRAWAL,3194000.0
T00019555,A0000221,2026-07-05,WITHDRAWAL,3102000.0
T00019556,A0001045,2025-01-27,DEPOSIT,829000.0
T00019557,A0000009,2025-08-19,DEPOSIT,2883000.0
T00019558,A0000874,2025-06-14,WITHDRAWAL,999000.0
T00019559,A0001276,2025-01-09,TRANSFER,2580000.0
T00019560,A0000248,2026-01-19,WITHDRAWAL,1334000.0
T00019561,A0001159,2026-05-27,DEPOSIT,2892000.0
T00019562,A0000811,2025-08-04,WITHDRAWAL,349000.0
T00019563,A0000279,2025-07-24,WITHDRAWAL,317000.0
T00019564,A0001593,2025-08-12,TRANSFER,1448000.0
T00019565,A0001093,2026-04-19,TRANSFER,2835000.0
T00019566,A0000671,2026-02-02,WITHDRAWAL,4691000.0
T00019567,A0000142,2025-05-25,WITHDRAWAL,3796000.0
T00019568,A0001197,2025-01-11,TRANSFER,2518000.0
T00019569,A0000806,2026-07-06,WITHDRAWAL,9000.0
T00019570,A0000758,2025-12-04,WITHDRAWAL,4260000.0
T00019571,A0000853,2025-06-13,WITHDRAWAL,3001000.0
T00019572,A0000734,2026-08-13,WITHDRAWAL,1442000.0
T00019573,A0000118,2026-06-11,TRANSFER,90000.0
T00019574,A0001301,2026-02-24,DEPOSIT,4371000.0
T00019575,A0001691,2025-04-20,DEPOSIT,2945000.0
T00019576,A0000212,2025-09-02,DEPOSIT,866000.0
T00019577,A0001609,2026-08-16,WITHDRAWAL,2198000.0
T00019578,A0000619,2026-05-02,DEPOSIT,1474000.0
T00019579,A0001232,2025-05-25,TRANSFER,3248000.0
T00019580,A0001226,2026-05-17,WITHDRAWAL,786000.0
T00019581,A0001781,2025-08-24,TRANSFER,2731000.0
T00019582,A0001450,2025-02-28,TRANSFER,4591000.0
T00019583,A0000844,2025-10-12,DEPOSIT,4301000.0
T00019584,A0000008,2026-02-20,WITHDRAWAL,3505000.0
T00019585,A0000329,2026-05-30,TRANSFER,268000.0
T00019586,A0000027,2026-03-27,WITHDRAWAL,385000.0
T00019587,A0001560,2025-02-19,TRANSFER,2883000.0
T00019588,A0000488,2026-04-17,DEPOSIT,2121000.0
T00019589,A0001411,2025-05-25,WITHDRAWAL,2998000.0
T00019590,A0001078,2025-07-21,WITHDRAWAL,3481000.0
T00019591,A0001572,2026-01-03,TRANSFER,4525000.0
T00019592,A0000606,2025-11-08,DEPOSIT,4265000.0
T00019593,A0001113,2025-05-27,WITHDRAWAL,3885000.0
T00019594,A0000586,2025-08-09,TRANSFER,2218000.0
T00019595,A0001630,2025-06-30,DEPOSIT,4162000.0
T00019596,A0000581,2026-01-16,TRANSFER,2530000.0
T00019597,A0001511,2025-02-22,DEPOSIT,2111000.0
T00019598,A0000564,2026-08-27,WITHDRAWAL,1867000.0
T00019599,A0001795,2026-02-03,WITHDRAWAL,3546000.0
T00019600,A0000138,2025-01-22,DEPOSIT,4410000.0
T00019601,A0000911,2025-11-14,DEPOSIT,4748000.0
T00019602,A0000084,2026-01-01,WITHDRAWAL,678000.0
T00019603,A0001054,2025-04-28,TRANSFER,1799000.0
T00019604,A0000580,2026-01-15,TRANSFER,2211000.0
T00019605,A0000295,2026-06-02,TRANSFER,2518000.0
T00019606,A0000422,2026-02-25,WITHDRAWAL,308000.0
T00019607,A0001733,2026-08-20,TRANSFER,3818000.0
T00019608,A0000035,2025-09-27,DEPOSIT,3309000.0
T00019609,A0000847,2025-01-23,DEPOSIT,1738000.0
T00019610,A0001160,2025-06-30,DEPOSIT,3207000.0
T00019611,A0000442,2025-06-06,TRANSFER,1842000.0
T00019612,A0001483,2025-08-02,DEPOSIT,2598000.0
T00019613,A0000370,2025-02-18,TRANSFER,3039000.0
T00019614,A0001234,2026-04-22,TRANSFER,509000.0
T00019615,A0000732,2026-06-23,DEPOSIT,3212000.0
T00019616,A0000832,2026-06-21,TRANSFER,4519000.0
T00019617,A0000433,2025-09-15,TRANSFER,1266000.0
T00019618,A0001394,2025-08-05,WITHDRAWAL,735000.0
T00019619,A0001182,2025-08-01,DEPOSIT,3470000.0
T00019620,A0001081,2025-01-23,WITHDRAWAL,4578000.0
T00019621,A0000148,2025-06-23,DEPOSIT,3223000.0
T00019622,A0000862,2026-07-12,DEPOSIT,1343000.0
T00019623,A0000388,2025-04-04,WITHDRAWAL,4792000.0
T00019624,A0001202,2025-08-14,DEPOSIT,626000.0
T00019625,A0000572,2026-03-17,TRANSFER,4680000.0
T00019626,A0001407,2026-03-25,WITHDRAWAL,3073000.0
T00019627,A0000839,2026-08-31,TRANSFER,3520000.0
T00019628,A0001002,2025-12-01,WITHDRAWAL,1427000.0
T00019629,A0001609,2025-10-22,WITHDRAWAL,387000.0
T00019630,A0000682,2025-09-03,WITHDRAWAL,1770000.0
T00019631,A0001073,2025-06-26,DEPOSIT,983000.0
T00019632,A0000295,2025-11-14,DEPOSIT,1144000.0
T00019633,A0001135,2025-06-12,DEPOSIT,4469000.0
T00019634,A0001359,2025-03-16,WITHDRAWAL,3358000.0
T00019635,A0001315,2025-03-27,TRANSFER,924000.0
T00019636,A0000154,2025-08-19,TRANSFER,2170000.0
T00019637,A0000728,2026-04-08,WITHDRAWAL,3548000.0
T00019638,A0000635,2025-01-23,TRANSFER,3932000.0
T00019639,A0000460,2026-08-27,TRANSFER,3005000.0
T00019640,A0000859,2026-08-10,TRANSFER,1860000.0
T00019641,A0001460,2026-05-16,TRANSFER,4709000.0
T00019642,A0001322,2025-05-11,TRANSFER,3101000.0
T00019643,A0001120,2025-09-21,WITHDRAWAL,719000.0
T00019644,A0001746,2025-08-04,DEPOSIT,4767000.0
T00019645,A0001699,2025-08-18,TRANSFER,2250000.0
T00019646,A0001362,2025-05-24,TRANSFER,2743000.0
T00019647,A0000692,2026-04-25,DEPOSIT,2895000.0
T00019648,A0000384,2026-03-23,DEPOSIT,438000.0
T00019649,A0001327,2025-09-16,DEPOSIT,3446000.0
T00019650,A0000818,2026-06-16,DEPOSIT,2411000.0
T00019651,A0000349,2026-01-18,WITHDRAWAL,1648000.0
T00019652,A0000259,2026-03-10,WITHDRAWAL,3165000.0
T00019653,A0001514,2025-02-15,DEPOSIT,4470000.0
T00019654,A0000270,2026-08-27,DEPOSIT,849000.0
T00019655,A0000281,2025-06-12,WITHDRAWAL,428000.0
T00019656,A0000426,2026-03-05,DEPOSIT,787000.0
T00019657,A0001767,2025-12-20,WITHDRAWAL,170000.0
T00019658,A0001692,2025-09-08,TRANSFER,2334000.0
T00019659,A0001286,2025-04-21,WITHDRAWAL,1167000.0
T00019660,A0000154,2025-06-26,DEPOSIT,1840000.0
T00019661,A0000603,2026-02-08,DEPOSIT,1369000.0
T00019662,A0001496,2025-04-24,TRANSFER,4888000.0
T00019663,A0000442,2025-01-03,WITHDRAWAL,2687000.0
T00019664,A0000447,2026-08-30,WITHDRAWAL,3426000.0
T00019665,A0000938,2025-08-06,DEPOSIT,4929000.0
T00019666,A0000629,2025-10-14,DEPOSIT,1790000.0
T00019667,A0000512,2025-02-22,WITHDRAWAL,751000.0
T00019668,A0000409,2025-02-24,WITHDRAWAL,1406000.0
T00019669,A0000404,2026-08-02,WITHDRAWAL,3483000.0
T00019670,A0001031,2026-06-21,WITHDRAWAL,4289000.0
T00019671,A0001740,2025-08-08,TRANSFER,1831000.0
T00019672,A0001723,2025-09-22,TRANSFER,4649000.0
T00019673,A0001248,2026-01-02,TRANSFER,1284000.0
T00019674,A0000707,2025-01-31,WITHDRAWAL,3066000.0
T00019675,A0001074,2025-12-18,WITHDRAWAL,1703000.0
T00019676,A0000975,2025-02-14,TRANSFER,1667000.0
T00019677,A0001143,2025-08-24,WITHDRAWAL,315000.0
T00019678,A0000838,2026-03-16,WITHDRAWAL,1524000.0
T00019679,A0001263,2025-10-22,WITHDRAWAL,1107000.0
T00019680,A0000461,2025-12-09,WITHDRAWAL,64000.0
T00019681,A0001700,2026-03-20,TRANSFER,3783000.0
T00019682,A0000158,2025-12-04,DEPOSIT,1715000.0
T00019683,A0000952,2026-07-30,DEPOSIT,2125000.0
T00019684,A0001141,2026-02-11,DEPOSIT,80000.0
T00019685,A0001477,2026-03-25,TRANSFER,4784000.0
T00019686,A0000585,2026-02-18,DEPOSIT,2144000.0
T00019687,A0001041,2025-03-26,WITHDRAWAL,3890000.0
T00019688,A0001579,2025-09-04,TRANSFER,447000.0
T00019689,A0001240,2025-10-15,DEPOSIT,3906000.0
T00019690,A0000373,2026-04-17,WITHDRAWAL,2934000.0
T00019691,A0001232,2026-05-19,WITHDRAWAL,16000.0
T00019692,A0001506,2026-08-26,TRANSFER,2031000.0
T00019693,A0000610,2025-01-13,WITHDRAWAL,1779000.0
T00019694,A0000336,2026-06-04,TRANSFER,1144000.0
T00019695,A0001440,2026-08-22,TRANSFER,468000.0
T00019696,A0001067,2025-08-09,DEPOSIT,4171000.0
T00019697,A0000681,2025-06-18,TRANSFER,4915000.0
T00019698,A0000891,2025-09-13,TRANSFER,4824000.0
T00019699,A0000074,2025-03-31,TRANSFER,4107000.0
T00019700,A0001214,2025-07-12,DEPOSIT,1622000.0
T00019701,A0001707,2026-05-02,WITHDRAWAL,1561000.0
T00019702,A0001136,2025-10-06,WITHDRAWAL,1033000.0
T00019703,A0001499,2025-03-30,WITHDRAWAL,566000.0
T00019704,A0001190,2026-05-15,DEPOSIT,3017000.0
T00019705,A0000969,2025-08-07,WITHDRAWAL,1367000.0
T00019706,A0000895,2026-03-07,TRANSFER,2847000.0
T00019707,A0001160,2025-12-22,WITHDRAWAL,3716000.0
T00019708,A0000020,2025-07-09,WITHDRAWAL,2416000.0
T00019709,A0001074,2026-06-22,WITHDRAWAL,4414000.0
T00019710,A0000929,2025-04-07,TRANSFER,807000.0
T00019711,A0001261,2026-07-26,TRANSFER,4145000.0
T00019712,A0001561,2026-08-12,DEPOSIT,890000.0
T00019713,A0000708,2025-09-29,DEPOSIT,3547000.0
T00019714,A0001465,2025-08-13,WITHDRAWAL,1138000.0
T00019715,A0000908,2025-02-18,TRANSFER,2155000.0
T00019716,A0001502,2026-04-03,DEPOSIT,3190000.0
T00019717,A0000906,2026-07-20,TRANSFER,3594000.0
T00019718,A0001435,2025-06-20,DEPOSIT,439000.0
T00019719,A0001508,2025-01-26,TRANSFER,4389000.0
T00019720,A0001649,2025-10-31,WITHDRAWAL,4162000.0
T00019721,A0001341,2026-01-24,TRANSFER,3770000.0
T00019722,A0000726,2025-06-09,DEPOSIT,2887000.0
T00019723,A0000339,2026-05-23,TRANSFER,2063000.0
T00019724,A0000955,2026-05-03,WITHDRAWAL,3184000.0
T00019725,A0000433,2025-09-03,DEPOSIT,1224000.0
T00019726,A0000303,2026-05-03,TRANSFER,331000.0
T00019727,A0001757,2026-06-29,WITHDRAWAL,2226000.0
T00019728,A0000529,2025-02-14,TRANSFER,4619000.0
T00019729,A0000434,2026-08-01,TRANSFER,2577000.0
T00019730,A0001665,2025-11-13,WITHDRAWAL,2027000.0
T00019731,A0001468,2026-02-17,DEPOSIT,4662000.0
T00019732,A0001357,2025-05-24,TRANSFER,1331000.0
T00019733,A0000571,2026-05-08,DEPOSIT,933000.0
T00019734,A0001629,2026-03-11,TRANSFER,1501000.0
T00019735,A0000006,2026-05-16,WITHDRAWAL,4383000.0
T00019736,A0001398,2026-07-16,TRANSFER,2720000.0
T00019737,A0001129,2026-01-14,WITHDRAWAL,4978000.0
T00019738,A0001591,2025-04-22,WITHDRAWAL,4397000.0
T00019739,A0001577,2026-05-02,TRANSFER,2837000.0
T00019740,A0000551,2026-02-06,DEPOSIT,3947000.0
T00019741,A0000791,2025-11-03,WITHDRAWAL,2752000.0
T00019742,A0001173,2026-04-19,DEPOSIT,4863000.0
T00019743,A0000951,2025-11-04,WITHDRAWAL,755000.0
T00019744,A0000536,2025-11-15,DEPOSIT,4824000.0
T00019745,A0000416,2025-11-13,DEPOSIT,979000.0
T00019746,A0000089,2025-07-20,DEPOSIT,2183000.0
T00019747,A0000081,2025-03-18,WITHDRAWAL,3321000.0
T00019748,A0000259,2026-07-10,DEPOSIT,4760000.0
T00019749,A0000771,2025-03-27,DEPOSIT,2960000.0
T00019750,A0001052,2026-06-19,DEPOSIT,2678000.0
T00019751,A0000033,2025-10-19,TRANSFER,1958000.0
T00019752,A0001475,2025-09-16,DEPOSIT,2278000.0
T00019753,A0001552,2026-01-29,TRANSFER,2095000.0
T00019754,A0000014,2025-07-06,DEPOSIT,3902000.0
T00019755,A0001555,2026-06-29,WITHDRAWAL,1921000.0
T00019756,A0000745,2025-04-13,TRANSFER,389000.0
T00019757,A0000695,2025-05-27,DEPOSIT,3690000.0
T00019758,A0000792,2026-02-08,WITHDRAWAL,3989000.0
T00019759,A0001776,2025-01-22,TRANSFER,2090000.0
T00019760,A0000470,2026-02-01,DEPOSIT,1065000.0
T00019761,A0000515,2025-03-08,WITHDRAWAL,2486000.0
T00019762,A0000186,2026-03-15,DEPOSIT,1242000.0
T00019763,A0000049,2025-03-26,DEPOSIT,4251000.0
T00019764,A0000749,2025-02-23,TRANSFER,3848000.0
T00019765,A0000539,2026-03-18,WITHDRAWAL,4037000.0
T00019766,A0000049,2025-01-25,TRANSFER,1930000.0
T00019767,A0000599,2025-08-18,DEPOSIT,2440000.0
T00019768,A0001205,2025-06-19,WITHDRAWAL,764000.0
T00019769,A0000559,2025-06-08,TRANSFER,4262000.0
T00019770,A0000676,2026-05-24,WITHDRAWAL,1640000.0
T00019771,A0000984,2025-11-06,WITHDRAWAL,197000.0
T00019772,A0001116,2025-04-26,WITHDRAWAL,3732000.0
T00019773,A0000275,2025-08-26,WITHDRAWAL,3588000.0
T00019774,A0000099,2026-05-26,TRANSFER,4890000.0
T00019775,A0000649,2026-03-18,TRANSFER,931000.0
T00019776,A0001743,2026-01-01,WITHDRAWAL,363000.0
T00019777,A0001078,2026-06-28,WITHDRAWAL,870000.0
T00019778,A0001786,2026-03-07,TRANSFER,710000.0
T00019779,A0000254,2025-01-31,WITHDRAWAL,805000.0
T00019780,A0001445,2026-02-21,DEPOSIT,2222000.0
T00019781,A0000301,2026-04-23,WITHDRAWAL,3820000.0
T00019782,A0001205,2026-02-12,DEPOSIT,1431000.0
T00019783,A0000445,2025-04-05,TRANSFER,4127000.0
T00019784,A0000810,2025-09-02,TRANSFER,3906000.0
T00019785,A0001292,2026-06-21,WITHDRAWAL,2937000.0
T00019786,A0000621,2025-08-25,DEPOSIT,2741000.0
T00019787,A0000371,2025-09-28,DEPOSIT,740000.0
T00019788,A0001395,2026-01-02,DEPOSIT,2572000.0
T00019789,A0001562,2025-10-21,DEPOSIT,3068000.0
T00019790,A0000744,2025-10-16,DEPOSIT,2668000.0
T00019791,A0000937,2025-01-03,DEPOSIT,622000.0
T00019792,A0000452,2026-08-12,DEPOSIT,3718000.0
T00019793,A0000579,2026-01-10,DEPOSIT,4289000.0
T00019794,A0001315,2026-05-15,TRANSFER,4640000.0
T00019795,A0001412,2026-06-15,DEPOSIT,2198000.0
T00019796,A0001691,2026-01-20,DEPOSIT,4335000.0
T00019797,A0001506,2025-06-23,DEPOSIT,2906000.0
T00019798,A0000208,2025-06-17,DEPOSIT,709000.0
T00019799,A0000307,2026-08-19,TRANSFER,210000.0
T00019800,A0001628,2026-05-19,DEPOSIT,4152000.0
T00019801,A0001184,2026-08-02,TRANSFER,513000.0
T00019802,A0000029,2025-04-12,DEPOSIT,3454000.0
T00019803,A0000124,2025-10-29,DEPOSIT,1686000.0
T00019804,A0001178,2026-01-15,WITHDRAWAL,3308000.0
T00019805,A0001368,2025-08-24,DEPOSIT,4845000.0
T00019806,A0001069,2025-11-04,DEPOSIT,4619000.0
T00019807,A0001183,2025-07-30,DEPOSIT,48000.0
T00019808,A0000608,2026-07-21,TRANSFER,4956000.0
T00019809,A0001354,2025-10-15,DEPOSIT,2335000.0
T00019810,A0001014,2025-08-19,DEPOSIT,434000.0
T00019811,A0000550,2026-02-09,DEPOSIT,1087000.0
T00019812,A0000513,2026-08-06,TRANSFER,2478000.0
T00019813,A0001029,2025-12-24,WITHDRAWAL,1466000.0
T00019814,A0001547,2025-04-20,TRANSFER,4671000.0
T00019815,A0000686,2026-01-12,TRANSFER,4682000.0
T00019816,A0000917,2025-01-17,WITHDRAWAL,1148000.0
T00019817,A0000910,2025-05-29,DEPOSIT,3667000.0
T00019818,A0000625,2025-10-27,TRANSFER,4014000.0
T00019819,A0000457,2026-02-17,WITHDRAWAL,1659000.0
T00019820,A0000028,2026-07-13,TRANSFER,3878000.0
T00019821,A0000484,2025-03-07,TRANSFER,1162000.0
T00019822,A0001171,2025-04-23,TRANSFER,4944000.0
T00019823,A0000968,2025-01-15,DEPOSIT,2588000.0
T00019824,A0001491,2025-06-04,DEPOSIT,2495000.0
T00019825,A0000790,2025-09-05,DEPOSIT,1259000.0
T00019826,A0000151,2025-09-12,TRANSFER,4945000.0
T00019827,A0001472,2026-08-08,TRANSFER,1235000.0
T00019828,A0000913,2026-06-24,TRANSFER,2997000.0
T00019829,A0001030,2025-02-05,WITHDRAWAL,2964000.0
T00019830,A0000750,2025-05-04,TRANSFER,938000.0
T00019831,A0000707,2025-06-25,TRANSFER,4546000.0
T00019832,A0000896,2026-01-13,WITHDRAWAL,2237000.0
T00019833,A0000582,2026-04-22,DEPOSIT,2010000.0
T00019834,A0000304,2026-07-13,WITHDRAWAL,2253000.0
T00019835,A0000642,2025-01-12,WITHDRAWAL,1063000.0
T00019836,A0001599,2026-02-26,TRANSFER,91000.0
T00019837,A0001577,2026-07-25,WITHDRAWAL,3497000.0
T00019838,A0000324,2025-11-06,WITHDRAWAL,3572000.0
T00019839,A0000677,2026-04-17,WITHDRAWAL,2726000.0
T00019840,A0000992,2025-10-09,WITHDRAWAL,1350000.0
T00019841,A0001508,2026-07-11,TRANSFER,3140000.0
T00019842,A0001432,2025-08-14,DEPOSIT,348000.0
T00019843,A0000788,2025-07-05,WITHDRAWAL,420000.0
T00019844,A0001530,2026-08-09,DEPOSIT,3306000.0
T00019845,A0001766,2025-08-06,TRANSFER,1034000.0
T00019846,A0001349,2025-05-11,WITHDRAWAL,2849000.0
T00019847,A0000141,2026-03-05,TRANSFER,3689000.0
T00019848,A0001648,2025-10-23,DEPOSIT,1450000.0
T00019849,A0000953,2025-05-01,WITHDRAWAL,470000.0
T00019850,A0000959,2026-04-24,TRANSFER,3400000.0
T00019851,A0000344,2025-05-13,DEPOSIT,3501000.0
T00019852,A0001298,2026-06-23,TRANSFER,1101000.0
T00019853,A0001578,2025-06-28,TRANSFER,2806000.0
T00019854,A0000427,2026-01-24,WITHDRAWAL,1329000.0
T00019855,A0001616,2026-05-13,TRANSFER,3260000.0
T00019856,A0001285,2026-08-23,TRANSFER,2283000.0
T00019857,A0000708,2026-02-24,DEPOSIT,2163000.0
T00019858,A0000509,2026-08-09,WITHDRAWAL,1550000.0
T00019859,A0000540,2026-05-14,DEPOSIT,1439000.0
T00019860,A0001616,2026-08-24,TRANSFER,1601000.0
T00019861,A0000293,2025-04-14,WITHDRAWAL,2064000.0
T00019862,A0001665,2026-07-27,WITHDRAWAL,2718000.0
T00019863,A0000679,2025-08-19,WITHDRAWAL,1263000.0
T00019864,A0000228,2025-04-10,TRANSFER,184000.0
T00019865,A0000547,2026-06-16,WITHDRAWAL,1028000.0
T00019866,A0000207,2025-02-27,DEPOSIT,3511000.0
T00019867,A0000583,2026-06-11,DEPOSIT,3775000.0
T00019868,A0001653,2025-09-28,WITHDRAWAL,4922000.0
T00019869,A0000071,2025-03-05,WITHDRAWAL,4948000.0
T00019870,A0000940,2026-07-20,DEPOSIT,3418000.0
T00019871,A0000049,2025-12-30,DEPOSIT,1509000.0
T00019872,A0001177,2025-10-18,DEPOSIT,2071000.0
T00019873,A0000765,2025-12-27,TRANSFER,4148000.0
T00019874,A0000838,2025-05-18,DEPOSIT,4571000.0
T00019875,A0001204,2025-01-28,TRANSFER,1317000.0
T00019876,A0001745,2025-06-14,WITHDRAWAL,408000.0
T00019877,A0001103,2025-12-24,TRANSFER,753000.0
T00019878,A0000598,2025-06-18,WITHDRAWAL,3159000.0
T00019879,A0001119,2026-04-11,WITHDRAWAL,2405000.0
T00019880,A0001162,2026-04-11,DEPOSIT,4017000.0
T00019881,A0000294,2025-01-17,TRANSFER,4245000.0
T00019882,A0000898,2026-06-18,WITHDRAWAL,2974000.0
T00019883,A0000359,2025-12-30,DEPOSIT,2888000.0
T00019884,A0001755,2026-07-08,WITHDRAWAL,1537000.0
T00019885,A0000245,2026-08-15,WITHDRAWAL,3024000.0
T00019886,A0000773,2026-03-15,WITHDRAWAL,2980000.0
T00019887,A0000635,2026-04-23,TRANSFER,156000.0
T00019888,A0000668,2025-01-13,TRANSFER,4068000.0
T00019889,A0000566,2026-04-17,TRANSFER,2225000.0
T00019890,A0000552,2026-01-18,TRANSFER,250000.0
T00019891,A0001113,2026-08-01,WITHDRAWAL,719000.0
T00019892,A0000017,2026-03-17,DEPOSIT,847000.0
T00019893,A0000409,2025-04-15,DEPOSIT,1567000.0
T00019894,A0000056,2025-05-23,WITHDRAWAL,4039000.0
T00019895,A0000284,2026-08-01,DEPOSIT,4650000.0
T00019896,A0000130,2025-12-20,DEPOSIT,2690000.0
T00019897,A0001012,2025-08-01,DEPOSIT,1950000.0
T00019898,A0001331,2025-07-18,WITHDRAWAL,1025000.0
T00019899,A0000869,2025-11-03,DEPOSIT,3713000.0
T00019900,A0001651,2026-03-13,TRANSFER,4794000.0
T00019901,A0001595,2026-07-18,WITHDRAWAL,410000.0
T00019902,A0001500,2025-03-07,TRANSFER,1150000.0
T00019903,A0000964,2025-03-16,DEPOSIT,1353000.0
T00019904,A0000236,2026-06-21,DEPOSIT,3351000.0
T00019905,A0001709,2026-04-14,DEPOSIT,962000.0
T00019906,A0001699,2025-03-15,WITHDRAWAL,1180000.0
T00019907,A0001084,2026-01-18,TRANSFER,2072000.0
T00019908,A0001730,2025-10-22,DEPOSIT,2286000.0
T00019909,A0000890,2025-11-30,DEPOSIT,3355000.0
T00019910,A0001018,2025-04-09,WITHDRAWAL,1487000.0
T00019911,A0000218,2025-09-01,TRANSFER,1383000.0
T00019912,A0000256,2025-05-22,DEPOSIT,264000.0
T00019913,A0000924,2026-08-06,DEPOSIT,723000.0
T00019914,A0001203,2025-06-17,WITHDRAWAL,1827000.0
T00019915,A0001280,2025-04-19,TRANSFER,2272000.0
T00019916,A0000740,2026-07-21,TRANSFER,246000.0
T00019917,A0000473,2025-05-10,TRANSFER,3371000.0
T00019918,A0001134,2026-07-08,TRANSFER,1063000.0
T00019919,A0000338,2026-05-31,TRANSFER,4912000.0
T00019920,A0001505,2025-07-17,WITHDRAWAL,3074000.0
T00019921,A0001779,2025-03-22,WITHDRAWAL,1948000.0
T00019922,A0000338,2025-09-19,TRANSFER,1297000.0
T00019923,A0001168,2025-01-07,TRANSFER,1741000.0
T00019924,A0001265,2025-12-08,DEPOSIT,3980000.0
T00019925,A0000366,2025-05-09,TRANSFER,678000.0
T00019926,A0001573,2026-04-19,WITHDRAWAL,2263000.0
T00019927,A0001193,2025-10-17,WITHDRAWAL,2579000.0
T00019928,A0000029,2025-04-06,TRANSFER,3759000.0
T00019929,A0000775,2025-10-05,WITHDRAWAL,3822000.0
T00019930,A0000720,2025-04-10,TRANSFER,2153000.0
T00019931,A0000814,2025-09-27,DEPOSIT,253000.0
T00019932,A0001578,2026-08-15,DEPOSIT,1203000.0
T00019933,A0000914,2025-03-18,DEPOSIT,4635000.0
T00019934,A0001296,2025-09-05,TRANSFER,1483000.0
T00019935,A0000608,2025-02-10,DEPOSIT,4457000.0
T00019936,A0001433,2026-04-16,TRANSFER,4051000.0
T00019937,A0001041,2026-06-09,WITHDRAWAL,3445000.0
T00019938,A0001461,2025-04-18,WITHDRAWAL,2596000.0
T00019939,A0000749,2025-01-27,TRANSFER,3525000.0
T00019940,A0000218,2026-08-17,TRANSFER,1611000.0
T00019941,A0001648,2026-01-27,WITHDRAWAL,3642000.0
T00019942,A0001406,2025-05-22,TRANSFER,489000.0
T00019943,A0000091,2026-08-21,TRANSFER,4708000.0
T00019944,A0001282,2025-08-10,DEPOSIT,624000.0
T00019945,A0001630,2026-05-01,TRANSFER,2127000.0
T00019946,A0000996,2025-06-24,DEPOSIT,3183000.0
T00019947,A0001243,2026-04-29,DEPOSIT,926000.0
T00019948,A0000628,2025-03-28,DEPOSIT,148000.0
T00019949,A0000973,2026-07-08,WITHDRAWAL,511000.0
T00019950,A0001681,2025-08-27,DEPOSIT,3611000.0
T00019951,A0001579,2026-04-07,TRANSFER,1421000.0
T00019952,A0000079,2025-05-10,WITHDRAWAL,1813000.0
T00019953,A0000103,2026-06-24,TRANSFER,2099000.0
T00019954,A0001550,2025-02-16,TRANSFER,746000.0
T00019955,A0000556,2025-01-08,DEPOSIT,4172000.0
T00019956,A0000604,2025-05-04,WITHDRAWAL,2105000.0
T00019957,A0001036,2025-03-15,TRANSFER,2069000.0
T00019958,A0001231,2025-08-18,TRANSFER,1757000.0
T00019959,A0001467,2025-04-21,WITHDRAWAL,1600000.0
T00019960,A0001172,2025-10-18,DEPOSIT,1330000.0
T00019961,A0001006,2025-04-17,DEPOSIT,1526000.0
T00019962,A0001412,2025-10-11,TRANSFER,4255000.0
T00019963,A0001227,2026-05-04,TRANSFER,4790000.0
T00019964,A0000575,2026-02-16,DEPOSIT,33000.0
T00019965,A0000347,2025-09-20,TRANSFER,4766000.0
T00019966,A0001594,2025-12-05,DEPOSIT,309000.0
T00019967,A0000946,2025-11-05,TRANSFER,1776000.0
T00019968,A0000284,2026-07-27,TRANSFER,4142000.0
T00019969,A0001760,2025-02-25,DEPOSIT,1962000.0
T00019970,A0001397,2025-05-20,DEPOSIT,58000.0
T00019971,A0000665,2025-08-06,DEPOSIT,3997000.0
T00019972,A0000287,2025-11-15,TRANSFER,3172000.0
T00019973,A0000361,2026-06-06,DEPOSIT,3126000.0
T00019974,A0000159,2025-11-16,DEPOSIT,983000.0
T00019975,A0001579,2025-06-06,WITHDRAWAL,2150000.0
T00019976,A0001513,2026-04-16,DEPOSIT,4044000.0
T00019977,A0001682,2026-02-27,WITHDRAWAL,1499000.0
T00019978,A0001250,2025-12-04,TRANSFER,1035000.0
T00019979,A0000917,2025-03-30,WITHDRAWAL,3492000.0
T00019980,A0000159,2026-07-22,DEPOSIT,2712000.0
T00019981,A0000872,2026-01-02,WITHDRAWAL,4022000.0
T00019982,A0001498,2025-05-28,WITHDRAWAL,4089000.0
T00019983,A0000373,2025-06-27,TRANSFER,2509000.0
T00019984,A0001640,2025-05-23,DEPOSIT,969000.0
T00019985,A0000707,2025-11-20,WITHDRAWAL,3401000.0
T00019986,A0000941,2025-04-16,DEPOSIT,2115000.0
T00019987,A0001508,2025-11-18,WITHDRAWAL,2853000.0
T00019988,A0001035,2025-12-06,TRANSFER,4191000.0
T00019989,A0000795,2025-05-21,WITHDRAWAL,1484000.0
T00019990,A0001218,2026-02-27,WITHDRAWAL,2694000.0
T00019991,A0001463,2026-08-05,DEPOSIT,23000.0
T00019992,A0000944,2026-04-25,WITHDRAWAL,972000.0
T00019993,A0000497,2026-07-08,WITHDRAWAL,3075000.0
T00019994,A0000374,2025-04-14,DEPOSIT,1094000.0
T00019995,A0000795,2025-06-07,TRANSFER,4196000.0
T00019996,A0000284,2025-08-21,WITHDRAWAL,4719000.0
T00019997,A0000517,2025-12-15,WITHDRAWAL,120000.0
T00019998,A0001213,2025-08-14,WITHDRAWAL,2509000.0
T00019999,A0000754,2025-07-30,WITHDRAWAL,4152000.0
T00020000,A0000637,2025-01-03,WITHDRAWAL,3519000.0
T00000101,A0001082,2025-05-09,TRANSFER,4130000.0
T00000102,A0000583,2026-03-02,TRANSFER,4139000.0
T00000103,A0000219,2025-09-13,DEPOSIT,3285000.0
T00000104,A0000377,2025-10-31,DEPOSIT,4195000.0
T00000105,A0000419,2025-11-11,WITHDRAWAL,535000.0
